intaglio_depth,security_thread_visible,watermark_clarity,color_shift_ink,microprint_score,uv_fluorescence,serial_number_font,denomination,label
0.098902,0.167826,0.075872,0.006388,0.082699,0.896609,0.022906,50,0
0.166284,0.152155,0.160853,0.074739,0.099081,0.835843,0.047251,20,0
0.148134,0.170222,0.172276,0.051246,0.132439,0.822417,0.021422,500,1
0.172904,0.185825,0.072872,0.018351,0.085985,0.815476,0.010935,500,1
0.201326,0.172186,0.184447,0.031598,0.159188,0.821539,0.030153,500,1
0.149426,0.221743,0.190892,0.028167,0.100275,0.797044,0.012751,200,0
0.161019,0.162465,0.162203,0.144739,0.276545,0.831958,0.067782,100,1
0.145044,0.143367,0.174353,0.161295,0.295728,0.844164,0.073223,20,1
0.109559,0.192964,0.130967,0.023852,0.114512,0.812928,0.028163,50,0
0.134755,0.197705,0.14183,0.046096,0.088744,0.783221,0.018109,20,0
0.102955,0.198487,0.166103,0.043876,0.121427,0.817024,0.034936,500,0
0.121531,0.12811,0.022729,0.035244,0.082668,0.86439,0.014049,200,0
0.165106,0.167242,0.1274,0.087363,0.136443,0.790767,0.032115,100,1
0.123211,0.285092,0.120668,0.068913,0.103009,0.757668,0.024911,50,0
0.121497,0.144463,0.140753,0.02217,0.149194,0.853215,0.068916,10,0
0.144563,0.147329,0.156354,0.019917,0.10893,0.862331,0.020796,200,0
0.185552,0.154041,0.018288,0.069587,0.054604,0.84873,0.01304,100,0
0.175498,0.196888,0.106699,0.005069,0.155969,0.813811,0.029747,2000,0
0.137681,0.128847,0.128781,0.049324,0.102781,0.846379,0.017089,500,0
0.111767,0.157347,0.254282,0.082968,0.132871,0.791748,0.024897,10,1
0.102332,0.08768,0.060137,0.009442,0.008763,0.900665,0.005397,10,1
0.196067,0.199152,0.186608,0.073384,0.209246,0.695262,0.046282,20,1
0.121107,0.286069,0.144447,0.049791,0.160245,0.695858,0.012961,2000,0
0.183143,0.243504,0.279557,0.054044,0.16677,0.736691,0.030737,200,0
0.20231,0.322407,0.333388,0.028728,0.076313,0.688278,0.006454,2000,0
0.123191,0.106976,0.115206,0.032767,0.070677,0.88117,0.024048,50,0
0.155805,0.170147,0.1521,0.113756,0.215041,0.841983,0.040801,50,0
0.147859,0.15928,0.117472,0.117636,0.133646,0.853517,0.060871,10,1
0.160814,0.140961,0.031688,0.014203,0.088948,0.873335,0.014174,50,0
0.181617,0.158615,0.147917,0.053925,0.079265,0.781516,0.018308,10,0
0.16148,0.152516,0.195836,0.036114,0.04714,0.82386,0.018968,50,0
0.123406,0.118669,0.106236,0.052726,0.097562,0.865946,0.018255,500,0
0.098404,0.141371,0.119039,0.023891,0.073773,0.866756,0.018708,50,0
0.158621,0.170538,0.041669,0.04936,0.110779,0.813431,0.02097,100,0
0.234285,0.197129,0.098067,0.05657,0.082666,0.804539,0.008137,2000,0
0.17892,0.126564,0.051629,0.045763,0.071641,0.872653,0.009242,10,0
0.243168,0.272176,0.147949,0.015595,0.079866,0.76092,0.024233,10,0
0.105729,0.074647,0.089883,0.035186,0.023725,0.911416,0.016454,100,0
0.161532,0.245925,0.147193,0.021346,0.136751,0.793703,0.007414,20,0
0.13192,0.171325,0.116936,0.007823,0.124744,0.856572,0.024181,500,0
0.144689,0.153917,0.151624,0.08378,0.109252,0.835585,0.046944,500,1
0.162491,0.152968,0.031805,0.056735,0.101654,0.812975,0.024825,10,0
0.189537,0.210703,0.067066,0.049197,0.103052,0.82105,0.016235,10,0
0.249152,0.23217,0.240942,0.013794,0.10107,0.748424,0.028105,2000,0
0.067523,0.123854,0.088418,0.009955,0.018379,0.885327,0.002113,2000,0
0.157198,0.173753,0.043922,0.014379,0.028659,0.833933,0.006384,10,0
0.089163,0.067832,0.057438,0.05443,0.087836,0.82803,0.018419,200,0
0.132376,0.106426,0.120089,0.01536,0.075933,0.890504,0.008355,50,0
0.145879,0.157686,0.208873,0.122708,0.222599,0.799763,0.049384,50,1
0.136001,0.140447,0.214795,0.069966,0.141208,0.778616,0.020931,10,1
0.13819,0.148936,0.114665,0.031837,0.049523,0.878225,0.020201,20,0
0.137758,0.243214,0.235696,0.039179,0.086957,0.762585,0.013025,200,0
0.153134,0.157411,0.137318,0.105458,0.190507,0.8473,0.048601,20,0
0.113146,0.186859,0.042929,0.021547,0.064338,0.838855,0.018692,500,0
0.103564,0.134727,0.093435,0.057642,0.108311,0.85887,0.016432,100,0
0.15591,0.156763,0.133182,0.025206,0.081317,0.719646,0.009035,500,1
0.148959,0.114084,0.162107,0.006769,0.101376,0.850762,0.027131,20,0
0.217645,0.257574,0.27491,0.070335,0.132886,0.75078,0.015666,20,0
0.161194,0.211918,0.162048,0.027362,0.137353,0.720579,0.021319,20,0
0.134011,0.140139,0.201038,0.148359,0.259514,0.778132,0.070626,10,1
0.158004,0.151491,0.10868,0.025567,0.115526,0.863748,0.007521,500,1
0.114403,0.10569,0.090233,0.12075,0.191099,0.878621,0.043712,50,0
0.088017,0.09699,0.094078,0.046238,0.097587,0.854097,0.024077,2000,1
0.172017,0.173012,0.037555,0.007906,0.075149,0.859252,0.016528,20,0
0.080572,0.11909,0.116331,0.023568,0.083435,0.838406,0.011796,100,0
0.138246,0.156384,0.170684,0.004283,0.064223,0.829147,0.018706,10,0
0.102765,0.102881,0.111462,0.051423,0.077101,0.893326,0.003191,50,0
0.211935,0.180853,0.057206,0.056389,0.048296,0.831901,0.0281,10,0
0.106505,0.097468,0.113386,0.085146,0.096833,0.881073,0.043742,20,1
0.091788,0.07555,0.057731,0.015677,0.024713,0.913954,0.013517,20,0
0.084087,0.204688,0.112182,0.043974,0.091901,0.814119,0.015185,10,0
0.2471,0.260861,0.073626,0.02117,0.076729,0.773584,0.028565,50,0
0.140181,0.154658,0.205505,0.085456,0.074307,0.82124,0.034804,500,1
0.199131,0.21073,0.187153,0.136746,0.210575,0.790445,0.055293,500,1
0.145711,0.149072,0.108666,0.085484,0.135749,0.868414,0.005555,50,0
0.126858,0.120155,0.13765,0.067358,0.081634,0.882157,0.003542,20,0
0.148853,0.183678,0.229075,0.138015,0.242329,0.750073,0.061883,100,0
0.134032,0.241531,0.189908,0.040764,0.126051,0.771297,0.025369,50,0
0.06469,0.155561,0.079798,0.024026,0.015898,0.83435,0.007223,100,0
0.125411,0.132881,0.172676,0.037154,0.107505,0.803375,0.032459,2000,0
0.17794,0.147144,0.096363,0.013864,0.091118,0.837294,0.008737,500,1
0.092519,0.089853,0.232237,0.055013,0.095842,0.81591,0.025635,10,0
0.143422,0.220647,0.18126,0.026286,0.078364,0.758979,0.019336,500,1
0.116937,0.153503,0.068173,0.022394,0.101601,0.878003,0.017242,100,0
0.191427,0.220236,0.164854,0.042633,0.114074,0.787438,0.028586,10,0
0.108448,0.085173,0.148151,0.114404,0.139401,0.830058,0.034826,100,0
0.168708,0.154783,0.149542,0.082758,0.111773,0.793642,0.026538,200,0
0.160499,0.190311,0.278364,0.053669,0.062586,0.730789,0.017066,500,1
0.145659,0.166982,0.186383,0.092652,0.162023,0.798544,0.031101,20,1
0.288165,0.268687,0.05448,0.007656,0.074291,0.742508,0.027576,50,0
0.08007,0.097807,0.084565,0.017149,0.078767,0.914941,0.015792,100,0
0.168341,0.143168,0.129908,0.056761,0.10964,0.797643,0.029027,50,0
0.126183,0.155249,0.214539,0.150936,0.288153,0.789168,0.075731,100,1
0.075141,0.092359,0.094025,0.019573,0.071614,0.807441,0.020174,10,0
0.152118,0.198616,0.087577,0.006794,0.114436,0.849612,0.007364,20,0
0.1289,0.086087,0.052706,0.040989,0.037229,0.851769,0.015024,10,0
0.137758,0.10359,0.050654,0.045131,0.070773,0.868472,0.012922,100,0
0.177993,0.186758,0.104493,0.049701,0.076428,0.834515,0.022275,200,1
0.137104,0.143109,0.022405,0.049478,0.094302,0.868729,0.003608,100,0
0.172288,0.18861,0.192201,0.057979,0.132414,0.767772,0.015316,100,0
0.160497,0.16993,0.177569,0.076914,0.131461,0.808073,0.048664,500,0
0.140124,0.132562,0.187658,0.104523,0.113542,0.756083,0.05072,10,1
0.100976,0.101771,0.084585,0.026831,0.070013,0.900595,0.005517,50,0
0.140026,0.089051,0.116208,0.060475,0.179247,0.876945,0.054349,50,0
0.114313,0.197166,0.139127,0.014194,0.080235,0.822108,0.008326,20,0
0.138661,0.168096,0.13022,0.067231,0.189381,0.82973,0.035298,200,0
0.100305,0.108883,0.104422,0.098669,0.063482,0.879628,0.027812,100,1
0.097177,0.174537,0.15213,0.055378,0.054932,0.792268,0.016486,100,0
0.092852,0.091204,0.102625,0.036851,0.088752,0.853173,0.014126,200,0
0.13106,0.163743,0.09797,0.054311,0.086368,0.857186,0.034183,20,0
0.124969,0.191687,0.161365,0.007771,0.067099,0.818793,0.006479,500,1
0.220585,0.186098,0.0132,0.024029,0.092431,0.832498,0.023425,10,0
0.210629,0.243825,0.191006,0.016737,0.119644,0.7881,0.013828,50,0
0.171221,0.217239,0.249612,0.02207,0.122094,0.743803,0.012642,10,0
0.156499,0.140145,0.105999,0.102521,0.127656,0.748545,0.028121,10,0
0.110874,0.072597,0.118326,0.01396,0.0589,0.864384,0.017762,200,0
0.182119,0.132805,0.219933,0.086948,0.17388,0.787346,0.052881,2000,1
0.157069,0.157745,0.014592,0.098257,0.220032,0.847627,0.058006,2000,0
0.159087,0.206574,0.146801,0.019716,0.100046,0.748305,0.023575,500,1
0.246496,0.239272,0.068962,0.004887,0.016589,0.757786,0.006017,500,0
0.073371,0.138733,0.119456,0.025336,0.06836,0.834106,0.016594,10,0
0.100498,0.16052,0.175935,0.084123,0.122802,0.817842,0.038744,200,0
0.141143,0.174464,0.052476,0.039869,0.08646,0.845411,0.014087,2000,0
0.157924,0.141299,0.125361,0.024081,0.078279,0.805895,0.016534,500,1
0.134223,0.145866,0.137099,0.006104,0.03486,0.849929,0.012446,20,0
0.133334,0.119229,0.146164,0.101827,0.110844,0.833539,0.047489,200,1
0.122456,0.192432,0.097201,0.060583,0.143192,0.790599,0.028598,200,0
0.25702,0.216136,0.192836,0.036935,0.137617,0.7643,0.038847,20,0
0.09479,0.098758,0.11438,0.015288,0.080956,0.887418,0.026976,10,0
0.094102,0.112791,0.077881,0.076981,0.086315,0.891668,0.036495,20,1
0.08263,0.112483,0.132455,0.002108,0.056077,0.867595,0.015404,500,1
0.145211,0.111407,0.144153,0.017152,0.03197,0.799421,0.015603,100,1
0.11821,0.090735,0.130632,0.05528,0.078684,0.879817,0.029202,200,0
0.174958,0.208606,0.017372,0.005702,0.023863,0.831774,0.003243,10,0
0.170611,0.145681,0.110855,0.014244,0.079743,0.79848,0.014708,200,0
0.08182,0.0899,0.094299,0.012149,0.057024,0.87755,0.015447,10,0
0.177805,0.235381,0.131484,0.031449,0.089406,0.77695,0.01605,100,0
0.151716,0.172901,0.184717,0.018416,0.085961,0.724486,0.031538,100,1
0.124341,0.113118,0.083653,0.079188,0.139623,0.876887,0.039411,10,0
0.129649,0.142546,0.132283,0.008583,0.072834,0.861873,0.017807,20,0
0.111777,0.121913,0.217172,0.022606,0.031592,0.827203,0.004469,500,1
0.206957,0.240592,0.347988,0.090726,0.157879,0.692989,0.030229,20,1
0.11177,0.110593,0.105198,0.015476,0.060322,0.893575,0.018518,50,0
0.141438,0.15214,0.144359,0.099498,0.198682,0.830772,0.043102,2000,0
0.126548,0.151908,0.12464,0.06835,0.18369,0.79458,0.046998,10,1
0.105576,0.154748,0.11517,0.033929,0.11863,0.820025,0.02445,50,0
0.119366,0.10913,0.115466,0.106224,0.131137,0.865641,0.059472,10,1
0.161034,0.130086,0.094614,0.019563,0.01599,0.869667,0.007533,500,0
0.152799,0.119382,0.140624,0.090495,0.177228,0.82127,0.061255,2000,1
0.140166,0.190888,0.065819,6.9e-05,0.134264,0.86416,0.015899,50,0
0.173167,0.206772,0.078824,0.015951,0.077482,0.80106,0.007733,500,1
0.136174,0.108353,0.075697,0.040018,0.09444,0.900437,0.01585,50,0
0.133844,0.154439,0.162991,0.021318,0.135266,0.80745,0.03046,2000,0
0.166144,0.181933,0.161442,0.03913,0.11779,0.813467,0.007953,20,0
0.116837,0.135513,0.028297,0.007136,0.068845,0.840973,0.027327,20,0
0.17628,0.270602,0.156011,0.024119,0.124182,0.737899,0.029827,10,0
0.157504,0.138713,0.100053,0.016454,0.113396,0.861649,0.037362,200,0
0.140756,0.147186,0.242451,0.103485,0.264032,0.772619,0.062944,500,1
0.182442,0.225144,0.124771,0.051099,0.118644,0.82033,0.014491,10,0
0.143596,0.134846,0.163207,0.123815,0.231037,0.85599,0.04761,20,1
0.096346,0.130725,0.13517,0.106137,0.125412,0.832753,0.026017,100,0
0.121582,0.12697,0.015875,0.013722,0.026814,0.877229,0.01166,20,0
0.126818,0.169576,0.118887,0.064883,0.124009,0.840286,0.02294,20,0
0.167022,0.180436,0.141086,0.032748,0.089528,0.8295,0.016552,50,0
0.114404,0.142713,0.229196,0.109673,0.266401,0.777369,0.063543,10,1
0.159178,0.199301,0.102143,0.065377,0.142047,0.847776,0.03741,20,0
0.154094,0.207028,0.130085,0.051609,0.131122,0.800113,0.029873,20,0
0.205662,0.1611,0.218193,0.012051,0.06969,0.780411,0.022521,2000,0
0.173059,0.209559,0.150993,0.014291,0.063336,0.806514,0.01161,20,0
0.088626,0.103673,0.166262,0.068862,0.116528,0.833216,0.016966,10,0
0.178178,0.208666,0.095361,0.037261,0.065012,0.809059,0.00983,20,0
0.160919,0.173796,0.261255,0.060688,0.130678,0.735119,0.033763,2000,1
0.122107,0.1675,0.105536,0.090788,0.124933,0.821179,0.036089,100,0
0.182486,0.176819,0.109294,0.10891,0.216857,0.816345,0.051611,500,1
0.242105,0.232526,0.197956,0.026148,0.080782,0.734867,0.023933,10,0
0.118849,0.158007,0.097448,0.076366,0.128403,0.739093,0.028119,200,0
0.196317,0.205987,0.382436,0.132283,0.241073,0.693431,0.04294,500,1
0.15801,0.240087,0.204097,0.011243,0.192851,0.784252,0.004938,50,0
0.138017,0.185839,0.113031,0.006867,0.099362,0.836227,0.026988,20,0
0.194221,0.203335,0.203919,0.037627,0.113874,0.777556,0.022622,100,0
0.075914,0.086736,0.094504,0.049255,0.096964,0.898763,0.027583,100,0
0.126283,0.143887,0.202259,0.05685,0.090831,0.835865,0.017331,500,1
0.09955,0.098691,0.133647,0.033462,0.083368,0.833801,0.015852,20,0
0.147731,0.246924,0.216521,0.023025,0.020294,0.751235,0.00329,20,0
0.170091,0.204894,0.35877,0.083174,0.156947,0.673624,0.024252,100,1
0.104345,0.110293,0.076956,0.0244,0.103228,0.890604,0.022336,50,0
0.186822,0.217974,0.016946,0.027787,0.133671,0.72552,0.023489,20,0
0.120125,0.111783,0.073327,0.022045,0.064318,0.858386,0.019109,50,0
0.17839,0.219155,0.103492,0.085358,0.145762,0.819168,0.031588,10,0
0.170029,0.220334,0.313892,0.060094,0.171995,0.701617,0.034929,20,1
0.144299,0.144704,0.025741,0.018759,0.022974,0.905612,0.004622,10,0
0.130299,0.114197,0.206797,0.025102,0.118665,0.804654,0.038548,50,0
0.089923,0.083717,0.087904,0.042916,0.047328,0.857116,0.015237,10,0
0.108417,0.105048,0.128468,0.018183,0.012243,0.88132,0.002384,50,0
0.143265,0.17531,0.212183,0.017161,0.060017,0.832978,0.020815,50,0
0.207467,0.265873,0.204467,0.073877,0.165994,0.767543,0.015095,500,0
0.11857,0.110727,0.103122,0.094622,0.13534,0.868244,0.011089,100,0
0.123406,0.118669,0.106236,0.052726,0.097562,0.865946,0.018255,500,0
0.138192,0.15507,0.169629,0.021933,0.063177,0.78898,0.005796,500,1
0.159021,0.155536,0.211659,0.10087,0.155753,0.805064,0.040168,500,0
0.145464,0.200755,0.278502,0.073517,0.183488,0.741912,0.033709,500,1
0.120415,0.155745,0.104183,0.06559,0.036518,0.72887,0.009963,200,1
0.229935,0.273113,0.035198,0.050573,0.155024,0.797043,0.041111,10,0
0.095804,0.13344,0.157075,0.043141,0.084548,0.794075,0.015161,500,1
0.144292,0.159692,0.140506,0.145036,0.317731,0.793865,0.091734,10,1
0.140782,0.178504,0.152096,0.047629,0.08986,0.832036,0.028483,200,1
0.171569,0.194331,0.043728,0.041604,0.099016,0.803095,0.015357,10,0
0.171862,0.215713,0.35006,0.062532,0.160078,0.679543,0.026045,200,1
0.078433,0.231348,0.097966,0.014992,0.022015,0.777113,0.005647,20,0
0.139032,0.159194,0.20861,0.024223,0.125033,0.801516,0.028343,100,1
0.102642,0.111825,0.031809,0.036325,0.086875,0.894299,0.025973,20,0
0.125864,0.140889,0.116484,0.11119,0.111112,0.854148,0.047647,10,1
0.07324,0.082241,0.088842,0.033813,0.0132,0.899519,0.006566,500,1
0.109096,0.151061,0.128461,0.057479,0.050036,0.853352,0.023471,50,0
0.121206,0.169305,0.254365,0.057838,0.145609,0.781269,0.026781,500,1
0.075434,0.087029,0.088314,0.096049,0.145814,0.895862,0.00947,10,0
0.139265,0.145709,0.260806,0.090222,0.158955,0.719115,0.019784,50,1
0.104671,0.085875,0.104529,0.050357,0.107643,0.890707,0.04104,20,0
0.1126,0.111537,0.125911,0.037879,0.127163,0.87605,0.011426,50,0
0.145412,0.143633,0.107001,0.033137,0.069265,0.840945,0.017621,20,0
0.160322,0.129916,0.187396,0.02201,0.015924,0.817777,0.012546,2000,0
0.143603,0.147627,0.151594,0.046464,0.140462,0.852831,0.037619,100,0
0.262062,0.28562,0.248619,0.0067,0.093013,0.723816,0.008639,10,0
0.106148,0.191244,0.148042,0.061267,0.122782,0.791428,0.036145,50,0
0.106461,0.033634,0.111454,0.007637,0.061274,0.887795,0.019325,20,0
0.22855,0.187629,0.142627,0.040511,0.127524,0.775142,0.02296,200,0
0.094987,0.073803,0.091357,0.017372,0.073099,0.883337,0.021384,10,0
0.169442,0.202718,0.232474,0.044263,0.091653,0.805891,0.01661,20,0
0.137574,0.194241,0.138276,0.011729,0.137684,0.782562,0.016339,50,0
0.089803,0.096016,0.113544,0.07345,0.094523,0.887153,0.038508,10,1
0.141142,0.149805,0.062858,0.04886,0.094143,0.883336,0.018803,100,0
0.165472,0.167336,0.169363,0.044338,0.196925,0.830024,0.02306,200,0
0.105588,0.103684,0.103378,0.03909,0.036486,0.89123,0.008457,20,0
0.10019,0.09371,0.095052,0.092776,0.104953,0.889934,0.052893,100,1
0.056211,0.048782,0.120029,0.011311,0.012804,0.914511,0.004358,10,0
0.121887,0.147731,0.147846,0.040829,0.112052,0.874224,0.005969,20,0
0.162799,0.146825,0.206974,0.050402,0.121276,0.827335,0.013488,500,0
0.208859,0.252949,0.168327,0.031408,0.069009,0.784484,0.023636,50,0
0.138663,0.136963,0.125798,0.024107,0.01831,0.835151,0.013957,200,1
0.092526,0.124513,0.163218,0.052054,0.110197,0.844721,0.023475,50,0
0.223132,0.205158,0.030609,0.034846,0.075592,0.752491,0.029327,10,0
0.125449,0.160704,0.156777,0.073694,0.111302,0.783006,0.023077,10,0
0.101657,0.113832,0.126844,0.058841,0.127832,0.874116,0.036157,200,0
0.162158,0.116526,0.116218,0.035236,0.091901,0.828095,0.024196,500,0
0.10417,0.128722,0.087181,0.005528,0.070812,0.900184,0.007199,50,0
0.142623,0.139918,0.100771,0.018018,0.136907,0.814363,0.019639,50,0
0.154934,0.14986,0.120296,0.06094,0.178459,0.835437,0.051136,500,0
0.088622,0.138712,0.135434,0.048019,0.029755,0.862062,0.00677,100,0
0.094866,0.133042,0.148479,0.142715,0.181896,0.797592,0.050704,100,0
0.150331,0.157647,0.09983,0.040624,0.137922,0.839298,0.034338,20,0
0.159772,0.174758,0.153571,0.018198,0.103161,0.828046,0.010401,20,0
0.10925,0.107235,0.102602,0.034353,0.085422,0.880459,0.028067,200,0
0.219084,0.144928,0.106582,0.02173,0.070895,0.822444,0.025647,200,0
0.077063,0.138254,0.193344,0.036281,0.069246,0.807717,0.016288,500,1
0.182304,0.17343,0.033207,0.02959,0.113248,0.82616,0.005073,20,0
0.159346,0.205659,0.289461,0.135509,0.236766,0.751298,0.063585,500,1
0.144446,0.148503,0.093851,0.106935,0.169393,0.833648,0.071741,50,0
0.127434,0.225695,0.155707,0.074991,0.111378,0.740598,0.013936,50,0
0.127107,0.169221,0.087096,0.025532,0.080632,0.83967,0.016112,10,0
0.087947,0.300904,0.2046,0.039655,0.10527,0.673022,0.01317,50,0
0.174443,0.158245,0.262364,0.092777,0.121148,0.780829,0.024972,50,0
0.136073,0.135542,0.17231,0.071404,0.15872,0.841799,0.045342,500,0
0.142853,0.157047,0.102688,0.097361,0.141051,0.783141,0.023992,200,0
0.109734,0.064862,0.027121,0.034493,0.031752,0.878526,0.011849,10,0
0.108501,0.085963,0.033638,0.026645,0.036421,0.887454,0.003427,20,0
0.134094,0.161647,0.115824,0.005736,0.108393,0.803834,0.010949,20,0
0.169342,0.152631,0.144236,0.038858,0.083782,0.792433,0.023991,10,0
0.160189,0.209664,0.129252,0.150243,0.275814,0.774176,0.057121,10,0
0.122434,0.166433,0.202537,0.047628,0.105379,0.78999,0.026168,500,0
0.260631,0.090225,0.263624,0.013506,0.065988,0.702752,0.015553,2000,0
0.173221,0.172081,0.1864,0.134689,0.253283,0.818921,0.057748,50,1
0.122206,0.110404,0.016164,0.01588,0.080847,0.889576,0.012355,200,0
0.043646,0.042753,0.0384,0.007656,0.011001,0.920073,0.00298,500,1
0.18308,0.196018,0.227433,0.065829,0.115235,0.740781,0.019071,500,1
0.104437,0.16861,0.204212,0.030768,0.119664,0.763941,0.020705,20,0
0.103488,0.082728,0.16152,0.005576,0.0215,0.863246,0.015114,10,0
0.180431,0.209697,0.16822,0.007086,0.065688,0.832203,0.006559,20,0
0.111588,0.111297,0.146938,0.092333,0.113407,0.866617,0.051206,20,1
0.081356,0.113685,0.099226,0.045446,0.04868,0.900646,0.016,10,1
0.131429,0.179384,0.32328,0.139559,0.269942,0.734091,0.069683,50,1
0.191567,0.212341,0.172317,0.00749,0.030433,0.790937,0.007479,20,0
0.105601,0.15262,0.066082,0.016662,0.056641,0.857687,0.004947,100,0
0.218235,0.112293,0.015055,0.019719,0.084669,0.833784,0.014776,10,0
0.12747,0.155991,0.015757,0.0128,0.10802,0.88287,0.03393,50,0
0.126165,0.124589,0.081195,0.011611,0.051487,0.841986,0.01603,10,0
0.093611,0.118142,0.019214,0.01015,0.092977,0.891904,0.028643,200,0
0.11527,0.114239,0.269641,0.001771,0.066954,0.727456,0.013809,10,1
0.160032,0.166722,0.189208,0.010584,0.089619,0.829777,0.021478,50,0
0.131414,0.18294,0.316,0.078718,0.168286,0.726857,0.029395,10,1
0.094646,0.18044,0.107413,0.012193,0.024659,0.834959,0.007776,100,0
0.104263,0.106871,0.102252,0.01535,0.123545,0.874767,0.023957,50,0
0.089769,0.126451,0.082832,0.01454,0.02003,0.871153,0.015692,50,1
0.165698,0.151832,0.110141,0.065013,0.09516,0.861462,0.038979,50,1
0.131622,0.167229,0.133668,0.003387,0.104645,0.849367,0.036014,500,0
0.171773,0.124216,0.099305,0.044287,0.106467,0.828356,0.028166,20,0
0.132699,0.040568,0.017656,0.087508,0.093729,0.853661,0.009044,100,0
0.119449,0.128552,0.096236,0.02108,0.051615,0.888505,0.030575,2000,0
0.160283,0.125495,0.301738,0.099712,0.122021,0.783233,0.051581,200,1
0.15106,0.216637,0.129347,0.044823,0.132803,0.812967,0.019508,50,0
0.200606,0.241908,0.183034,0.02101,0.106384,0.76887,0.036432,200,0
0.086876,0.1982,0.263847,0.060868,0.083142,0.752287,0.026953,500,1
0.123953,0.131188,0.160513,0.031462,0.062432,0.853847,0.017027,500,0
0.110843,0.100511,0.082933,0.006687,0.077456,0.869839,0.023045,20,0
0.11325,0.104517,0.128713,0.097954,0.116355,0.878566,0.051251,500,1
0.167975,0.190731,0.16997,0.01118,0.084303,0.812518,0.013991,500,0
0.144925,0.158002,0.140531,0.079105,0.184093,0.834872,0.04132,20,0
0.173169,0.123551,0.166819,0.025607,0.089039,0.850939,0.034813,50,0
0.110816,0.152202,0.142051,0.043852,0.107277,0.815883,0.029693,50,0
0.139329,0.143303,0.096794,0.030667,0.103661,0.85433,0.037476,50,0
0.129275,0.174504,0.130936,0.054624,0.122561,0.809476,0.040373,100,0
0.213101,0.131991,0.304581,0.045187,0.035339,0.747316,0.021507,500,0
0.14502,0.097901,0.141368,0.025824,0.00948,0.851124,0.008489,50,0
0.097153,0.082887,0.106631,0.012573,0.045571,0.880409,0.019461,10,0
0.132456,0.092726,0.110268,0.032102,0.125897,0.878244,0.0189,200,0
0.127326,0.244736,0.183666,0.029389,0.113041,0.76341,0.020256,20,0
0.117818,0.232769,0.192573,0.031337,0.12512,0.767124,0.023106,20,0
0.108459,0.107543,0.061899,0.046527,0.135781,0.896121,0.036949,500,0
0.138493,0.160871,0.234528,0.017357,0.107172,0.752546,0.017568,10,1
0.123329,0.200628,0.134052,0.033125,0.147083,0.688601,0.019277,500,1
0.118294,0.153907,0.247009,0.012765,0.053852,0.809148,0.009024,500,1
0.141982,0.141968,0.188407,0.138719,0.304072,0.788404,0.075048,20,1
0.293839,0.298055,0.126306,0.013086,0.070169,0.673917,0.017974,2000,0
0.120638,0.091918,0.0429,0.014966,0.013259,0.90314,0.004108,2000,0
0.099445,0.151744,0.186083,0.056109,0.138974,0.778088,0.014615,100,0
0.169231,0.178363,0.042523,0.027805,0.083385,0.757456,0.021342,500,1
0.110179,0.120259,0.106987,0.073447,0.111232,0.869772,0.048402,10,1
0.092916,0.212448,0.203568,0.083244,0.117061,0.773898,0.020361,100,0
0.102184,0.075013,0.088786,0.025038,0.094665,0.892332,0.012001,100,0
0.122242,0.15783,0.222659,0.135379,0.231202,0.805132,0.058773,100,1
0.149053,0.157808,0.234631,0.07382,0.128621,0.757988,0.022151,50,0
0.137195,0.173255,0.234797,0.094794,0.204543,0.765975,0.054058,500,1
0.154512,0.129611,0.125667,0.066044,0.131155,0.852905,0.030319,500,0
0.154807,0.159099,0.240693,0.050411,0.104351,0.760842,0.029013,200,0
0.124607,0.17444,0.041565,0.024661,0.109168,0.796128,0.01901,100,0
0.090374,0.198328,0.237984,0.008363,0.052417,0.76655,0.010355,500,1
0.180327,0.112763,0.105368,0.009068,0.151473,0.84593,0.018305,100,0
0.135499,0.233641,0.112661,0.078946,0.135563,0.79884,0.020221,200,0
0.155084,0.171915,0.179377,0.057455,0.069224,0.833514,0.037207,500,1
0.125532,0.115483,0.140144,0.018953,0.076603,0.831126,0.015655,20,0
0.159602,0.169801,0.129923,0.169139,0.30957,0.846425,0.075117,200,1
0.175595,0.200668,0.108633,0.03701,0.103288,0.844331,0.0192,500,1
0.185824,0.226025,0.275603,0.074891,0.144922,0.757591,0.018248,20,0
0.100776,0.076824,0.08138,0.035452,0.044572,0.895909,0.011261,200,0
0.169102,0.203866,0.353307,0.082918,0.154345,0.68077,0.02411,100,1
0.163423,0.179322,0.160936,0.097302,0.12849,0.838048,0.055383,200,1
0.16332,0.145796,0.116856,0.004447,0.146017,0.847778,0.034087,500,0
0.184339,0.158782,0.029978,0.032209,0.034788,0.841621,0.011915,20,0
0.333318,0.337318,0.271452,0.055206,0.052405,0.718534,0.0152,500,0
0.140301,0.178698,0.206571,0.017613,0.072049,0.811857,0.01617,500,1
0.228223,0.268472,0.183851,0.031637,0.09542,0.786953,0.018482,20,0
0.137058,0.165389,0.141239,0.085309,0.146958,0.826146,0.032797,500,0
0.140037,0.099194,0.014396,0.04241,0.09288,0.832632,0.013397,100,0
0.147274,0.12902,0.116411,0.045719,0.117637,0.862756,0.021897,10,0
0.093898,0.210977,0.231827,0.020893,0.103728,0.766622,0.031146,10,0
0.136909,0.193789,0.218027,0.036976,0.132625,0.777336,0.029602,200,0
0.026335,0.031168,0.03201,0.014071,0.00893,0.959319,0.00394,10,1
0.22734,0.211941,0.230176,0.009346,0.11013,0.78254,0.033271,500,0
0.071945,0.076998,0.069394,0.012844,0.010001,0.907834,0.00297,20,0
0.159259,0.154069,0.277198,0.063347,0.141377,0.719888,0.016572,50,1
0.222776,0.1206,0.058558,0.016385,0.032827,0.741498,0.012951,100,0
0.126504,0.116237,0.115766,0.053529,0.105373,0.880283,0.003533,20,0
0.089408,0.076415,0.117487,0.00871,0.026732,0.90993,0.014198,500,0
0.151371,0.167604,0.136795,0.077881,0.167038,0.823026,0.03929,10,1
0.122244,0.066373,0.046043,0.057394,0.079233,0.833843,0.034121,100,0
0.075029,0.089362,0.114355,0.015751,0.022022,0.91027,0.009855,10,1
0.135151,0.124979,0.140195,0.026313,0.022224,0.847416,0.016549,20,1
0.184068,0.244136,0.235886,0.042796,0.137836,0.767724,0.024464,10,0
0.110667,0.165967,0.09465,0.011933,0.096526,0.849579,0.006235,20,0
0.172988,0.177787,0.165972,0.184012,0.305605,0.770109,0.085405,500,1
0.130452,0.172838,0.0462,0.064871,0.102321,0.825733,0.032244,50,0
0.11887,0.046183,0.140673,0.065194,0.065164,0.88196,0.01232,10,1
0.151043,0.194707,0.251805,0.050326,0.114728,0.748969,0.027472,500,1
0.154074,0.127408,0.101512,0.0522,0.142206,0.854049,0.057052,20,0
0.151375,0.167538,0.191467,0.091749,0.191251,0.804161,0.036746,500,1
0.179131,0.289023,0.138637,0.044901,0.114027,0.718425,0.027311,10,0
0.161197,0.070396,0.133554,0.029978,0.088314,0.877053,0.028108,50,0
0.092969,0.092058,0.059937,0.008434,0.011732,0.91332,0.005992,20,0
0.132851,0.246895,0.201715,0.031359,0.118755,0.77376,0.018182,20,0
0.163693,0.210094,0.131721,0.062708,0.165032,0.724537,0.042565,500,1
0.12836,0.166685,0.327565,0.068169,0.134337,0.677337,0.018426,50,1
0.122461,0.143959,0.144261,0.008985,0.107859,0.875889,0.016789,20,0
0.174563,0.163398,0.178951,0.019505,0.097411,0.781645,0.00854,500,0
0.115027,0.117882,0.101135,0.03704,0.056746,0.855159,0.008166,500,1
0.164171,0.165807,0.152226,0.068256,0.172664,0.837541,0.028202,500,1
0.116782,0.067339,0.065805,0.033575,0.038317,0.843734,0.016219,50,0
0.16911,0.177163,0.20302,0.161784,0.331813,0.794826,0.085161,100,1
0.28124,0.335883,0.015015,0.01931,0.114261,0.747071,0.010552,20,0
0.164644,0.170085,0.152837,0.036359,0.105586,0.844087,0.020543,50,1
0.195078,0.120649,0.158525,0.070998,0.119629,0.8161,0.033307,100,0
0.179376,0.157917,0.234868,0.083913,0.225834,0.738614,0.051011,200,1
0.087797,0.071483,0.059625,0.027898,0.023544,0.879937,0.016785,10,1
0.068908,0.107978,0.065238,0.010145,0.012744,0.90527,0.013355,10,0
0.159402,0.168384,0.195218,0.170705,0.277275,0.788326,0.068824,100,1
0.104211,0.186683,0.128468,0.029582,0.09405,0.820674,0.019746,50,0
0.17052,0.219339,0.207916,0.03431,0.09853,0.78987,0.035279,10,0
0.103751,0.140375,0.086239,0.046856,0.105803,0.87568,0.020323,2000,0
0.126598,0.126721,0.134128,0.097077,0.11624,0.86964,0.054263,50,1
0.082323,0.146095,0.151369,0.059876,0.084367,0.84838,0.030522,10,0
0.252068,0.23281,0.091856,0.012045,0.024371,0.794628,0.011603,2000,0
0.1129,0.199004,0.134467,0.025508,0.065704,0.752492,0.015961,500,1
0.210754,0.383574,0.052266,0.086426,0.227621,0.587828,0.031156,500,0
0.121378,0.154258,0.227896,0.139489,0.244307,0.800512,0.061868,100,1
0.08235,0.071421,0.074389,0.026028,0.057319,0.890248,0.024052,10,0
0.138356,0.132977,0.111124,0.0242,0.07253,0.858811,0.020326,20,0
0.162866,0.154334,0.145486,0.022759,0.020457,0.850347,0.009724,10,0
0.198057,0.23539,0.180719,0.129976,0.181912,0.742079,0.052404,2000,1
0.157893,0.117727,0.149792,0.016248,0.097224,0.863275,0.021879,200,0
0.132943,0.100538,0.120499,0.005204,0.014846,0.756265,0.016668,200,1
0.132387,0.194486,0.194276,0.076821,0.185108,0.749264,0.035015,10,1
0.136392,0.129224,0.146004,0.066856,0.126495,0.859608,0.029391,100,0
0.123243,0.121689,0.067503,0.027181,0.070749,0.902014,0.024731,20,0
0.16486,0.214908,0.172076,0.007189,0.102539,0.821822,0.028755,100,0
0.142182,0.166259,0.161591,0.036664,0.096575,0.773032,0.020001,500,1
0.104958,0.14188,0.12969,0.038574,0.078019,0.832323,0.015517,10,0
0.156875,0.13131,0.15213,0.073943,0.135541,0.851671,0.014436,500,0
0.069897,0.084714,0.025279,0.059884,0.107411,0.88315,0.0179,50,0
0.133293,0.183194,0.146511,0.140052,0.235286,0.798889,0.061381,500,1
0.34643,0.329099,0.123669,0.012446,0.056029,0.731663,0.010454,500,0
0.078609,0.078156,0.056138,0.030129,0.042783,0.921461,0.011135,100,0
0.150029,0.157205,0.122512,0.062028,0.153819,0.848617,0.044082,20,0
0.113267,0.09387,0.038277,0.063476,0.064442,0.860407,0.01263,20,0
0.094535,0.213629,0.224971,0.021449,0.060313,0.797888,0.013975,50,0
0.105356,0.104118,0.017302,0.039815,0.03202,0.895694,0.015292,10,0
0.222739,0.212352,0.213766,0.058214,0.135688,0.806921,0.033767,500,0
0.192919,0.260342,0.187789,0.02984,0.076666,0.787457,0.011914,20,0
0.176302,0.202867,0.184685,0.144109,0.146242,0.810177,0.062607,20,1
0.160852,0.173663,0.148337,0.147368,0.22751,0.811415,0.058577,500,0
0.117995,0.096636,0.08959,0.029997,0.127761,0.89849,0.050095,20,0
0.177315,0.138506,0.09377,0.038317,0.075993,0.809985,0.019563,100,0
0.07657,0.098762,0.109829,0.031112,0.035467,0.881008,0.013261,10,0
0.130434,0.12757,0.136279,0.047906,0.105006,0.867212,0.004373,100,0
0.137811,0.143358,0.113081,0.058946,0.121739,0.832685,0.027406,20,0
0.224282,0.22391,0.190066,0.041342,0.099251,0.773901,0.003613,500,0
0.137861,0.124438,0.097751,0.010721,0.090996,0.859969,0.012236,50,0
0.138324,0.192476,0.126407,0.045429,0.087393,0.828942,0.028917,50,0
0.13736,0.159109,0.264156,0.117627,0.240564,0.775374,0.061804,10,1
0.163924,0.193418,0.112421,0.031168,0.046139,0.82749,0.015837,50,1
0.1643,0.177523,0.128251,0.015357,0.006404,0.819592,0.003904,2000,0
0.126517,0.12437,0.051021,0.039216,0.039552,0.87706,0.022224,10,0
0.180774,0.159806,0.207066,0.080525,0.160727,0.784937,0.055109,2000,1
0.157859,0.214361,0.101881,0.015845,0.065108,0.818826,0.011829,2000,0
0.142467,0.163141,0.111416,0.09576,0.129584,0.857515,0.058902,10,1
0.116014,0.139928,0.105151,0.01474,0.112946,0.832509,0.024684,20,0
0.221612,0.158315,0.143875,0.022578,0.036198,0.793769,0.021945,500,1
0.116776,0.131433,0.075426,0.101898,0.130926,0.893936,0.027571,20,0
0.154485,0.182269,0.136631,0.09488,0.116588,0.787624,0.035922,500,0
0.106049,0.134746,0.131123,0.006634,0.084075,0.854171,0.029355,50,0
0.100972,0.12364,0.142813,0.047203,0.100545,0.843296,0.034374,500,0
0.183563,0.160778,0.19547,0.014209,0.105931,0.76439,0.010956,10,0
0.129514,0.140151,0.267137,0.0459,0.100123,0.756941,0.046092,2000,1
0.186563,0.176419,0.256286,0.030899,0.165844,0.722785,0.022742,200,1
0.15245,0.170602,0.231986,0.124572,0.274817,0.792377,0.068277,20,1
0.154483,0.155561,0.106722,0.106275,0.189754,0.861795,0.069903,20,0
0.128832,0.089043,0.202755,0.033145,0.046053,0.81458,0.011696,100,1
0.208588,0.290243,0.259588,0.018655,0.092541,0.733037,0.022828,10,0
0.144935,0.220604,0.102874,0.006833,0.153853,0.764465,0.016187,200,0
0.166175,0.181312,0.114381,0.005153,0.035732,0.828664,0.015602,20,0
0.14183,0.1501,0.178655,0.131294,0.264061,0.805023,0.066112,500,1
0.190323,0.186529,0.109609,0.008245,0.085465,0.804628,0.031526,50,0
0.2042,0.231423,0.223945,0.046704,0.18129,0.744848,0.025052,500,1
0.051101,0.063983,0.009828,0.010493,0.005368,0.955526,0.002026,50,0
0.161068,0.282461,0.146459,0.053873,0.146079,0.76189,0.02711,10,0
0.112549,0.147535,0.123162,0.061877,0.099299,0.840829,0.03097,100,0
0.155692,0.202715,0.180035,0.021467,0.066586,0.766845,0.006974,500,1
0.161344,0.210375,0.181618,0.078075,0.128895,0.794857,0.025096,200,0
0.115965,0.124929,0.106775,0.014086,0.045116,0.840827,0.011519,100,0
0.121944,0.159014,0.257886,0.045134,0.131624,0.798545,0.037568,50,0
0.257977,0.243494,0.181821,0.023938,0.060057,0.715314,0.003825,2000,0
0.12062,0.134193,0.1174,0.016523,0.086646,0.877127,0.015565,10,0
0.103397,0.071116,0.189546,0.010814,0.045048,0.850816,0.016386,200,0
0.140353,0.184244,0.109681,0.095392,0.130693,0.800493,0.02763,10,0
0.170124,0.138764,0.12284,0.120717,0.220086,0.820666,0.056434,20,0
0.152127,0.142609,0.046781,0.029663,0.042176,0.792473,0.008722,20,1
0.172944,0.161626,0.179467,0.01269,0.064817,0.784126,0.020912,500,0
0.181841,0.15061,0.135882,0.005143,0.145935,0.823555,0.042229,500,0
0.05833,0.109571,0.085589,0.028966,0.052463,0.871185,0.013878,20,0
0.185772,0.216875,0.145961,0.035429,0.151033,0.755644,0.037976,500,0
0.123673,0.125786,0.114593,0.100919,0.188302,0.84553,0.040914,2000,0
0.121075,0.08816,0.105356,0.007534,0.092,0.876024,0.012067,200,0
0.095064,0.09529,0.044549,0.015257,0.089512,0.885738,0.013517,50,0
0.124764,0.11325,0.060865,0.007758,0.010569,0.895351,0.007723,500,0
0.137401,0.156225,0.011503,0.085401,0.083543,0.867509,0.009724,10,0
0.124715,0.097435,0.019211,0.015779,0.026302,0.865951,0.011775,200,0
0.141409,0.122857,0.110779,0.0071,0.114417,0.864292,0.033424,50,0
0.100822,0.112116,0.13855,0.024481,0.088464,0.872657,0.021714,10,0
0.139602,0.13418,0.156362,0.078718,0.181442,0.825085,0.0494,10,1
0.148102,0.15162,0.138705,0.033177,0.066727,0.795061,0.00779,500,1
0.156629,0.159046,0.119192,0.01405,0.103961,0.85068,0.006912,20,0
0.215729,0.265673,0.234081,0.004838,0.198045,0.749642,0.043024,10,0
0.127736,0.143144,0.137336,0.026334,0.109973,0.841492,0.032761,50,0
0.118622,0.137991,0.096622,0.009068,0.072376,0.882997,0.026695,50,0
0.134773,0.148813,0.194505,0.045759,0.101301,0.780369,0.013614,500,0
0.171597,0.185788,0.359248,0.085108,0.158797,0.667724,0.021969,100,1
0.101778,0.110412,0.094959,0.0154,0.073909,0.888855,0.016925,10,0
0.136346,0.116746,0.094493,0.044502,0.12757,0.875207,0.036181,2000,0
0.19326,0.209095,0.180534,0.073531,0.201701,0.714538,0.056816,500,1
0.143458,0.157964,0.148923,0.119673,0.12706,0.848744,0.056846,10,1
0.075208,0.185764,0.064321,0.051389,0.120645,0.837088,0.061126,20,0
0.195595,0.175014,0.255275,0.030964,0.089518,0.798044,0.010864,10,0
0.157851,0.193324,0.23298,0.061064,0.119097,0.779798,0.023993,50,0
0.125501,0.134373,0.091569,0.014186,0.010373,0.874697,0.01018,500,1
0.117169,0.205797,0.259162,0.033117,0.096879,0.75787,0.014143,20,0
0.102806,0.123463,0.113221,0.036173,0.124505,0.858454,0.009629,200,0
0.236279,0.260612,0.180304,0.020949,0.074504,0.773999,0.020116,50,0
0.104879,0.199816,0.142174,0.043522,0.09624,0.827276,0.024745,50,0
0.131589,0.133984,0.042321,0.035791,0.117859,0.872752,0.023939,20,0
0.128535,0.106929,0.089507,0.00235,0.07447,0.8533,0.034695,200,1
0.134027,0.192839,0.099096,0.057552,0.103279,0.839298,0.028641,200,0
0.118769,0.095509,0.025632,0.054768,0.074108,0.877002,0.01109,200,0
0.143743,0.139232,0.016666,0.004694,0.081245,0.852501,0.015042,100,0
0.218608,0.233651,0.121164,0.016049,0.075427,0.801584,0.013641,50,0
0.141591,0.249269,0.270865,0.024496,0.079038,0.732474,0.013512,500,0
0.170537,0.303626,0.216219,0.022678,0.107517,0.745506,0.027349,200,0
0.139391,0.137626,0.128783,0.028202,0.021771,0.803904,0.007726,500,0
0.125425,0.140069,0.115738,0.100745,0.11561,0.874462,0.056441,20,1
0.125587,0.108894,0.096207,0.040879,0.08406,0.88426,0.026823,200,0
0.077976,0.098756,0.108397,0.013193,0.077146,0.874662,0.016916,10,0
0.157399,0.187503,0.182064,0.054249,0.099168,0.810826,0.019971,50,0
0.1532,0.208313,0.124172,0.0174,0.111588,0.801385,0.026593,50,0
0.177849,0.25897,0.164504,0.037368,0.100011,0.813687,0.019184,100,0
0.164513,0.114724,0.073337,0.008355,0.074807,0.851665,0.020885,50,0
0.130316,0.136348,0.247833,0.097883,0.265331,0.740763,0.06606,50,1
0.110299,0.266089,0.236133,0.03742,0.108064,0.754608,0.010958,100,0
0.129292,0.165244,0.10177,0.009722,0.117394,0.826737,0.022915,20,0
0.150168,0.152758,0.127316,0.141056,0.244254,0.794036,0.068122,50,1
0.15557,0.199703,0.152422,0.049808,0.11019,0.823466,0.034778,100,0
0.113972,0.182773,0.093045,0.008215,0.08412,0.891922,0.026375,100,0
0.184354,0.160933,0.05139,0.002005,0.034839,0.842545,0.008012,2000,0
0.152803,0.162951,0.183507,0.148132,0.25772,0.811078,0.064094,500,1
0.125965,0.130707,0.115111,0.062126,0.114285,0.863619,0.027205,50,0
0.208101,0.229062,0.023035,0.004749,0.00528,0.824837,0.00321,500,0
0.079698,0.137525,0.146899,0.033799,0.068518,0.847184,0.009547,10,0
0.108879,0.177969,0.11945,0.068314,0.111481,0.830309,0.027171,50,0
0.167696,0.190426,0.188071,0.154921,0.268229,0.810874,0.066278,500,1
0.113448,0.105105,0.077291,0.045901,0.149903,0.880523,0.020389,20,0
0.116019,0.118488,0.043644,0.028457,0.094518,0.882849,0.01363,200,0
0.171801,0.193256,0.183462,0.020419,0.091899,0.763412,0.033896,200,0
0.204507,0.237531,0.154705,0.04114,0.120492,0.772528,0.033404,20,0
0.115177,0.096262,0.123965,0.074185,0.099798,0.852634,0.043402,100,1
0.113477,0.112351,0.182888,0.119167,0.15336,0.812189,0.042291,50,0
0.103511,0.09475,0.088037,0.019935,0.060997,0.90943,0.017877,20,0
0.163261,0.176088,0.206965,0.133165,0.252824,0.807665,0.066941,20,1
0.131345,0.159768,0.162844,0.041091,0.145947,0.781314,0.030986,500,0
0.121003,0.115699,0.103789,0.083496,0.216355,0.879825,0.058641,50,0
0.176418,0.222058,0.140333,0.032283,0.146749,0.784964,0.028528,200,0
0.138556,0.165814,0.159227,0.042027,0.108379,0.825324,0.038692,2000,1
0.153121,0.179346,0.166272,0.042675,0.108678,0.803189,0.043218,50,0
0.197887,0.245887,0.052413,0.052179,0.123427,0.797218,0.022594,20,0
0.193578,0.205594,0.013397,0.075024,0.119464,0.793291,0.007715,200,0
0.112713,0.092677,0.117384,0.064862,0.107424,0.887451,0.032491,10,0
0.096708,0.182748,0.135472,0.027389,0.10848,0.813158,0.030082,20,0
0.169888,0.193114,0.07713,0.012119,0.042012,0.856646,0.008402,50,1
0.121932,0.055492,0.182221,0.016268,0.057825,0.845231,0.014506,200,0
0.134067,0.140328,0.079532,0.039526,0.144722,0.859858,0.036772,500,0
0.187289,0.185599,0.148882,0.078768,0.145342,0.793354,0.031169,100,1
0.119372,0.158068,0.059362,0.018324,0.055559,0.820963,0.012327,500,1
0.074244,0.082275,0.03648,0.043393,0.051833,0.909002,0.007237,50,0
0.080099,0.052187,0.196124,0.020618,0.012283,0.83445,0.006543,20,0
0.171197,0.160686,0.185216,0.004153,0.052398,0.818954,0.031641,200,1
0.076524,0.16577,0.212219,0.023103,0.085899,0.736466,0.026276,100,0
0.20857,0.137773,0.174722,0.024013,0.12491,0.815845,0.035295,200,0
0.089582,0.039189,0.055646,0.022191,0.062694,0.893722,0.014345,500,1
0.166281,0.176067,0.203426,0.083154,0.163813,0.79864,0.037198,100,1
0.158015,0.150298,0.227149,0.160493,0.270851,0.768026,0.065549,100,1
0.154745,0.166602,0.256483,0.10388,0.157719,0.766761,0.041765,100,0
0.155151,0.157189,0.17268,0.064599,0.166134,0.833594,0.021904,50,1
0.152172,0.067472,0.074016,0.042041,0.088634,0.818305,0.019982,100,0
0.147322,0.141786,0.277369,0.091803,0.219828,0.735735,0.058963,100,1
0.18205,0.241907,0.147651,0.046944,0.094741,0.741441,0.012997,10,0
0.182337,0.182932,0.096072,0.067381,0.110964,0.815083,0.024961,10,0
0.159416,0.226885,0.196577,0.140616,0.185792,0.777114,0.049835,500,0
0.149121,0.078582,0.193066,0.009959,0.046167,0.826052,0.01149,100,0
0.035914,0.044584,0.064591,0.004967,0.014643,0.944289,0.008492,200,1
0.077365,0.047489,0.127812,0.025006,0.018773,0.888536,0.010412,500,0
0.11752,0.131357,0.168536,0.049672,0.043445,0.827389,0.022705,100,1
0.095968,0.16394,0.178993,0.041732,0.067405,0.790243,0.020252,2000,1
0.123609,0.096887,0.070626,0.027018,0.041579,0.854708,0.012604,10,1
0.172888,0.180417,0.180566,0.060143,0.184233,0.815177,0.030362,20,1
0.175694,0.17099,0.308128,0.073352,0.169946,0.681078,0.020302,500,1
0.138586,0.147127,0.149641,0.166651,0.305325,0.838459,0.07938,500,1
0.136126,0.195404,0.17439,0.035355,0.114728,0.80003,0.031722,2000,0
0.106593,0.085715,0.135276,0.016304,0.012067,0.872217,0.008785,2000,0
0.130593,0.13179,0.109269,0.051802,0.096349,0.843364,0.038545,10,1
0.115922,0.124445,0.083324,0.072494,0.088495,0.884462,0.030026,100,0
0.138253,0.147888,0.168146,0.026365,0.135978,0.827796,0.004061,20,0
0.13656,0.178024,0.170251,0.023564,0.092536,0.82772,0.023323,10,0
0.298039,0.26611,0.284976,0.023953,0.022435,0.702025,0.008949,100,0
0.094852,0.174037,0.238393,0.04725,0.138887,0.806089,0.026849,200,0
0.180401,0.128138,0.082353,0.043214,0.076775,0.795692,0.019696,50,0
0.148896,0.127273,0.124049,0.063895,0.155249,0.847505,0.022419,2000,0
0.124819,0.186481,0.068649,0.020476,0.064344,0.776013,0.007904,500,1
0.165369,0.220367,0.32825,0.053936,0.159644,0.703867,0.026675,200,1
0.102316,0.131429,0.075313,0.063416,0.147782,0.860133,0.061685,50,0
0.204456,0.121506,0.164036,0.009596,0.068907,0.842151,0.026065,10,0
0.14395,0.149738,0.16433,0.176756,0.29844,0.846312,0.073002,10,1
0.169822,0.194708,0.163312,0.025369,0.094002,0.812674,0.008024,100,0
0.176489,0.24874,0.189652,0.030276,0.101208,0.763349,0.005875,500,0
0.079941,0.173889,0.106094,0.020452,0.099096,0.821254,0.024307,10,0
0.150059,0.153607,0.144071,0.023403,0.145402,0.840594,0.005989,50,0
0.239028,0.288359,0.053897,0.013615,0.065631,0.764499,0.012991,10,0
0.267401,0.25512,0.164502,0.009761,0.023662,0.776446,0.017038,500,0
0.147832,0.175857,0.186214,0.110336,0.217793,0.799097,0.038781,50,1
0.171172,0.214784,0.146339,0.021811,0.166578,0.815985,0.017613,2000,0
0.173007,0.182841,0.214204,0.071739,0.181247,0.805289,0.042576,100,1
0.113675,0.155433,0.075725,0.04527,0.090944,0.785843,0.026278,10,0
0.123269,0.123327,0.023419,0.058532,0.072126,0.861449,0.016033,20,0
0.087177,0.098581,0.029983,0.02062,0.08435,0.882278,0.018502,200,0
0.158254,0.201425,0.214682,0.166098,0.337232,0.783128,0.092285,500,1
0.101202,0.12462,0.121141,0.026544,0.068107,0.831149,0.01496,20,0
0.110612,0.095561,0.104749,0.076092,0.10636,0.878979,0.047108,50,1
0.139863,0.138044,0.136542,0.026725,0.098501,0.823883,0.018908,2000,0
0.097032,0.0979,0.080821,0.048081,0.055195,0.889191,0.016449,200,1
0.071723,0.073871,0.062517,0.059911,0.069943,0.84077,0.024441,50,0
0.180284,0.063325,0.157469,0.026641,0.044942,0.849427,0.012684,10,0
0.155521,0.173507,0.138588,0.073594,0.200726,0.842041,0.035272,20,0
0.155068,0.065621,0.109073,0.035727,0.080281,0.809363,0.017532,100,0
0.097812,0.190318,0.126356,0.075592,0.124756,0.829742,0.04843,50,0
0.119037,0.176224,0.108308,0.013354,0.093298,0.831285,0.016817,20,0
0.23486,0.267221,0.019743,0.032308,0.082387,0.841507,0.015505,50,0
0.134918,0.19328,0.144216,0.074687,0.177044,0.794564,0.046812,500,0
0.183817,0.234868,0.175605,0.085598,0.103078,0.767815,0.054602,500,1
0.099532,0.095946,0.073732,0.057153,0.162008,0.893091,0.032738,50,0
0.110477,0.224422,0.206203,0.067125,0.138692,0.748891,0.027623,500,0
0.088851,0.081928,0.061514,0.033704,0.036934,0.910845,0.010202,20,0
0.123322,0.152856,0.081976,0.102527,0.171846,0.834216,0.044369,10,0
0.152998,0.232703,0.099332,0.045559,0.131275,0.792117,0.032928,500,0
0.118116,0.185757,0.174925,0.034041,0.139445,0.790845,0.03105,100,0
0.14996,0.169419,0.081854,0.038566,0.075689,0.825306,0.013841,20,0
0.150187,0.171838,0.154902,0.162363,0.302571,0.834745,0.082163,500,1
0.178663,0.158911,0.119643,0.052073,0.126573,0.821457,0.029699,20,1
0.136797,0.164139,0.288219,0.05268,0.153827,0.758496,0.028428,10,1
0.21793,0.26344,0.208079,0.054405,0.110674,0.769086,0.02371,10,0
0.130799,0.09549,0.104126,0.014612,0.064483,0.888614,0.016574,10,0
0.248932,0.259783,0.256529,0.011634,0.077281,0.749065,0.016347,10,0
0.132784,0.132426,0.040968,0.010803,0.101769,0.848407,0.021706,50,0
0.129925,0.116403,0.093086,0.033872,0.09547,0.894059,0.015778,100,0
0.065791,0.11567,0.09582,0.061486,0.075774,0.872682,0.015366,20,0
0.165621,0.170808,0.007533,0.023543,0.081614,0.851828,0.005684,20,0
0.142633,0.137031,0.122374,0.015502,0.082063,0.800828,0.015505,2000,0
0.139957,0.156629,0.163002,0.006356,0.090721,0.84282,0.036432,200,0
0.132154,0.142683,0.13871,0.077003,0.155487,0.847484,0.036567,100,0
0.145578,0.208002,0.143128,0.060325,0.145534,0.795434,0.036206,200,0
0.136148,0.131339,0.277556,0.12508,0.229018,0.740847,0.05193,10,1
0.188682,0.199009,0.16563,0.04254,0.075148,0.835647,0.036166,100,1
0.157028,0.191018,0.162509,0.045507,0.115856,0.812937,0.015246,50,0
0.13137,0.230157,0.11365,0.023952,0.131542,0.786073,0.010399,500,0
0.071085,0.209935,0.176523,0.052066,0.115479,0.76307,0.020708,2000,1
0.165784,0.132306,0.075558,0.098793,0.149932,0.817493,0.043998,200,0
0.152132,0.141972,0.134091,0.116333,0.126677,0.854582,0.056427,500,1
0.19513,0.269156,0.04045,0.064242,0.126236,0.802989,0.028181,500,0
0.148111,0.179085,0.369321,0.065609,0.214386,0.653706,0.036212,50,1
0.152139,0.126634,0.071743,0.013999,0.078382,0.822792,0.005195,20,0
0.078731,0.049427,0.111208,0.019689,0.025486,0.887382,0.012952,10,1
0.163217,0.277272,0.253266,0.041888,0.087579,0.761743,0.020902,50,0
0.194853,0.292309,0.207918,0.013649,0.044166,0.68112,0.013177,500,1
0.180093,0.140924,0.16034,0.073624,0.106033,0.774938,0.029592,2000,1
0.114669,0.135664,0.00138,0.002476,0.080003,0.858173,0.020306,20,0
0.146942,0.160303,0.110093,0.057605,0.097684,0.860554,0.025393,100,1
0.145405,0.206485,0.143776,0.011546,0.119617,0.758893,0.021283,500,1
0.129811,0.22877,0.089065,0.050741,0.115447,0.806099,0.024359,500,0
0.077969,0.117126,0.111203,0.054989,0.100417,0.871326,0.034774,200,0
0.139432,0.138644,0.150793,0.037725,0.203024,0.863375,0.023444,2000,0
0.11494,0.140561,0.248195,0.156975,0.303016,0.75999,0.07915,50,1
0.14611,0.196669,0.083989,0.014464,0.116453,0.826329,0.016983,200,0
0.146911,0.148488,0.240027,0.163877,0.332231,0.785797,0.084972,200,1
0.24903,0.270931,0.016529,0.007139,0.030462,0.776169,0.006651,20,0
0.12727,0.121145,0.052628,0.020705,0.064453,0.85766,0.010422,100,0
0.155046,0.137829,0.059208,0.022884,0.10743,0.877223,0.016913,200,0
0.113341,0.182997,0.128566,0.026285,0.092213,0.840111,0.01868,10,0
0.218151,0.232434,0.413232,0.008598,0.092487,0.707378,0.013882,500,1
0.116248,0.139479,0.113111,0.013876,0.122726,0.83217,0.0266,20,0
0.222714,0.281213,0.173202,0.034333,0.100668,0.778599,0.017908,200,0
0.015401,0.080461,0.088493,0.011229,0.00723,0.90736,0.003164,2000,0
0.177223,0.176418,0.105675,0.132611,0.247254,0.851647,0.062662,20,0
0.158902,0.180252,0.208223,0.058584,0.106847,0.807493,0.019491,20,1
0.070995,0.109194,0.08607,0.015905,0.042592,0.886833,0.023564,20,0
0.127919,0.23144,0.141916,0.010441,0.156968,0.768282,0.017209,50,0
0.09304,0.131657,0.134854,0.022142,0.078911,0.863896,0.006913,2000,1
0.129605,0.164872,0.211487,0.162415,0.296427,0.801379,0.078024,500,1
0.092045,0.083051,0.12105,0.006145,0.10465,0.884404,0.03814,50,0
0.165083,0.15156,0.291821,0.066542,0.157423,0.695221,0.019521,20,1
0.14195,0.158841,0.145307,0.071877,0.11204,0.83709,0.025978,50,0
0.221886,0.209764,0.270003,0.0537,0.229178,0.721625,0.034315,100,1
0.186672,0.14481,0.171539,0.068219,0.135035,0.759177,0.027263,200,0
0.148598,0.17227,0.143367,0.006355,0.112506,0.836096,0.020924,50,0
0.039588,0.046292,0.037295,0.00968,0.006782,0.95275,0.002859,10,0
0.23574,0.212911,0.254697,0.022327,0.066822,0.788998,0.011352,20,0
0.126569,0.19703,0.325927,0.062098,0.141477,0.713178,0.024048,50,1
0.197195,0.251152,0.204579,0.047748,0.080418,0.780033,0.022073,500,0
0.165892,0.164977,0.199086,0.069202,0.151224,0.802692,0.034013,100,0
0.164001,0.1927,0.107002,0.054455,0.145605,0.8273,0.025991,10,0
0.19278,0.176414,0.091306,0.016133,0.076194,0.817277,0.025083,100,0
0.096796,0.092201,0.080827,0.008279,0.03119,0.833154,0.006602,200,0
0.193716,0.279306,0.203388,0.05823,0.279854,0.715568,0.064654,2000,0
0.111127,0.12015,0.090864,0.031623,0.033912,0.875901,0.00541,20,0
0.195824,0.178913,0.187427,0.066132,0.138013,0.801005,0.043559,200,0
0.225323,0.254893,0.245726,0.073331,0.143623,0.763425,0.029118,10,0
0.106472,0.071261,0.113195,0.006921,0.085489,0.879858,0.010937,200,0
0.111168,0.021864,0.354767,0.015173,0.078731,0.729636,0.02065,200,1
0.220818,0.315557,0.025737,0.015732,0.106515,0.744632,0.017644,20,0
0.110697,0.072246,0.086027,0.088175,0.112025,0.893427,0.005259,200,0
0.129665,0.130064,0.109904,0.011985,0.04296,0.865149,0.010159,50,0
0.096668,0.120439,0.143997,0.080868,0.12083,0.819032,0.038755,100,0
0.12223,0.141191,0.207496,0.012548,0.126384,0.768534,0.018372,200,0
0.200618,0.19196,0.197386,0.039715,0.087666,0.810714,0.016654,100,0
0.078807,0.060208,0.071472,0.014234,0.046709,0.871896,0.014479,10,0
0.123708,0.210352,0.134348,0.016541,0.0637,0.810215,0.011685,50,0
0.189294,0.188854,0.201099,0.087881,0.165595,0.812257,0.028791,200,1
0.16264,0.231226,0.159675,0.043254,0.115158,0.772086,0.0183,20,0
0.119151,0.183589,0.099376,0.05739,0.100429,0.81481,0.025486,20,0
0.148222,0.134338,0.132853,0.083305,0.127008,0.876128,0.003545,100,0
0.12173,0.097458,0.092682,0.006828,0.08584,0.893361,0.006105,50,0
0.112177,0.1692,0.198097,0.042852,0.091083,0.827571,0.015345,20,0
0.149555,0.201082,0.172405,0.028891,0.118815,0.806525,0.031825,50,0
0.189514,0.198413,0.18262,0.058231,0.169839,0.796738,0.02897,50,1
0.197369,0.194992,0.164839,0.075877,0.165705,0.8089,0.026629,200,1
0.137729,0.168752,0.127824,0.069053,0.151644,0.826393,0.038028,2000,0
0.122151,0.085791,0.120396,0.047469,0.049789,0.881993,0.018027,10,0
0.143388,0.141272,0.149694,0.160868,0.288378,0.851945,0.06912,50,1
0.115335,0.148768,0.104579,0.008799,0.097213,0.866725,0.009579,100,0
0.172584,0.199157,0.279603,0.011192,0.095195,0.738908,0.023666,50,0
0.140282,0.189529,0.317668,0.114677,0.236794,0.742158,0.041679,100,1
0.157795,0.166872,0.135786,0.033434,0.097437,0.822317,0.019506,50,0
0.090147,0.125757,0.117335,0.013439,0.083105,0.8734,0.022728,10,0
0.14847,0.119723,0.142633,0.038532,0.142133,0.835526,0.042976,50,0
0.108023,0.124108,0.133034,0.025455,0.104363,0.844098,0.023781,500,0
0.125852,0.166241,0.093674,0.00653,0.108407,0.860075,0.03019,50,0
0.131362,0.16123,0.166723,0.04677,0.074821,0.820453,0.019602,20,0
0.117111,0.129295,0.112505,0.070665,0.145951,0.871936,0.032606,200,0
0.15814,0.155084,0.096569,0.030884,0.045959,0.843851,0.037776,20,1
0.1346,0.131635,0.072037,0.021543,0.071071,0.882432,0.00495,500,1
0.223523,0.299685,0.145798,0.037834,0.080176,0.671357,0.008921,500,1
0.095322,0.074747,0.113994,0.052858,0.041885,0.863886,0.019337,20,0
0.140363,0.125116,0.178239,0.061445,0.118116,0.815434,0.044265,200,0
0.171205,0.23749,0.061144,0.000931,0.201242,0.758241,0.032904,200,0
0.143904,0.214031,0.18686,0.022443,0.130854,0.736973,0.020838,50,0
0.12514,0.141773,0.133638,0.108922,0.114604,0.856035,0.0516,20,1
0.139889,0.15218,0.155108,0.064111,0.171324,0.828089,0.030154,500,1
0.084107,0.108564,0.129828,0.065775,0.100352,0.877571,0.030266,10,0
0.075867,0.077626,0.100581,0.005623,0.036471,0.885412,0.011568,20,0
0.166208,0.171582,0.148102,0.03696,0.139831,0.82459,0.030219,10,0
0.13616,0.13305,0.041517,0.064933,0.085539,0.830927,0.020202,10,0
0.164194,0.215722,0.133719,0.009102,0.183114,0.776904,0.026528,10,0
0.109847,0.049265,0.018135,0.058406,0.083956,0.878619,0.011502,20,0
0.191464,0.256589,0.287008,0.038293,0.097976,0.723751,0.00071,200,0
0.152968,0.149563,0.119369,0.128612,0.244794,0.845463,0.066304,50,1
0.155653,0.122826,0.110544,0.069092,0.066868,0.824264,0.027357,200,0
0.11866,0.131132,0.31524,0.038366,0.095289,0.69389,0.014628,50,1
0.131613,0.143268,0.115016,0.095401,0.138135,0.828078,0.030408,10,1
0.213892,0.257681,0.20217,0.020542,0.055149,0.8051,0.007691,20,0
0.088017,0.09699,0.094078,0.046238,0.097587,0.854097,0.024077,2000,1
0.142399,0.143699,0.156002,0.072423,0.160537,0.853974,0.039818,50,0
0.107037,0.110062,0.111558,0.005651,0.091654,0.858624,0.030548,100,0
0.141207,0.141494,0.064732,0.016882,0.069466,0.791799,0.011684,500,1
0.127484,0.164463,0.12266,0.009361,0.115462,0.845999,0.022459,50,0
0.111146,0.113131,0.146413,0.021516,0.066992,0.821156,0.013463,500,1
0.272939,0.299024,0.0,0.041218,0.056145,0.81437,0.0107,2000,0
0.138931,0.167111,0.158282,0.08186,0.206282,0.825857,0.020941,100,0
0.106645,0.10363,0.143765,0.023449,0.072239,0.850004,0.019001,10,0
0.11283,0.159006,0.115164,0.008259,0.010463,0.862908,0.006651,20,0
0.060435,0.066104,0.098161,0.046714,0.058463,0.879233,0.012936,20,0
0.183798,0.237544,0.160504,0.121208,0.243191,0.732277,0.030517,2000,0
0.072026,0.090415,0.084314,0.042642,0.055137,0.914235,0.030806,100,0
0.151615,0.169476,0.251827,0.028392,0.156597,0.744324,0.022292,10,1
0.157432,0.192449,0.216405,0.020031,0.139011,0.788799,0.030566,200,0
0.147637,0.150844,0.235484,0.095262,0.277498,0.761729,0.063532,500,1
0.172169,0.162121,0.05401,0.037928,0.06438,0.825243,0.01677,500,0
0.197258,0.124772,0.122623,0.042541,0.087712,0.762932,0.022693,200,0
0.145109,0.116203,0.209957,0.050961,0.131296,0.786177,0.036941,50,0
0.127976,0.233108,0.222708,0.077359,0.125821,0.778312,0.030677,200,0
0.141639,0.160964,0.169662,0.017441,0.112174,0.810449,0.006414,20,0
0.157303,0.098984,0.136776,0.029801,0.118803,0.822064,0.016323,50,0
0.050796,0.13647,0.14953,0.012496,0.011265,0.851843,0.00513,500,0
0.082669,0.134589,0.134427,0.027059,0.06727,0.762414,0.013482,500,1
0.077659,0.130872,0.107641,0.012979,0.093835,0.866019,0.025447,100,0
0.126504,0.116237,0.115766,0.053529,0.105373,0.880283,0.003533,20,0
0.166648,0.161425,0.231515,0.108081,0.257243,0.753116,0.060945,50,1
0.146159,0.149743,0.200839,0.142986,0.28989,0.79518,0.069686,10,1
0.168566,0.153699,0.073444,0.071733,0.162589,0.855739,0.032962,500,0
0.082581,0.197797,0.10518,0.028248,0.044636,0.784787,0.004865,50,0
0.198104,0.18401,0.082691,0.013281,0.022431,0.838763,0.010808,2000,0
0.120816,0.132874,0.024308,0.038457,0.11382,0.854499,0.024894,100,0
0.070154,0.202667,0.150594,0.027075,0.039723,0.826703,0.008859,20,0
0.139884,0.152182,0.208006,0.072595,0.171326,0.82809,0.030147,500,1
0.138391,0.166859,0.120252,0.050848,0.063592,0.836246,0.023599,20,0
0.128364,0.167236,0.158091,0.139687,0.261409,0.840629,0.07115,100,1
0.146037,0.153486,0.196422,0.148342,0.317524,0.799522,0.080013,100,1
0.033489,0.034304,0.041112,0.021654,0.010628,0.939801,0.008187,10,1
0.141293,0.10085,0.187891,0.05824,0.115798,0.824644,0.038028,500,0
0.143844,0.220665,0.166592,0.062139,0.093883,0.792206,0.007111,10,0
0.178127,0.263147,0.404093,0.0368,0.076102,0.677205,0.005794,500,1
0.177766,0.193561,0.177104,0.025092,0.102702,0.833632,0.004791,500,0
0.199571,0.18471,0.170464,0.007683,0.052111,0.815575,0.028863,2000,0
0.089591,0.094394,0.156881,0.021101,0.114052,0.875483,0.017675,200,0
0.116256,0.182349,0.142731,0.021622,0.061143,0.787657,0.007479,500,1
0.175503,0.272199,0.049921,0.078012,0.131809,0.772703,0.01543,10,0
0.187508,0.149385,0.201843,0.070681,0.138769,0.834367,0.033731,20,0
0.095021,0.18625,0.186732,0.068695,0.132991,0.786661,0.024792,20,0
0.144414,0.158755,0.093582,0.077516,0.155673,0.854243,0.036405,50,0
0.135124,0.195787,0.171399,0.027816,0.089066,0.790672,0.031077,10,0
0.19998,0.185794,0.158194,0.139905,0.219824,0.785162,0.070111,500,0
0.126872,0.177012,0.099723,0.018853,0.058083,0.854422,0.011426,100,0
0.111331,0.149858,0.085349,0.063683,0.102823,0.858976,0.033173,50,0
0.152456,0.159222,0.135656,0.101626,0.188285,0.847196,0.042195,20,0
0.173103,0.173753,0.274327,0.114417,0.168851,0.710435,0.024459,100,1
0.086876,0.1982,0.263847,0.060868,0.083142,0.752287,0.026953,500,1
0.144927,0.240725,0.173406,0.031286,0.114066,0.750468,0.043868,500,0
0.213766,0.18709,0.285368,0.008822,0.178066,0.659368,0.019239,200,1
0.192513,0.185164,0.028701,0.011019,0.031366,0.860208,0.006694,500,0
0.110587,0.147156,0.021065,0.038575,0.103858,0.833552,0.011423,10,0
0.141855,0.148457,0.126552,0.050991,0.095699,0.833129,0.017282,500,0
0.100892,0.116943,0.022036,0.079981,0.112089,0.868787,0.019437,100,0
0.127211,0.331941,0.234396,0.055341,0.102491,0.722025,0.021256,20,0
0.155016,0.155841,0.107353,0.01492,0.07101,0.869905,0.008573,10,0
0.15,0.146793,0.178681,0.182548,0.322783,0.772306,0.091044,200,1
0.103553,0.152455,0.096543,0.022613,0.10372,0.855669,0.006196,20,0
0.168065,0.152255,0.122538,0.117331,0.133744,0.837773,0.063065,500,1
0.143239,0.15281,0.191231,0.021821,0.15417,0.821843,0.008659,20,0
0.082498,0.146649,0.119027,0.045484,0.044015,0.815211,0.020991,500,1
0.142323,0.190129,0.136486,0.065717,0.155117,0.825669,0.036548,500,0
0.144412,0.122959,0.161328,0.006963,0.068553,0.86153,0.007151,500,1
0.211459,0.220572,0.215119,0.086774,0.135835,0.788431,0.054182,100,1
0.200062,0.256399,0.017433,0.011176,0.029606,0.752615,0.012399,50,0
0.079459,0.130282,0.134153,0.095176,0.074342,0.852367,0.010366,100,0
0.147875,0.145449,0.211833,0.121416,0.122666,0.826721,0.050148,200,1
0.143195,0.125263,0.269613,0.085844,0.163245,0.758069,0.067708,2000,1
0.23374,0.189776,0.092506,0.100624,0.101308,0.738572,0.048121,200,1
0.171224,0.20044,0.170811,0.07231,0.14352,0.791434,0.035735,200,0
0.088586,0.074298,0.03942,0.02023,0.03332,0.930775,0.004392,500,0
0.206089,0.24097,0.225018,0.04886,0.116673,0.753548,0.034764,50,0
0.23531,0.2111,0.136031,0.045437,0.106341,0.800092,0.002947,100,0
0.126101,0.099663,0.0834,0.022139,0.056531,0.88551,0.017431,50,0
0.135527,0.156184,0.111856,0.1744,0.311452,0.821034,0.062348,100,0
0.10156,0.164096,0.174315,0.062651,0.125356,0.824947,0.023697,20,0
0.113452,0.104922,0.059164,0.006827,0.010746,0.9067,0.00571,500,0
0.108393,0.090752,0.091347,0.029148,0.03916,0.905588,0.015219,20,0
0.192168,0.211507,0.213311,0.058887,0.114697,0.694642,0.022433,500,0
0.040931,0.200522,0.037791,0.04155,0.020842,0.789113,0.005483,20,0
0.117636,0.146586,0.088906,0.070816,0.08566,0.866849,0.024757,50,0
0.12914,0.15319,0.113194,0.105495,0.120456,0.863931,0.052036,50,1
0.084123,0.04579,0.057107,0.005688,0.004886,0.918123,0.001318,2000,0
0.199477,0.214455,0.197186,0.044244,0.070773,0.767518,0.015265,100,0
0.113741,0.142351,0.220253,0.104652,0.223821,0.802691,0.058533,50,1
0.109326,0.107771,0.094292,0.069582,0.104976,0.876587,0.018111,20,0
0.114671,0.081395,0.141037,0.049021,0.131052,0.886375,0.013279,100,0
0.140037,0.136709,0.181697,0.06518,0.136398,0.847821,0.044037,500,0
0.124873,0.171777,0.308561,0.047772,0.173495,0.724968,0.023736,10,1
0.118792,0.118073,0.126749,0.085513,0.150928,0.835839,0.038977,500,0
0.176135,0.219833,0.196692,0.103495,0.120294,0.767003,0.023305,200,0
0.123265,0.185793,0.173944,0.025933,0.087665,0.813958,0.024472,10,0
0.103667,0.19024,0.087709,0.053039,0.109509,0.828741,0.023298,50,0
0.112782,0.153711,0.196957,0.044288,0.098643,0.814565,0.025082,10,0
0.125946,0.099689,0.22826,0.017279,0.107412,0.784321,0.016363,50,0
0.15401,0.140411,0.13585,0.081336,0.086731,0.850158,0.038512,200,1
0.137049,0.111264,0.077454,0.056872,0.135107,0.87685,0.030947,50,0
0.18114,0.172033,0.302216,0.069581,0.131519,0.694756,0.018311,20,1
0.227638,0.166803,0.231066,0.042721,0.103229,0.782114,0.014713,20,0
0.149679,0.19077,0.143432,0.054678,0.121031,0.807145,0.035673,100,0
0.125135,0.126756,0.106257,0.017778,0.086419,0.878852,0.007586,10,0
0.130118,0.13426,0.152605,0.018953,0.131591,0.857981,0.039688,500,0
0.172006,0.191963,0.184437,0.118071,0.141113,0.816633,0.062743,500,1
0.121062,0.102895,0.112039,0.03273,0.114644,0.883075,0.022864,100,0
0.08195,0.114153,0.093056,0.068985,0.109845,0.888675,0.032479,10,0
0.206424,0.160776,0.111039,0.022853,0.177143,0.727313,0.044233,10,0
0.208976,0.221142,0.096658,0.014495,0.082367,0.815018,0.012923,10,0
0.114086,0.125608,0.070459,0.036578,0.132071,0.882035,0.03193,2000,0
0.127437,0.174127,0.142345,0.107325,0.194424,0.819764,0.066173,500,0
0.146156,0.163564,0.255598,0.080351,0.180427,0.773093,0.031677,500,1
0.139627,0.136473,0.137744,0.010887,0.052001,0.874974,0.020863,50,0
0.103183,0.093572,0.218819,0.045861,0.042849,0.857031,0.019073,100,0
0.126141,0.132475,0.089823,0.017652,0.123936,0.868393,0.004072,20,0
0.110035,0.09887,0.049909,0.086411,0.083268,0.864389,0.003516,100,0
0.13949,0.242663,0.176686,0.013351,0.116565,0.75295,0.017388,500,1
0.131013,0.122298,0.095204,0.033626,0.057951,0.873923,0.015928,20,0
0.162615,0.16402,0.195818,0.079181,0.124669,0.784934,0.031425,500,1
0.114663,0.091264,0.059433,0.035644,0.075514,0.919376,0.015994,100,0
0.112747,0.232234,0.180424,0.018655,0.108538,0.753557,0.019247,20,0
0.151292,0.184733,0.142093,0.036613,0.108355,0.826615,0.014704,50,0
0.219611,0.240298,0.255482,0.112852,0.288877,0.76479,0.046312,500,1
0.156634,0.205346,0.133739,0.057586,0.140525,0.810724,0.030257,200,1
0.197994,0.198052,0.160566,0.017513,0.172507,0.815426,0.031658,50,0
0.102173,0.078486,0.12288,0.01665,0.035568,0.858083,0.010218,10,0
0.122539,0.088702,0.126635,0.026229,0.111339,0.844763,0.041767,10,0
0.214936,0.097217,0.206628,0.044041,0.098426,0.786684,0.005909,50,0
0.178556,0.187024,0.195829,0.063699,0.216458,0.787687,0.041531,200,1
0.172245,0.286174,0.183996,0.045195,0.088497,0.728537,0.02464,500,0
0.121236,0.145317,0.146973,0.005191,0.09145,0.846055,0.015072,200,0
0.21969,0.225206,0.378031,0.031817,0.094602,0.683881,0.016556,500,1
0.154804,0.125312,0.14215,0.07135,0.069741,0.831133,0.038821,100,1
0.184042,0.234816,0.154818,0.009314,0.139197,0.781511,0.034473,100,0
0.172608,0.165238,0.097748,0.106853,0.240591,0.818352,0.053832,20,0
0.192658,0.176642,0.234811,0.199491,0.33061,0.749713,0.07497,500,1
0.14408,0.160834,0.123317,0.058929,0.126431,0.850475,0.025663,200,0
0.120249,0.260102,0.221544,0.044248,0.110631,0.767738,0.021436,50,0
0.13267,0.183244,0.112639,0.055085,0.095281,0.859505,0.02425,10,0
0.148443,0.127234,0.169301,0.035462,0.093345,0.809209,0.015034,100,0
0.218245,0.248554,0.050001,0.037727,0.081208,0.794357,0.010008,50,0
0.15298,0.161596,0.186399,0.060873,0.113509,0.795713,0.031667,500,0
0.184649,0.139809,0.192062,0.047498,0.117163,0.778156,0.014385,50,0
0.183067,0.210457,0.173893,0.074925,0.100493,0.81222,0.046269,500,1
0.095925,0.094903,0.12482,0.030522,0.036533,0.871778,0.021097,50,0
0.09367,0.098467,0.047482,0.047568,0.058059,0.862977,0.011269,20,0
0.102867,0.032775,0.054764,0.07871,0.075892,0.905286,0.012492,50,0
0.154505,0.181946,0.137573,0.092431,0.111261,0.785908,0.035012,500,0
0.099393,0.162472,0.125786,0.050833,0.106143,0.845223,0.025483,10,0
0.104665,0.157348,0.100195,0.041207,0.130419,0.836091,0.030136,20,0
0.158611,0.195779,0.110089,0.055727,0.115724,0.804116,0.023585,2000,0
0.125012,0.142208,0.248656,0.017576,0.228256,0.74034,0.040785,100,1
0.184287,0.283978,0.166722,0.07981,0.14954,0.776555,0.030553,200,0
0.126119,0.162667,0.060481,0.014999,0.112793,0.84439,0.015855,20,0
0.165506,0.239937,0.152608,0.0494,0.196695,0.783215,0.021384,10,0
0.120525,0.127632,0.117035,0.143405,0.251055,0.862515,0.072991,50,1
0.155252,0.15936,0.186226,0.035279,0.042579,0.836602,0.013209,200,1
0.115027,0.161573,0.120754,0.05262,0.111483,0.837267,0.035526,20,0
0.168132,0.188965,0.15088,0.024487,0.101783,0.833521,0.014119,50,0
0.178415,0.251583,0.192676,0.018112,0.075555,0.75658,0.01645,20,0
0.134055,0.193577,0.195677,0.034964,0.105181,0.769873,0.019378,20,0
0.133426,0.145371,0.091042,0.035088,0.075371,0.825467,0.01301,20,0
0.144932,0.186232,0.265023,0.081911,0.260961,0.743986,0.043858,100,1
0.136007,0.206703,0.202814,0.006755,0.100531,0.760061,0.011351,500,1
0.196635,0.171222,0.272752,0.012516,0.12392,0.720267,0.024608,20,1
0.163112,0.199425,0.248899,0.197875,0.356878,0.781041,0.096166,500,1
0.139576,0.131463,0.162726,0.040703,0.16274,0.779642,0.039399,200,1
0.037125,0.0311,0.014985,0.006031,0.005169,0.951962,0.002648,10,0
0.096147,0.093448,0.085731,0.007991,0.083952,0.882385,0.019021,50,0
0.126865,0.165097,0.137172,0.095025,0.141074,0.849625,0.033071,200,0
0.177455,0.172359,0.185153,0.139961,0.282928,0.815359,0.073549,20,1
0.1513,0.1473,0.211623,0.023969,0.121286,0.790196,0.03518,500,0
0.155809,0.17721,0.151438,0.051287,0.21742,0.817321,0.030861,100,0
0.194434,0.208392,0.125014,0.063816,0.076548,0.796934,0.016031,100,0
0.166067,0.171842,0.185322,0.185615,0.354554,0.825218,0.088245,500,1
0.150189,0.219152,0.255503,0.031049,0.097677,0.765467,0.013298,20,0
0.139979,0.135751,0.058334,0.068294,0.061364,0.864645,0.019777,50,1
0.181004,0.19638,0.202148,0.022874,0.089288,0.764207,0.01323,10,0
0.052672,0.055061,0.157544,0.031234,0.052961,0.87381,0.027184,20,0
0.07959,0.076506,0.164992,0.044015,0.089738,0.887279,0.045913,100,0
0.077885,0.116614,0.092468,0.052769,0.102153,0.825236,0.021445,100,0
0.173095,0.194158,0.271154,0.07259,0.205387,0.735152,0.037,200,1
0.147969,0.156804,0.179696,0.163021,0.293639,0.835874,0.078874,100,1
0.162536,0.162541,0.126465,0.111704,0.20587,0.819939,0.055957,500,1
0.161786,0.156931,0.020236,0.064997,0.102767,0.827546,0.026064,10,0
0.132093,0.201363,0.035957,0.019165,0.118573,0.820161,0.025013,20,0
0.182624,0.157495,0.118903,0.15843,0.341999,0.811218,0.07812,50,0
0.145866,0.217456,0.206077,0.077263,0.133196,0.793195,0.031315,200,0
0.119934,0.120702,0.111727,0.015695,0.042253,0.878852,0.010914,200,0
0.16503,0.164539,0.144341,0.094254,0.22284,0.852001,0.05158,50,0
0.128077,0.146337,0.068927,0.011763,0.111727,0.873349,0.024994,20,0
0.122111,0.239254,0.132587,0.008583,0.180137,0.757567,0.023503,50,0
0.114595,0.129248,0.048356,0.070194,0.114892,0.861961,0.019926,100,0
0.146641,0.14995,0.170966,0.179659,0.334967,0.84138,0.089423,100,1
0.131747,0.155887,0.189955,0.092022,0.134305,0.785707,0.02732,50,0
0.097956,0.144561,0.151907,0.074959,0.125118,0.850332,0.013796,100,0
0.100284,0.242058,0.202149,0.071668,0.116216,0.737636,0.019467,10,0
0.09304,0.131657,0.134854,0.022142,0.078911,0.863896,0.006913,2000,1
0.132663,0.132476,0.129343,0.086984,0.189235,0.833759,0.059148,2000,0
0.137058,0.165389,0.141239,0.085309,0.146958,0.826146,0.032797,500,0
0.14058,0.168561,0.26924,0.171681,0.328535,0.776724,0.080661,100,1
0.185801,0.193656,0.180171,0.145176,0.267724,0.818643,0.063426,200,1
0.107063,0.195074,0.114562,0.016049,0.071059,0.832406,0.010011,20,0
0.130967,0.158048,0.1655,0.123775,0.134954,0.841681,0.055929,200,1
0.152201,0.174354,0.135311,0.039842,0.120587,0.8703,0.00691,500,0
0.087511,0.131461,0.146362,0.060954,0.130769,0.845842,0.036503,100,0
0.1641,0.185553,0.214236,0.068673,0.16145,0.803201,0.026204,20,1
0.18902,0.236533,0.077638,0.014307,0.078292,0.793626,0.019873,10,0
0.093988,0.088137,0.182632,0.107021,0.120258,0.812212,0.032109,50,0
0.113116,0.137188,0.045164,0.007857,0.094756,0.883406,0.012628,50,0
0.113338,0.124596,0.124571,0.028172,0.0623,0.882663,0.017745,500,0
0.164293,0.14511,0.122341,0.055372,0.040715,0.834636,0.018793,200,1
0.143578,0.121425,0.136796,5e-06,0.03211,0.775397,0.019628,10,1
0.148853,0.183678,0.229075,0.138015,0.242329,0.750073,0.061883,100,0
0.127867,0.142438,0.154089,0.016436,0.096383,0.806226,0.02602,10,0
0.140074,0.126987,0.054635,0.014963,0.125758,0.846732,0.022535,100,0
0.112008,0.10378,0.11986,0.07623,0.137293,0.879082,0.027938,100,0
0.228103,0.237745,0.145425,0.051557,0.108757,0.793597,0.015427,500,0
0.1335,0.181751,0.210869,0.027184,0.1338,0.788563,0.032921,2000,0
0.108056,0.100206,0.116397,0.106454,0.122192,0.878763,0.053295,20,1
0.121947,0.137607,0.099005,0.004436,0.138634,0.853372,0.051107,20,0
0.121918,0.248379,0.104616,0.017941,0.038924,0.731978,0.014018,100,0
0.196565,0.207477,0.100242,0.040402,0.113774,0.794975,0.012804,10,0
0.123101,0.157212,0.121564,0.07067,0.163368,0.820143,0.014811,100,0
0.153376,0.238396,0.22883,0.028532,0.083392,0.797538,0.010972,50,0
0.068752,0.116776,0.144554,0.012559,0.015421,0.880846,0.008644,500,0
0.135214,0.188082,0.124817,0.055937,0.11566,0.795241,0.026563,100,0
0.081715,0.13214,0.07518,0.075372,0.102624,0.879917,0.030781,50,0
0.192373,0.184314,0.027446,0.053527,0.118525,0.785366,0.039839,50,0
0.150106,0.130822,0.10458,0.130108,0.132297,0.857296,0.057642,200,1
0.099426,0.083587,0.08116,0.012415,0.039776,0.879644,0.015062,10,0
0.137667,0.106963,0.175481,0.064311,0.13003,0.807041,0.045232,200,0
0.109412,0.153364,0.105415,0.041491,0.114307,0.789949,0.018211,500,1
0.155905,0.171804,0.266864,0.061418,0.159392,0.805746,0.026725,10,0
0.195716,0.159393,0.135717,0.019102,0.04976,0.832442,0.014501,50,0
0.138395,0.136837,0.128999,0.006933,0.11044,0.874434,0.025349,20,0
0.240535,0.187166,0.02039,0.068571,0.113953,0.728595,0.033085,100,0
0.083773,0.105128,0.070346,0.03211,0.074622,0.83898,0.014849,100,0
0.173469,0.169295,0.129493,0.034414,0.107788,0.811823,0.021858,10,0
0.163734,0.184545,0.206882,0.113799,0.239205,0.797994,0.062355,100,1
0.12314,0.092459,0.120024,0.028355,0.088391,0.882942,0.003693,50,0
0.130026,0.124826,0.108002,0.05816,0.140951,0.856259,0.019471,100,0
0.103732,0.081855,0.1254,0.014963,0.010611,0.87365,0.008206,2000,0
0.239828,0.236603,0.113602,0.026961,0.098446,0.757482,0.011964,500,0
0.178131,0.15753,0.268845,0.069846,0.127041,0.710177,0.019686,200,1
0.174318,0.308757,0.076929,0.027428,0.103751,0.716119,0.019351,20,0
0.114628,0.118294,0.095628,0.021165,0.079441,0.843829,0.032623,10,0
0.125746,0.18776,0.154909,0.059786,0.113504,0.79511,0.01737,50,0
0.261335,0.294496,0.020073,0.00973,0.070819,0.757633,0.00617,2000,0
0.186682,0.177798,0.165744,0.005591,0.085417,0.839451,0.021975,500,0
0.192529,0.207289,0.196891,0.090074,0.171872,0.793773,0.029506,500,1
0.118552,0.098825,0.0432,0.023415,0.068804,0.872736,0.017456,10,0
0.162739,0.22218,0.245231,0.231567,0.271368,0.748787,0.040339,200,0
0.059063,0.119685,0.092207,0.024441,0.034597,0.84692,0.007572,500,1
0.120472,0.137691,0.062111,0.044959,0.110563,0.881531,0.025782,500,0
0.259883,0.203157,0.185374,0.127615,0.272138,0.718068,0.084987,10,0
0.095022,0.160046,0.32055,0.04756,0.070682,0.739453,0.019074,500,1
0.156085,0.140607,0.045718,0.02252,0.062845,0.849427,0.02409,500,0
0.08331,0.073957,0.053555,0.036693,0.083934,0.916738,0.016589,50,0
0.149112,0.218157,0.250937,0.063598,0.152636,0.775624,0.02965,100,0
0.138394,0.156285,0.18708,0.014158,0.129114,0.854823,0.068722,20,0
0.160653,0.20528,0.301041,0.12924,0.234836,0.737092,0.057118,100,1
0.127021,0.230198,0.182877,0.067841,0.141113,0.747123,0.03023,500,0
0.065377,0.086969,0.052434,0.008822,0.009255,0.919737,0.002895,10,0
0.133857,0.164582,0.132913,0.063838,0.129413,0.83582,0.03853,10,1
0.121064,0.05109,0.094011,0.030316,0.076492,0.884984,0.021166,10,0
0.161975,0.178565,0.208107,0.066921,0.127712,0.814716,0.029829,100,1
0.186453,0.23957,0.211373,0.050078,0.084375,0.744228,0.020918,10,0
0.102054,0.14498,0.100446,0.041011,0.070568,0.878944,0.018299,50,0
0.178208,0.184674,0.255355,0.017795,0.068873,0.767674,0.018027,50,0
0.098644,0.266141,0.249713,0.035605,0.083832,0.722215,0.011422,100,0
0.101567,0.071067,0.01435,0.007841,0.040981,0.897588,0.00889,50,0
0.18157,0.208097,0.222161,0.019376,0.183561,0.688205,0.03546,50,1
0.267615,0.290033,0.10485,0.067819,0.087276,0.766529,0.006333,20,0
0.197799,0.209549,0.214425,0.087442,0.232152,0.796231,0.035998,20,1
0.253316,0.243577,0.269782,0.141241,0.23581,0.730096,0.055541,500,0
0.184099,0.273064,0.453946,0.037208,0.097108,0.665919,0.014993,500,1
0.113291,0.110992,0.143486,0.033785,0.030119,0.85987,0.013319,100,1
0.098648,0.11239,0.205446,0.023172,0.066781,0.825886,0.009614,100,0
0.135584,0.125457,0.135964,0.120379,0.147681,0.847085,0.006823,100,0
0.137464,0.141978,0.182562,0.061578,0.142043,0.828896,0.029355,10,1
0.140122,0.14024,0.129654,0.129264,0.200833,0.85832,0.054861,100,0
0.123257,0.12663,0.022452,0.05427,0.06395,0.878231,0.018631,20,0
0.149984,0.188899,0.153072,0.065573,0.126919,0.809135,0.032851,100,0
0.153121,0.137019,0.134793,0.022364,0.07847,0.865364,0.003317,200,0
0.129742,0.103678,0.019737,0.060973,0.11418,0.877884,0.017643,200,0
0.202938,0.03523,0.114546,0.024934,0.051618,0.746218,0.017268,100,0
0.130234,0.137793,0.111905,0.120952,0.211026,0.859626,0.049949,10,1
0.125899,0.129142,0.127541,0.077199,0.043359,0.84331,0.015656,200,1
0.175293,0.193545,0.249947,0.123494,0.249618,0.736103,0.056978,50,1
0.156737,0.151064,0.195456,0.149818,0.233051,0.789783,0.051427,500,1
0.139178,0.149199,0.173483,0.17881,0.30777,0.840956,0.078456,50,1
0.093157,0.151508,0.12647,0.026532,0.094924,0.854797,0.031678,50,0
0.15374,0.158222,0.206315,0.069553,0.074022,0.803339,0.013736,10,1
0.067973,0.176289,0.103216,0.035062,0.081625,0.791853,0.016418,10,0
0.133699,0.09247,0.115141,0.058676,0.119987,0.880839,0.019361,20,0
0.157394,0.175394,0.207372,0.130635,0.24781,0.793292,0.062837,100,1
0.182568,0.13564,0.07041,0.021305,0.057904,0.820648,0.011839,500,0
0.15066,0.187459,0.028157,0.02362,0.081606,0.802667,0.010604,500,0
0.147668,0.180387,0.143803,0.104519,0.126198,0.851928,0.05524,20,1
0.139326,0.118588,0.141889,0.048761,0.13002,0.844532,0.02894,100,0
0.175226,0.257546,0.178754,0.039768,0.125499,0.783488,0.023617,20,0
0.150316,0.155006,0.085024,0.11609,0.128948,0.847948,0.058778,500,1
0.211198,0.218365,0.231632,0.02281,0.078884,0.792446,0.010829,10,0
0.136945,0.26791,0.268815,0.0756,0.122284,0.745592,0.012039,10,0
0.252267,0.202234,0.243711,0.010139,0.030606,0.771708,0.004231,20,0
0.131204,0.183083,0.113206,0.107618,0.149282,0.84156,0.008963,100,0
0.143598,0.122393,0.081574,0.025712,0.126567,0.843312,0.021559,100,0
0.119404,0.201125,0.161998,0.055761,0.098274,0.798611,0.029742,100,0
0.218107,0.151805,0.012792,0.030865,0.107963,0.753421,0.021285,2000,0
0.131043,0.116239,0.164196,0.028606,0.049457,0.83276,0.026803,500,1
0.101198,0.111882,0.118896,0.022242,0.066665,0.883561,0.016464,10,0
0.103763,0.073098,0.115747,0.015952,0.048052,0.864215,0.01604,200,0
0.23228,0.2018,0.054725,0.031022,0.122885,0.777886,0.01359,500,0
0.104656,0.107755,0.104386,0.014764,0.126103,0.86927,0.013451,50,0
0.143362,0.165605,0.087841,0.052832,0.076082,0.849014,0.022524,50,1
0.13597,0.219801,0.231734,0.028886,0.127439,0.787883,0.034645,2000,0
0.195745,0.217319,0.20942,0.0278,0.143617,0.752081,0.011442,200,0
0.111758,0.116153,0.118896,0.009489,0.087205,0.87555,0.037543,100,0
0.256341,0.299762,0.025549,0.031451,0.115613,0.75274,0.023749,20,0
0.09813,0.082573,0.055892,0.056798,0.090359,0.903755,0.036256,20,0
0.17507,0.162608,0.249955,0.038107,0.091925,0.72123,0.023118,10,0
0.137035,0.145958,0.068023,0.008415,0.112288,0.866516,0.031878,200,0
0.131082,0.073507,0.032517,0.074725,0.082147,0.887825,0.005136,50,0
0.094333,0.055027,0.100217,0.033481,0.07353,0.904303,0.003814,50,0
0.273492,0.148805,0.03099,0.035419,0.081994,0.777044,0.024537,50,0
0.171219,0.170708,0.138208,0.056353,0.128886,0.847477,0.041952,100,0
0.217187,0.253776,0.152602,0.073878,0.114336,0.764607,0.03003,500,0
0.194368,0.191816,0.138621,0.022609,0.158306,0.785453,0.059232,50,0
0.172246,0.208324,0.159547,0.097086,0.190337,0.819348,0.009452,50,0
0.128284,0.189588,0.076674,0.038123,0.117161,0.798661,0.023679,200,0
0.164197,0.220973,0.322954,0.06162,0.123874,0.725839,0.024332,500,1
0.146011,0.205516,0.154884,0.056024,0.107957,0.765124,0.022813,10,0
0.078258,0.091345,0.063108,0.023312,0.033752,0.925332,0.010856,100,0
0.163157,0.180611,0.227832,0.071565,0.108724,0.808907,0.022961,10,0
0.140547,0.146106,0.176285,0.112963,0.118128,0.832698,0.048184,500,1
0.118415,0.121576,0.117212,0.134025,0.236455,0.863728,0.065748,10,1
0.153211,0.091599,0.138461,0.02974,0.107831,0.841436,0.031788,10,0
0.120769,0.103489,0.037516,0.076207,0.090233,0.886118,0.006509,100,0
0.173214,0.202003,0.164315,0.086248,0.212706,0.786391,0.038157,500,0
0.315303,0.308348,0.282906,0.017564,0.100563,0.723727,0.008672,20,0
0.132756,0.197706,0.174828,0.007468,0.114826,0.81508,0.021613,100,0
0.15908,0.165504,0.131904,0.152595,0.281651,0.849213,0.064272,200,1
0.107766,0.1429,0.128431,0.06396,0.109026,0.823844,0.030509,20,0
0.138402,0.124436,0.136622,0.025018,0.070301,0.860039,0.020033,20,0
0.097234,0.090473,0.069475,0.016825,0.014156,0.878417,0.00919,10,1
0.148419,0.120362,0.074384,0.026858,0.088717,0.846757,0.018119,100,0
0.09837,0.113107,0.090845,0.008169,0.031554,0.895053,0.015777,10,0
0.138772,0.196699,0.155692,0.139137,0.215835,0.775814,0.062007,100,1
0.132278,0.185505,0.063397,0.032927,0.067126,0.806599,0.004191,500,1
0.14972,0.144051,0.230123,0.095778,0.209408,0.726264,0.052588,10,1
0.145275,0.163352,0.00032,0.015267,0.139396,0.844516,0.01785,10,0
0.113225,0.103384,0.108906,0.005446,0.126624,0.868284,0.01996,50,0
0.107541,0.19104,0.139501,0.047273,0.098451,0.803436,0.040147,20,0
0.203803,0.165446,0.058088,0.003962,0.017861,0.825267,0.004586,500,0
0.116374,0.124497,0.116325,0.116921,0.144588,0.859112,0.064716,100,1
0.202736,0.162998,0.22171,0.012115,0.06935,0.779787,0.022746,2000,0
0.114802,0.145212,0.19721,0.023839,0.117512,0.819948,0.028196,200,0
0.129165,0.102112,0.09371,0.119435,0.165039,0.860436,0.045364,50,0
0.15874,0.188339,0.016978,0.018061,0.092218,0.838771,0.015581,10,0
0.10019,0.181497,0.101259,0.045343,0.103998,0.821701,0.025736,20,0
0.127992,0.13669,0.172281,0.101692,0.137016,0.855361,0.066087,500,1
0.14595,0.1205,0.162522,0.072269,0.192063,0.841094,0.011928,100,0
0.135747,0.086185,0.083829,0.065167,0.108658,0.863696,0.02987,200,0
0.089424,0.194031,0.143666,0.041448,0.103363,0.731642,0.021523,500,0
0.164833,0.186249,0.22151,0.041744,0.11861,0.793277,0.035759,50,0
0.089973,0.086338,0.106292,0.008611,0.019602,0.903488,0.008911,20,0
0.148792,0.19234,0.138053,0.083429,0.13199,0.81721,0.030799,2000,0
0.282441,0.343393,0.099133,0.013504,0.074485,0.765452,0.032955,50,0
0.103116,0.087002,0.097333,0.067364,0.100716,0.869919,0.030233,10,0
0.093987,0.107218,0.182208,0.048857,0.106188,0.834326,0.031774,10,0
0.19482,0.188813,0.176735,0.051958,0.107133,0.815107,0.015906,2000,0
0.181538,0.187598,0.317167,0.072451,0.170921,0.6661,0.021875,500,1
0.080719,0.077475,0.077073,0.015994,0.013333,0.924506,0.005472,10,0
0.142845,0.168543,0.117751,0.127613,0.162657,0.832532,0.026313,500,0
0.112671,0.084639,0.112563,0.082275,0.09728,0.886527,0.043318,10,1
0.175361,0.155671,0.108669,0.036957,0.091121,0.829853,0.019812,100,0
0.12871,0.139011,0.173541,0.175689,0.326002,0.838656,0.083729,100,1
0.229373,0.226178,0.015887,0.011502,0.023063,0.762656,0.0094,10,0
0.079641,0.101996,0.091996,0.009903,0.034282,0.911732,0.008571,200,0
0.15116,0.190878,0.133934,0.01559,0.104473,0.861898,0.025211,10,0
0.131627,0.156888,0.146012,0.089517,0.164294,0.830382,0.037177,500,1
0.11484,0.097801,0.309527,0.079172,0.120163,0.807388,0.034022,100,0
0.13419,0.11417,0.086166,0.055341,0.111377,0.862225,0.010559,10,0
0.109857,0.120317,0.099526,0.0358,0.119855,0.859745,0.0215,20,0
0.165228,0.170408,0.26669,0.019636,0.162553,0.731353,0.025858,20,1
0.108438,0.228602,0.221221,0.047218,0.128054,0.77214,0.013992,20,0
0.204155,0.298927,0.053266,0.041681,0.096959,0.805682,0.025051,500,0
0.190905,0.163918,0.16935,0.159641,0.169863,0.820322,0.071394,200,1
0.178952,0.129988,0.028227,0.042848,0.11775,0.81363,0.026147,50,0
0.137521,0.111538,0.183961,0.032759,0.08716,0.826167,0.018583,100,0
0.125821,0.079747,0.106143,0.015973,0.075126,0.863107,0.01793,10,0
0.193968,0.170471,0.183438,0.03128,0.103709,0.782283,0.028509,2000,0
0.138514,0.049742,0.136361,0.025793,0.039939,0.853496,0.01769,100,0
0.16683,0.193705,0.131151,0.026415,0.078651,0.816943,0.020457,200,0
0.137,0.180384,0.158693,0.086965,0.140015,0.797923,0.033998,10,0
0.123203,0.174516,0.295927,0.048633,0.188196,0.735624,0.038928,50,1
0.169934,0.235404,0.122668,0.004645,0.169759,0.749567,0.018678,2000,0
0.129753,0.130077,0.20627,0.027401,0.091853,0.800213,0.022433,50,0
0.09552,0.116482,0.118954,0.024675,0.103596,0.846147,0.023409,50,0
0.153084,0.140009,0.14339,0.084744,0.087588,0.874333,0.004826,50,0
0.177169,0.178773,0.240306,0.106839,0.152209,0.754435,0.02916,100,1
0.155293,0.215591,0.191124,0.068466,0.149236,0.776315,0.040757,500,0
0.107829,0.124989,0.208374,0.141162,0.261619,0.811285,0.066981,50,1
0.207074,0.17954,0.118571,0.085214,0.166565,0.725072,0.039028,500,1
0.121654,0.260724,0.172625,0.077445,0.164375,0.762687,0.031051,500,0
0.097585,0.111443,0.088726,0.072121,0.074769,0.86507,0.030541,50,1
0.1368,0.164157,0.304185,0.066086,0.153833,0.758495,0.028429,10,1
0.142687,0.124413,0.126294,0.070168,0.133954,0.806078,0.028616,20,0
0.129213,0.147734,0.037424,0.012647,0.027447,0.879254,0.006925,50,0
0.120348,0.156344,0.214829,0.177484,0.301709,0.815444,0.077394,10,1
0.100773,0.135505,0.108894,0.066637,0.123774,0.852542,0.024659,100,0
0.10826,0.102964,0.112367,0.090752,0.122069,0.882901,0.024385,100,0
0.136501,0.143102,0.185321,0.068111,0.104305,0.803817,0.02417,100,0
0.12456,0.115774,0.09252,0.075661,0.123806,0.818881,0.030264,100,0
0.154656,0.176272,0.301632,0.025525,0.088712,0.715133,0.024948,100,1
0.122054,0.110612,0.097618,0.060163,0.11928,0.862707,0.026599,10,0
0.207304,0.218321,0.220392,0.085793,0.208471,0.772944,0.036588,100,1
0.149183,0.255412,0.202754,0.028261,0.075116,0.745932,0.013727,500,0
0.192273,0.192242,0.019119,0.072932,0.129372,0.813917,0.023237,100,0
0.130055,0.147158,0.161417,0.067642,0.124629,0.852643,0.005656,500,0
0.124946,0.106167,0.118793,0.067623,0.083798,0.868083,0.010461,20,0
0.082735,0.136781,0.255835,0.114768,0.197281,0.769882,0.049694,50,1
0.15078,0.16065,0.188813,0.168012,0.309077,0.823349,0.08037,100,1
0.129562,0.214986,0.260073,0.050302,0.120606,0.768354,0.034664,100,0
0.139965,0.114089,0.131435,0.003074,0.014127,0.843573,0.011801,20,1
0.110975,0.085633,0.075181,0.004414,0.05208,0.875746,0.015621,20,0
0.130623,0.124473,0.155731,0.015693,0.086091,0.865223,0.015704,200,0
0.160025,0.142719,0.139256,0.050299,0.123921,0.815144,0.039877,200,1
0.144654,0.166735,0.214184,0.168947,0.296588,0.798084,0.075648,100,1
0.124234,0.146522,0.257824,0.016203,0.061129,0.814725,0.004419,500,1
0.112784,0.16167,0.167092,0.0185,0.07733,0.827887,0.017838,10,0
0.117962,0.094158,0.091185,0.007275,0.095228,0.850749,0.026139,20,0
0.138102,0.149388,0.196878,0.052973,0.102494,0.816005,0.030619,20,0
0.183922,0.192194,0.221782,0.080344,0.176092,0.795591,0.039958,200,1
0.221675,0.232549,0.234478,0.099121,0.257707,0.77406,0.037999,20,1
0.282014,0.057226,0.109956,0.01525,0.060466,0.718522,0.017471,50,0
0.172676,0.168317,0.171131,0.024899,0.037601,0.829363,0.020131,100,1
0.147256,0.079285,0.079347,0.035703,0.090548,0.883478,0.01301,100,0
0.167887,0.211872,0.140826,0.021166,0.147705,0.816151,0.022151,2000,1
0.112818,0.198535,0.221144,0.012205,0.059579,0.75169,0.008316,500,1
0.107849,0.129516,0.125225,0.089057,0.119658,0.858674,0.025598,50,0
0.132062,0.130446,0.057129,0.020896,0.040769,0.872525,0.00986,20,0
0.15094,0.149438,0.132079,0.073547,0.104437,0.856707,0.053509,200,1
0.159913,0.20267,0.044728,0.054926,0.153799,0.824315,0.044997,10,0
0.110687,0.118013,0.219905,0.088658,0.20611,0.798693,0.051577,10,1
0.109926,0.109399,0.10226,0.049144,0.042155,0.867128,0.015547,50,1
0.15601,0.156463,0.123462,0.131719,0.125284,0.833817,0.057493,500,1
0.08884,0.093469,0.077963,0.036846,0.07161,0.871922,0.01066,20,0
0.160962,0.29096,0.200969,0.029698,0.094603,0.743892,0.012644,20,0
0.176895,0.178544,0.15451,0.133689,0.138136,0.83402,0.063949,100,1
0.235102,0.216354,0.257171,0.135963,0.113532,0.718004,0.008427,10,0
0.201984,0.194972,0.175989,0.260244,0.275667,0.815368,0.062181,10,0
0.088017,0.09699,0.094078,0.046238,0.097587,0.854097,0.024077,2000,1
0.255675,0.170269,0.119578,0.09508,0.134806,0.734429,0.061106,20,1
0.112589,0.148787,0.027938,0.068401,0.131691,0.859751,0.027298,500,0
0.169191,0.186267,0.227186,0.102653,0.166835,0.749466,0.032466,100,1
0.111201,0.104039,0.075663,0.026655,0.063513,0.889805,0.013607,100,0
0.141597,0.146302,0.06521,0.011477,0.13762,0.83436,0.022422,100,0
0.13996,0.090285,0.096069,0.031072,0.107487,0.857212,0.010581,500,0
0.141459,0.198829,0.280792,0.064498,0.138304,0.752126,0.021435,200,0
0.122725,0.16784,0.305225,0.06902,0.19147,0.726658,0.04455,50,0
0.095511,0.139761,0.160219,0.02615,0.090897,0.782073,0.022491,500,1
0.16543,0.157536,0.161741,0.067982,0.106177,0.829668,0.025679,100,0
0.153834,0.236765,0.138186,0.098582,0.130756,0.766283,0.027945,200,0
0.088017,0.09699,0.094078,0.046238,0.097587,0.854097,0.024077,2000,1
0.140551,0.189089,0.443916,0.02477,0.134417,0.673334,0.009399,500,1
0.11736,0.118827,0.118739,0.043327,0.071969,0.886877,0.002706,20,0
0.153122,0.139252,0.095676,0.02491,0.038772,0.852523,0.02095,50,1
0.183776,0.191461,0.085793,0.060194,0.100037,0.778811,0.022383,10,0
0.115702,0.113034,0.109122,0.08398,0.141956,0.87993,0.040359,20,0
0.130931,0.203946,0.138041,0.027218,0.096482,0.8126,0.019039,50,0
0.096776,0.095441,0.10969,0.006248,0.082111,0.89671,0.011823,200,0
0.12453,0.184686,0.295873,0.079193,0.111981,0.75524,0.02272,10,1
0.138088,0.151871,0.152206,0.08427,0.238607,0.80607,0.070221,100,0
0.106221,0.134928,0.083405,0.132814,0.112023,0.841097,0.055717,500,1
0.070858,0.216337,0.166234,0.049155,0.099192,0.771018,0.03422,500,1
0.240849,0.239837,0.281055,0.086332,0.250794,0.725653,0.051626,20,1
0.154191,0.147497,0.298662,0.074077,0.142307,0.727694,0.022517,20,1
0.18209,0.227535,0.127747,0.034656,0.140724,0.75167,0.020176,50,0
0.084185,0.083197,0.049266,0.075099,0.070316,0.871763,0.013549,20,0
0.163649,0.200305,0.222929,0.060551,0.152055,0.751835,0.028827,20,0
0.13865,0.159411,0.23157,0.02101,0.061737,0.806964,0.004648,500,1
0.131462,0.1118,0.118364,0.001434,0.012809,0.859503,0.012888,500,1
0.188824,0.170609,0.167097,0.134002,0.293542,0.785026,0.072807,100,0
0.160719,0.279226,0.206286,0.033122,0.091774,0.785643,0.019604,20,0
0.132713,0.099242,0.139611,0.02306,0.031021,0.867078,0.017419,100,1
0.142887,0.11472,0.155361,0.093573,0.156665,0.833572,0.028682,500,0
0.19611,0.17564,0.137864,0.036236,0.129146,0.760593,0.010779,200,0
0.149921,0.082695,0.154823,0.013561,0.060516,0.793236,0.010503,500,1
0.142564,0.134533,0.161836,0.023048,0.06208,0.866613,0.016675,50,0
0.118882,0.086083,0.120336,0.101494,0.124045,0.867317,0.05414,500,1
0.138978,0.106767,0.228859,0.066365,0.050119,0.840053,0.021443,100,0
0.128691,0.133319,0.037956,0.016847,0.064219,0.880319,0.016682,10,0
0.169683,0.170397,0.221659,0.083383,0.300884,0.761735,0.080379,200,1
0.151956,0.172914,0.144913,0.072457,0.180714,0.840692,0.027581,20,0
0.093773,0.114466,0.125456,0.012597,0.125276,0.850772,0.042238,50,0
0.118775,0.133236,0.132328,0.098979,0.163228,0.820074,0.04763,2000,1
0.159532,0.144917,0.127695,0.057084,0.193208,0.866539,0.029633,50,0
0.34643,0.329099,0.123669,0.012446,0.056029,0.731663,0.010454,500,0
0.120858,0.031988,0.205415,0.03097,0.046532,0.856692,0.021082,50,0
0.148212,0.155202,0.074925,0.026301,0.096714,0.8139,0.020084,100,0
0.121279,0.140254,0.166979,0.054326,0.096485,0.846126,0.024186,20,0
0.164189,0.16974,0.126591,0.011011,0.100579,0.830246,0.012309,20,0
0.19056,0.196609,0.225388,0.088958,0.221529,0.791141,0.046692,200,1
0.03482,0.03915,0.09508,0.023061,0.018555,0.910753,0.005457,200,1
0.193312,0.173949,0.218593,0.039276,0.108609,0.777578,0.009988,500,0
0.134238,0.143004,0.127236,0.073193,0.135545,0.843135,0.02716,100,0
0.099292,0.077408,0.091029,0.050271,0.043747,0.892823,0.022533,20,1
0.085141,0.099369,0.10041,0.017674,0.056041,0.883955,0.019163,10,0
0.100056,0.120315,0.122739,0.071779,0.104682,0.872103,0.020763,2000,0
0.110155,0.134282,0.161034,0.024729,0.020425,0.852616,0.015233,2000,0
0.093405,0.076154,0.040009,0.093219,0.114632,0.865451,0.024217,200,0
0.187349,0.180657,0.163056,0.004237,0.078289,0.840701,0.00578,500,0
0.075991,0.111856,0.034415,0.039405,0.062098,0.883813,0.002823,200,0
0.154785,0.165953,0.140676,0.078518,0.177735,0.820491,0.050075,2000,0
0.158229,0.145368,0.16268,0.025502,0.118221,0.838701,0.028043,200,0
0.145942,0.066437,0.152017,0.054176,0.07835,0.805165,0.014189,50,0
0.184816,0.209621,0.166848,0.028345,0.102685,0.799661,0.021009,100,0
0.06004,0.057506,0.05288,0.014832,0.050655,0.90616,0.02108,500,1
0.165125,0.113655,0.140404,0.012427,0.104121,0.821347,0.015603,10,0
0.130773,0.138927,0.034007,0.003433,0.021872,0.864082,0.008617,20,0
0.150714,0.158488,0.114209,0.044806,0.133837,0.822804,0.021673,500,0
0.126295,0.149834,0.100913,0.036275,0.072101,0.820645,0.025148,10,0
0.199282,0.239307,0.073666,0.057282,0.109027,0.821966,0.029161,500,0
0.218148,0.218232,0.189249,0.08405,0.160538,0.797612,0.034758,2000,0
0.188912,0.189296,0.145987,0.018158,0.086481,0.793876,0.023887,10,0
0.078883,0.097445,0.069202,0.04341,0.11829,0.886915,0.026791,10,0
0.152436,0.141992,0.149587,0.131912,0.159961,0.841902,0.071861,50,1
0.070827,0.078167,0.07958,0.007474,0.034358,0.909196,0.010413,10,0
0.092611,0.080508,0.120571,0.022958,0.030174,0.899242,0.017809,20,0
0.178024,0.230151,0.163999,0.035159,0.095582,0.714385,0.024627,500,1
0.147334,0.117307,0.10575,0.008764,0.11963,0.855352,0.020616,20,0
0.150454,0.076134,0.00859,0.055484,0.109737,0.860064,0.019195,50,0
0.121429,0.145416,0.070433,0.039347,0.125475,0.897014,0.031255,2000,0
0.136026,0.233839,0.212898,0.040759,0.135872,0.771096,0.021637,100,0
0.128033,0.120938,0.124218,0.058442,0.093312,0.879019,0.004096,50,0
0.137913,0.119115,0.011613,0.08261,0.074954,0.865468,0.012314,50,0
0.169632,0.190785,0.007914,0.01797,0.087006,0.794166,0.010446,20,0
0.099273,0.094404,0.070846,0.03677,0.043393,0.908276,0.0167,20,0
0.137279,0.152606,0.129713,0.055252,0.114937,0.843864,0.017221,100,0
0.15489,0.172844,0.236947,0.052743,0.122266,0.790595,0.031676,50,0
0.125956,0.121767,0.076992,0.009377,0.102805,0.880805,0.013384,10,0
0.238178,0.185708,0.242114,0.125321,0.257176,0.777394,0.109885,10,0
0.188308,0.149054,0.140027,0.049065,0.091618,0.786059,0.011376,50,0
0.124598,0.12173,0.092325,0.08444,0.145711,0.862085,0.03531,2000,1
0.174836,0.257648,0.039691,0.035173,0.122916,0.800003,0.008326,200,0
0.128196,0.142374,0.222897,0.03691,0.094743,0.812501,0.02611,10,0
0.146768,0.266493,0.20415,0.063582,0.138401,0.741344,0.019068,200,0
0.12769,0.172185,0.151707,0.109081,0.159637,0.821247,0.035243,100,0
0.12398,0.126563,0.008438,0.030919,0.018618,0.873597,0.003761,500,0
0.156386,0.116014,0.144097,0.006225,0.088261,0.852828,0.028258,100,0
0.105601,0.15262,0.066082,0.016662,0.056641,0.857687,0.004947,100,0
0.124117,0.129496,0.094642,0.031858,0.050691,0.888628,0.009708,500,0
0.11816,0.214123,0.134677,0.001267,0.03508,0.781267,0.002886,200,1
0.198522,0.219464,0.158477,0.173634,0.316262,0.77798,0.067228,2000,1
0.151879,0.159259,0.248862,0.02788,0.077478,0.798312,0.012704,500,1
0.118355,0.117481,0.126465,0.026297,0.111684,0.855196,0.017902,10,0
0.084347,0.122177,0.081901,0.016458,0.045714,0.827848,0.005828,500,1
0.088402,0.124051,0.135493,0.052913,0.047309,0.887429,0.025908,100,0
0.075447,0.10052,0.159092,0.008703,0.04724,0.863848,0.012526,10,0
0.166535,0.161159,0.115795,0.104422,0.130291,0.760479,0.044514,500,0
0.151743,0.150121,0.178382,0.033989,0.150565,0.830474,0.038369,50,1
0.085912,0.075076,0.084194,0.008621,0.066615,0.901633,0.004542,10,0
0.336869,0.284778,0.27422,0.02014,0.068663,0.710656,0.012099,2000,0
0.089037,0.076627,0.036526,0.018203,0.010047,0.919373,0.003246,2000,0
0.10257,0.106453,0.120221,0.057162,0.107766,0.890258,0.035455,100,0
0.125235,0.10968,0.094704,0.110444,0.127192,0.868849,0.054433,10,1
0.108778,0.066418,0.089686,0.026597,0.037241,0.739764,0.016506,50,1
0.212534,0.219432,0.172491,0.060385,0.190226,0.796252,0.058728,20,1
0.088167,0.09143,0.09403,0.046095,0.09749,0.850959,0.025952,2000,1
0.183661,0.20114,0.150207,0.06194,0.156826,0.808087,0.046086,10,0
0.115945,0.156364,0.145447,0.016957,0.101552,0.843946,0.015536,50,0
0.111742,0.099446,0.094651,0.089162,0.114738,0.85896,0.051904,100,1
0.114349,0.133067,0.077219,0.035225,0.032967,0.881295,0.020694,50,0
0.104192,0.129262,0.085168,0.101639,0.114331,0.887737,0.051774,500,1
0.177658,0.158249,0.202004,0.02792,0.115809,0.835409,0.051491,500,0
0.146096,0.165226,0.166962,0.019571,0.07578,0.835153,0.01791,200,0
0.146028,0.197171,0.210411,0.084498,0.140702,0.734873,0.034374,100,1
0.089654,0.092355,0.07482,0.089528,0.141876,0.900595,0.033218,2000,0
0.144646,0.255943,0.356215,0.015368,0.099909,0.660689,0.030013,500,1
0.150308,0.174278,0.23765,0.161117,0.329826,0.757464,0.078677,100,1
0.253899,0.214258,0.202065,0.146625,0.26989,0.784154,0.111788,20,0
0.191251,0.193063,0.153367,0.008221,0.136069,0.805086,0.040472,100,0
0.115572,0.082988,0.227217,0.043383,0.133765,0.77592,0.035523,100,0
0.138011,0.178951,0.192251,0.139031,0.110746,0.776014,0.023492,50,0
0.20591,0.21311,0.135859,0.071807,0.15547,0.811602,0.030916,20,0
0.140628,0.120269,0.193619,0.002865,0.066906,0.835414,0.016063,10,0
0.106264,0.035275,0.011866,0.101856,0.097361,0.88744,0.005379,50,0
0.060034,0.067156,0.068569,0.022749,0.034814,0.915283,0.018173,10,1
0.111387,0.174908,0.305403,0.048561,0.132126,0.779334,0.031099,100,0
0.094179,0.125393,0.104484,0.03046,0.072283,0.867916,0.015529,20,0
0.196486,0.197459,0.204314,0.098356,0.238563,0.789817,0.039237,100,1
0.132896,0.279957,0.158254,0.029468,0.083379,0.695074,0.007323,500,1
0.096166,0.110241,0.101215,0.030474,0.065042,0.889583,0.003769,20,0
0.289319,0.171368,0.209376,0.039132,0.086882,0.742118,0.013961,50,0
0.115559,0.107941,0.053615,0.029199,0.079011,0.887932,0.033918,20,0
0.128376,0.125507,0.077923,0.092303,0.167381,0.854571,0.039483,2000,1
0.117574,0.120103,0.080685,0.055817,0.034045,0.877036,0.010391,200,0
0.086061,0.140488,0.058783,0.01087,0.051979,0.830342,0.007059,100,0
0.149593,0.221062,0.043213,0.046602,0.066616,0.815586,0.015423,20,0
0.153968,0.246446,0.21976,0.146902,0.183127,0.764449,0.042923,100,0
0.181138,0.171918,0.065188,0.030433,0.022909,0.856778,0.006001,500,0
0.150259,0.155681,0.140281,0.019762,0.10067,0.816984,0.018448,10,0
0.118051,0.121401,0.173181,0.030118,0.123417,0.803404,0.015152,50,0
0.120107,0.160002,0.1736,0.04529,0.088158,0.822351,0.022725,50,0
0.200772,0.211489,0.251742,0.009324,0.078686,0.741532,0.015014,2000,0
0.312756,0.318257,0.259629,0.022221,0.070614,0.742312,0.019404,500,0
0.153375,0.176102,0.15258,0.133895,0.27957,0.770854,0.079393,10,1
0.113263,0.154401,0.143487,0.054702,0.153775,0.817148,0.045533,50,0
0.173716,0.193529,0.201111,0.064976,0.103468,0.804763,0.024506,500,1
0.135352,0.265626,0.111507,0.020783,0.099492,0.777312,0.009493,100,0
0.083208,0.09976,0.09126,0.05007,0.074118,0.873556,0.019008,50,0
0.195315,0.180559,0.038647,0.071626,0.079516,0.824905,0.013106,500,0
0.072132,0.15155,0.244664,0.036259,0.104426,0.816068,0.028085,10,0
0.126197,0.161223,0.217345,0.059622,0.116507,0.76506,0.037429,2000,1
0.122451,0.212854,0.090058,0.03587,0.033175,0.780808,0.004003,100,0
0.174871,0.038477,0.108613,0.014622,0.075275,0.703266,0.014913,500,0
0.160142,0.183301,0.083839,0.051758,0.074007,0.800732,0.016376,100,0
0.090093,0.075502,0.088271,0.066397,0.060847,0.882814,0.019268,20,0
0.192727,0.220855,0.200641,0.016369,0.10459,0.783926,0.007139,200,0
0.084467,0.116573,0.114589,0.057673,0.11739,0.866275,0.025892,50,0
0.237121,0.25828,0.135147,0.027669,0.097926,0.765474,0.014598,200,0
0.08639,0.083877,0.12705,0.038669,0.047723,0.90047,0.013177,100,0
0.091442,0.147008,0.057427,0.0135,0.055419,0.81939,0.011483,10,0
0.133235,0.152728,0.133083,0.169309,0.30565,0.825599,0.086986,10,1
0.160786,0.149797,0.086248,0.052725,0.11134,0.857881,0.020631,2000,0
0.106276,0.150567,0.128597,0.018202,0.103385,0.850778,0.003864,20,0
0.08103,0.143471,0.146721,0.028607,0.068727,0.805312,0.019188,50,0
0.092403,0.116758,0.072162,0.014581,0.04728,0.841783,0.003862,500,1
0.138317,0.159705,0.007287,0.081924,0.102176,0.879311,0.018735,100,0
0.116374,0.136852,0.122699,0.1311,0.240385,0.863518,0.067018,10,1
0.090689,0.079381,0.200788,0.050973,0.077704,0.849536,0.025495,200,0
0.154899,0.152599,0.177567,0.052576,0.13433,0.768194,0.03308,100,0
0.143603,0.248518,0.203586,0.044696,0.135805,0.76681,0.013201,200,0
0.191512,0.236114,0.172543,0.021202,0.188996,0.741069,0.047214,2000,0
0.154779,0.144716,0.238644,0.016171,0.135611,0.781105,0.019769,200,0
0.067671,0.146174,0.159766,0.030281,0.087175,0.851788,0.032701,10,0
0.175136,0.186888,0.195371,0.015679,0.080555,0.830203,0.021728,50,0
0.237431,0.128574,0.094145,0.062007,0.117961,0.803669,0.034671,50,0
0.166671,0.205369,0.281667,0.065945,0.167873,0.737493,0.028157,500,1
0.154894,0.193705,0.252837,0.13903,0.277981,0.74332,0.067524,200,1
0.214917,0.277992,0.180755,0.017699,0.113616,0.738648,0.024963,200,0
0.164287,0.185114,0.141841,0.029852,0.148274,0.817558,0.008027,20,0
0.210102,0.158328,0.120967,0.122311,0.193138,0.823867,0.042364,50,0
0.09164,0.09689,0.148054,0.016039,0.031756,0.876313,0.011502,20,1
0.094131,0.071461,0.091756,0.01254,0.067273,0.891486,0.021927,10,0
0.081067,0.095117,0.147501,0.103682,0.129335,0.838281,0.032538,50,0
0.21303,0.11984,0.085866,0.04817,0.07391,0.784473,0.018181,100,0
0.117918,0.212478,0.149181,0.082315,0.147425,0.750316,0.032976,2000,1
0.149573,0.18754,0.303206,0.038319,0.1793,0.723845,0.021755,20,1
0.152106,0.177852,0.190931,0.058272,0.093841,0.825065,0.020332,100,1
0.069974,0.146733,0.106516,0.065643,0.094797,0.871329,0.029118,20,0
0.17565,0.127895,0.196512,0.097046,0.118329,0.792959,0.072433,20,1
0.186322,0.184853,0.017821,0.01917,0.062631,0.856445,0.0131,50,0
0.104577,0.118321,0.098782,0.021325,0.057181,0.876754,0.012,50,0
0.114143,0.236727,0.132712,0.016831,0.11246,0.838654,0.030117,10,0
0.158303,0.13546,0.152872,0.00535,0.057432,0.815182,0.020994,20,0
0.164062,0.243314,0.171276,0.061313,0.143427,0.745074,0.025579,200,0
0.248945,0.265095,0.106393,0.036236,0.077159,0.749526,0.0114,10,0
0.136992,0.160588,0.144471,0.048957,0.132135,0.82485,0.041026,500,0
0.194394,0.222693,0.189794,0.150633,0.298698,0.770959,0.06463,50,0
0.099897,0.135834,0.132674,0.007107,0.15221,0.847812,0.040698,100,0
0.151016,0.157409,0.128112,0.026513,0.091477,0.804365,0.018121,10,0
0.124305,0.139731,0.134636,0.092362,0.167423,0.851171,0.038535,2000,0
0.129394,0.08117,0.054321,0.058103,0.055932,0.858993,0.029606,500,1
0.169133,0.179977,0.191602,0.177396,0.286631,0.795671,0.06975,200,1
0.10629,0.151025,0.206909,0.025793,0.109682,0.813012,0.024651,20,0
0.096018,0.134423,0.097795,0.039354,0.114731,0.857884,0.024448,50,0
0.192146,0.182876,0.178901,0.11851,0.128585,0.809274,0.060824,100,1
0.11652,0.185076,0.142739,0.054938,0.132642,0.837901,0.035081,10,0
0.113231,0.189833,0.140897,0.045205,0.078718,0.790538,0.009564,20,0
0.112117,0.231514,0.226266,0.08452,0.129529,0.754035,0.022867,100,0
0.171803,0.132426,0.169814,0.069831,0.117897,0.825078,0.047335,50,0
0.126062,0.121026,0.119107,0.095756,0.118378,0.870879,0.056009,10,1
0.066563,0.24642,0.192301,0.046811,0.094615,0.734453,0.031182,500,1
0.058719,0.04272,0.034163,0.007958,0.00636,0.950665,0.002479,20,0
0.125274,0.144455,0.121306,0.011831,0.100413,0.85612,0.003271,200,0
0.030769,0.026786,0.067953,0.004468,0.009708,0.952506,0.002627,2000,0
0.098387,0.122205,0.110057,0.007254,0.072538,0.893305,0.005122,50,0
0.142616,0.133577,0.146494,0.048645,0.121619,0.836002,0.029484,10,0
0.126105,0.158687,0.164062,0.063114,0.094511,0.857006,0.02545,20,0
0.146259,0.135164,0.140095,0.052517,0.132246,0.853008,0.019678,500,0
0.118168,0.258441,0.129679,0.021159,0.129439,0.753406,0.045979,50,0
0.12834,0.135065,0.16229,0.078309,0.097744,0.843543,0.048636,50,1
0.144717,0.135786,0.174931,0.137186,0.161007,0.847072,0.07214,500,1
0.098274,0.12924,0.184492,0.053603,0.133456,0.831838,0.040534,100,0
0.186548,0.181035,0.13976,0.00881,0.122385,0.818216,0.019453,50,0
0.106155,0.116209,0.084524,0.008175,0.101349,0.899893,0.025728,100,0
0.212265,0.192101,0.159794,0.023876,0.086325,0.736045,0.025754,10,0
0.18108,0.186926,0.044564,0.073265,0.096419,0.806912,0.013382,10,0
0.08319,0.081973,0.073425,0.030671,0.027416,0.883315,0.012046,20,0
0.0746,0.100725,0.101156,0.022782,0.064888,0.880045,0.017163,10,0
0.138018,0.19588,0.014061,0.022325,0.105078,0.860751,0.013417,100,0
0.154321,0.137818,0.140297,0.007606,0.128157,0.869945,0.030641,500,0
0.039463,0.03253,0.044415,0.006859,0.016748,0.960718,0.009097,10,0
0.141128,0.142516,0.136474,0.055606,0.095528,0.850448,0.008919,10,0
0.09875,0.103321,0.106618,0.017942,0.090371,0.902039,0.031557,500,0
0.155669,0.158522,0.225447,0.021113,0.09012,0.750743,0.018991,500,1
0.132471,0.158388,0.131272,0.011271,0.162984,0.863846,0.028576,20,0
0.14865,0.141726,0.135293,0.099347,0.12499,0.88348,0.003689,100,0
0.103377,0.145287,0.093498,0.022436,0.037622,0.837562,0.010567,100,0
0.203585,0.22682,0.24041,0.081474,0.193355,0.788873,0.027617,2000,0
0.194192,0.218834,0.038466,0.011804,0.093,0.7943,0.008448,10,0
0.196679,0.195979,0.094689,0.013388,0.095194,0.83096,0.011318,500,1
0.132237,0.147122,0.189433,0.147145,0.26619,0.805074,0.068208,500,1
0.12739,0.117901,0.101891,0.009228,0.086361,0.891427,0.010755,50,0
0.112938,0.0973,0.066624,0.012751,0.031698,0.900709,0.020984,200,0
0.169981,0.197403,0.184016,0.103364,0.210671,0.811135,0.048805,20,0
0.127393,0.189146,0.18543,0.044016,0.177462,0.760598,0.034192,2000,1
0.062907,0.045862,0.081073,0.04259,0.101879,0.900614,0.044768,50,0
0.127611,0.127769,0.120327,0.040258,0.099507,0.837487,0.030523,20,0
0.076218,0.119664,0.09723,0.016319,0.104225,0.894489,0.013967,100,0
0.135847,0.144781,0.112477,0.006188,0.136961,0.861182,0.024303,100,0
0.182726,0.235768,0.190528,0.028899,0.104768,0.666953,0.019975,500,1
0.164566,0.165527,0.303488,0.062574,0.137389,0.672487,0.020844,500,1
0.096089,0.149071,0.196503,0.052038,0.062295,0.803464,0.018075,2000,1
0.128499,0.229627,0.21583,0.064689,0.098914,0.777618,0.017502,500,1
0.13096,0.12964,0.097589,0.070877,0.124896,0.846945,0.02435,100,0
0.329564,0.298006,0.281224,0.057757,0.138918,0.702665,0.055111,2000,0
0.112822,0.24558,0.220287,0.054454,0.120051,0.730759,0.026677,500,0
0.134397,0.116931,0.102103,0.047483,0.056312,0.864153,0.024293,500,1
0.124373,0.118996,0.125935,0.008836,0.076572,0.87575,0.012667,50,0
0.112769,0.182833,0.099203,0.055168,0.085206,0.807532,0.021753,20,0
0.138488,0.110825,0.35414,0.044035,0.047072,0.740761,0.018318,10,0
0.115791,0.154762,0.015837,0.006352,0.033768,0.862241,0.0139,20,0
0.143869,0.211933,0.204741,0.016381,0.048241,0.738248,0.004129,500,1
0.179456,0.206693,0.164427,0.039022,0.125818,0.802619,0.043686,50,0
0.126835,0.141681,0.080441,0.012232,0.109535,0.84492,0.041828,50,0
0.120597,0.232952,0.190224,0.046003,0.126317,0.750578,0.033209,100,0
0.092936,0.10848,0.111059,0.009663,0.050715,0.876771,0.029063,50,1
0.087785,0.092552,0.094202,0.039608,0.096761,0.906111,0.029088,10,0
0.100059,0.11576,0.050463,0.035323,0.100339,0.906698,0.006091,20,0
0.172608,0.2574,0.208621,0.044842,0.138195,0.757854,0.026135,20,0
0.134458,0.055049,0.135614,0.069288,0.099685,0.870844,0.038521,20,0
0.151439,0.225263,0.172297,0.014759,0.043508,0.769276,0.003666,200,1
0.117445,0.208702,0.135745,0.017496,0.146067,0.771098,0.041932,50,0
0.201695,0.250546,0.188872,0.026557,0.095206,0.780284,0.035054,200,0
0.081477,0.122163,0.25409,0.019258,0.046683,0.815787,0.003836,500,1
0.123017,0.205336,0.285113,0.050204,0.121116,0.74921,0.016144,10,0
0.193223,0.311659,0.033545,0.004719,0.005314,0.726328,0.004019,500,0
0.167168,0.172451,0.185499,0.137526,0.283367,0.80637,0.0798,200,1
0.152719,0.146113,0.249462,0.1441,0.265444,0.74466,0.069763,100,1
0.116195,0.137023,0.250254,0.087153,0.175359,0.736987,0.032131,100,1
0.169203,0.162234,0.113943,0.012214,0.057084,0.828045,0.00955,2000,0
0.103332,0.130169,0.103085,0.064231,0.201202,0.876221,0.023093,20,0
0.166593,0.169875,0.148134,0.157088,0.291243,0.83551,0.07021,500,1
0.10404,0.103234,0.087729,0.04927,0.054302,0.900509,0.013077,20,0
0.206869,0.209621,0.118529,0.079642,0.078984,0.823511,0.037102,100,1
0.251671,0.237227,0.240379,0.064585,0.134329,0.755226,0.024636,2000,0
0.168923,0.207581,0.090844,0.018111,0.070044,0.818671,0.00944,500,0
0.09908,0.0935,0.124358,0.007357,0.081612,0.891527,0.003701,50,0
0.088101,0.127928,0.100899,0.021623,0.069499,0.86111,0.013316,20,0
0.168108,0.15848,0.172799,0.016185,0.131033,0.758168,0.050548,50,0
0.107072,0.148515,0.07593,0.012441,0.046026,0.827835,0.011792,2000,0
0.217763,0.265302,0.216626,0.0703,0.070926,0.768377,0.021122,500,1
0.086753,0.088015,0.152399,0.020041,0.044762,0.845112,0.016113,200,0
0.117935,0.128879,0.082083,0.051544,0.032757,0.858931,0.004785,100,1
0.136183,0.127827,0.039147,0.017955,0.075324,0.85779,0.015734,500,0
0.132806,0.114345,0.137814,0.013703,0.113785,0.863276,0.003717,100,0
0.12249,0.139867,0.182562,0.062152,0.124389,0.825776,0.02739,500,0
0.12622,0.139843,0.297248,0.122484,0.262795,0.712619,0.061654,50,1
0.146839,0.195095,0.155126,0.117518,0.092356,0.833315,0.013188,200,0
0.109497,0.151055,0.082386,0.006958,0.09442,0.891936,0.003995,200,0
0.173367,0.204195,0.09545,0.023012,0.13635,0.816591,0.025078,20,0
0.16251,0.123983,0.104428,0.051124,0.119567,0.799338,0.032285,100,0
0.12416,0.125121,0.012068,0.011174,0.102426,0.87709,0.024078,50,0
0.133315,0.235421,0.239262,0.171098,0.191362,0.750853,0.076464,200,0
0.184799,0.181469,0.163299,0.122373,0.25251,0.807057,0.046605,2000,0
0.142119,0.112867,0.127539,0.062092,0.047362,0.84742,0.018938,20,1
0.145024,0.168091,0.175488,0.019973,0.104885,0.81599,0.012859,500,0
0.167342,0.194517,0.269617,0.061594,0.210972,0.764518,0.047074,100,1
0.168541,0.116283,0.060211,0.082003,0.072999,0.857596,0.022972,50,0
0.181557,0.207339,0.212737,0.074772,0.170444,0.778011,0.031288,500,1
0.12869,0.114892,0.096063,0.030612,0.139937,0.707995,0.028555,2000,0
0.142225,0.167833,0.152348,0.133592,0.247641,0.833855,0.069547,500,1
0.084669,0.120072,0.151544,0.014734,0.015492,0.849828,0.004503,10,0
0.11865,0.118842,0.121365,0.103277,0.111117,0.849574,0.050521,100,1
0.098543,0.098938,0.091043,0.030242,0.06001,0.877568,0.025978,100,0
0.165476,0.158111,0.074705,0.011844,0.01757,0.868705,0.009456,500,0
0.116976,0.14274,0.103093,0.016013,0.120949,0.830884,0.02622,20,0
0.150321,0.16938,0.213583,0.023141,0.155049,0.802903,0.033049,100,1
0.114411,0.125111,0.106623,0.10364,0.122424,0.874348,0.055662,20,1
0.136778,0.195682,0.091515,0.028588,0.137228,0.756004,0.033443,50,0
0.187762,0.198559,0.194649,0.170304,0.280994,0.763505,0.077548,20,1
0.196278,0.110242,0.017778,0.016979,0.064112,0.846868,0.009789,200,0
0.1406,0.190398,0.203956,0.118475,0.173128,0.770684,0.039654,100,0
0.174553,0.170597,0.20229,0.200568,0.300738,0.780296,0.071208,500,1
0.163209,0.161334,0.110684,0.018559,0.077785,0.846312,0.013047,200,0
0.128406,0.114351,0.101893,0.080615,0.083287,0.869538,0.03776,10,1
0.136801,0.161395,0.303578,0.066085,0.152968,0.760032,0.027872,10,1
0.161385,0.239727,0.195813,0.046115,0.193336,0.793798,0.03598,50,0
0.087184,0.217331,0.238859,0.028459,0.092572,0.735303,0.018007,500,0
0.103028,0.102195,0.100847,0.074004,0.09921,0.895531,0.031619,200,0
0.145452,0.21302,0.208657,0.090262,0.189325,0.803563,0.027335,100,0
0.092418,0.225323,0.191968,0.060404,0.097495,0.7647,0.023268,50,0
0.120921,0.210503,0.212891,0.138938,0.171977,0.791491,0.055159,500,0
0.17515,0.101749,0.012771,0.021411,0.016699,0.865894,0.006194,100,0
0.149504,0.136089,0.13673,0.026259,0.137953,0.858577,0.01596,50,0
0.148327,0.163651,0.173602,0.075154,0.131649,0.807484,0.042756,2000,1
0.142787,0.174872,0.325107,0.041875,0.138846,0.706064,0.045881,2000,1
0.13727,0.200681,0.108249,0.095539,0.173886,0.815979,0.029468,2000,0
0.220148,0.181026,0.174153,0.078439,0.107895,0.797902,0.016456,100,0
0.109647,0.106251,0.029067,0.010723,0.037403,0.915916,0.005197,500,1
0.090623,0.084583,0.091965,0.014323,0.013477,0.912985,0.023482,10,1
0.152602,0.15485,0.168507,0.19096,0.343763,0.836494,0.092255,100,1
0.12864,0.155033,0.099472,0.045597,0.135948,0.837375,0.025762,100,0
0.074223,0.069889,0.023503,0.027412,0.032254,0.939368,0.015646,50,0
0.194592,0.177476,0.051372,0.048131,0.105215,0.825287,0.021773,10,0
0.126418,0.143872,0.171971,0.036836,0.120785,0.803755,0.03052,500,0
0.104583,0.096219,0.135366,0.024535,0.053187,0.889381,0.004601,20,0
0.100417,0.16158,0.186756,0.049589,0.091342,0.78555,0.024804,2000,1
0.096925,0.090038,0.094232,0.07076,0.087778,0.903324,0.029195,10,0
0.113172,0.121561,0.110417,0.014295,0.100565,0.861802,0.026737,50,0
0.134459,0.227593,0.126056,0.03173,0.112149,0.785666,0.015219,200,0
0.086683,0.104291,0.082915,0.024281,0.074092,0.880015,0.024567,10,0
0.154052,0.061678,0.027278,0.018303,0.014596,0.897083,0.011103,20,0
0.17646,0.208681,0.192687,0.010429,0.062178,0.78305,0.006503,20,0
0.211201,0.227871,0.20514,0.105821,0.273163,0.773425,0.045514,500,1
0.143169,0.137819,0.109228,0.104745,0.112584,0.82881,0.049627,10,1
0.142608,0.200358,0.118251,0.022256,0.111106,0.812604,0.01715,50,0
0.088167,0.09143,0.09403,0.046095,0.09749,0.850959,0.025952,2000,1
0.048877,0.044614,0.088767,0.044382,0.061975,0.940537,0.008079,2000,0
0.094933,0.233954,0.154405,0.045763,0.058374,0.750534,0.004878,20,0
0.192727,0.171801,0.167414,0.122344,0.250266,0.813431,0.074269,2000,0
0.256231,0.283342,0.089187,0.099657,0.122205,0.785704,0.018594,10,0
0.138886,0.148026,0.17519,0.045038,0.090224,0.830603,0.023528,10,0
0.215499,0.3128,0.094419,0.011618,0.131411,0.729935,0.031429,50,0
0.146062,0.1488,0.079406,0.067825,0.125889,0.805023,0.03303,50,0
0.089448,0.101926,0.089958,0.030274,0.031018,0.897186,0.01102,20,1
0.130759,0.22166,0.088769,0.004596,0.172668,0.789318,0.034078,50,0
0.095919,0.175187,0.145067,0.048277,0.111214,0.834862,0.022526,200,0
0.154209,0.137427,0.087787,0.083613,0.183921,0.860164,0.061342,20,0
0.208607,0.27724,0.243694,0.012795,0.012188,0.738896,0.007222,100,0
0.110761,0.131106,0.159369,0.009558,0.01967,0.845976,0.012164,500,0
0.081683,0.296039,0.261301,0.029705,0.124142,0.707556,0.045004,500,1
0.126188,0.144048,0.095437,0.087359,0.189332,0.818923,0.043746,500,0
0.275815,0.329166,0.019649,0.017741,0.089893,0.763823,0.010847,20,0
0.242214,0.272132,0.295788,0.103745,0.200013,0.706991,0.043418,500,0
0.153094,0.184463,0.00897,0.071254,0.073594,0.872256,0.003305,100,0
0.12318,0.215562,0.157721,0.041732,0.092836,0.74688,0.027767,10,0
0.146979,0.231475,0.154054,0.138248,0.176812,0.758396,0.125207,500,0
0.117488,0.142274,0.103549,0.014635,0.119637,0.83131,0.024687,20,0
0.257213,0.060687,0.0,0.023436,0.043628,0.648773,0.01318,20,0
0.312738,0.298472,0.307304,0.039477,0.038603,0.707183,0.009834,100,0
0.088508,0.11137,0.142677,0.03336,0.079728,0.851422,0.015436,100,0
0.133309,0.130675,0.222617,0.052193,0.042749,0.824533,0.028494,20,1
0.15537,0.230392,0.235433,0.046333,0.145037,0.749721,0.029912,200,0
0.043216,0.036502,0.018692,0.098682,0.091349,0.86888,0.013952,200,0
0.123101,0.157212,0.121564,0.07067,0.163368,0.820143,0.014811,100,0
0.139972,0.173773,0.123799,0.042977,0.173061,0.831832,0.020209,20,0
0.062931,0.102341,0.011418,0.023971,0.028243,0.907145,0.007826,20,0
0.110942,0.157132,0.252064,0.093308,0.142817,0.791567,0.027711,10,1
0.087242,0.212539,0.317475,0.052605,0.079462,0.712156,0.025485,500,1
0.093719,0.116404,0.084162,0.031308,0.020387,0.90403,0.009807,200,1
0.156378,0.193601,0.267994,0.039618,0.144133,0.740834,0.051662,100,0
0.170592,0.082192,0.035248,0.085479,0.096901,0.821742,0.020823,500,0
0.104463,0.143899,0.123051,0.024632,0.071669,0.848927,0.020616,20,0
0.156149,0.16175,0.183758,0.069745,0.158146,0.809401,0.024596,10,1
0.198953,0.240149,0.117168,0.02972,0.117005,0.805254,0.023022,10,0
0.14474,0.144419,0.136859,0.074006,0.144162,0.846702,0.036024,50,0
0.159924,0.154446,0.148027,0.109999,0.115457,0.830258,0.052957,20,1
0.145608,0.135609,0.133922,0.030578,0.101634,0.844812,0.034903,50,0
0.078524,0.104738,0.07644,0.045317,0.068747,0.897555,0.017386,20,0
0.146503,0.132544,0.130248,0.008475,0.145513,0.864981,0.011953,200,0
0.120191,0.115959,0.128624,0.023181,0.106118,0.880667,0.013775,200,0
0.082843,0.1442,0.088344,0.005624,0.008869,0.855499,0.006588,100,1
0.142962,0.192499,0.146789,0.067217,0.145663,0.838249,0.04051,100,0
0.171144,0.273537,0.162829,0.062012,0.128648,0.766992,0.030702,100,0
0.182631,0.172046,0.188509,0.081543,0.131221,0.815675,0.022675,20,0
0.092052,0.103353,0.141101,0.012017,0.012271,0.894115,0.005658,20,0
0.18631,0.176673,0.416566,0.008557,0.066172,0.697023,0.018278,200,0
0.023518,0.03884,0.06343,0.017171,0.021968,0.950252,0.00307,2000,0
0.206552,0.256729,0.321367,0.022811,0.09449,0.706257,0.013924,20,0
0.167787,0.170362,0.280629,0.006496,0.160221,0.699118,0.023013,500,1
0.170121,0.177082,0.211495,0.075323,0.134089,0.786114,0.022714,500,1
0.10923,0.120282,0.014614,0.120941,0.090457,0.861027,0.005489,50,0
0.229168,0.215736,0.281878,0.033873,0.108246,0.793366,0.020448,500,0
0.140321,0.148875,0.124645,0.045909,0.12556,0.860717,0.022406,200,1
0.117969,0.133247,0.249146,0.001585,0.058632,0.808246,0.006558,500,1
0.152123,0.16772,0.164406,0.198093,0.322472,0.839152,0.080954,100,1
0.07567,0.113403,0.157317,0.027574,0.12267,0.831666,0.031391,10,0
0.14997,0.19969,0.203331,0.076864,0.111836,0.747138,0.033849,100,1
0.13149,0.141701,0.141354,0.060815,0.134238,0.808255,0.038687,50,1
0.145464,0.200755,0.278502,0.073517,0.183488,0.741912,0.033709,500,1
0.13509,0.144276,0.140953,0.115495,0.128195,0.842661,0.056413,10,1
0.143277,0.161823,0.101593,0.02662,0.07951,0.864724,0.005762,50,0
0.189637,0.205364,0.335605,0.090814,0.227474,0.724257,0.035352,20,1
0.201306,0.166314,0.198719,0.067391,0.08932,0.777407,0.03896,100,1
0.134987,0.158491,0.154755,0.087263,0.178133,0.827639,0.024741,100,0
0.169715,0.175301,0.134621,0.163169,0.299832,0.838007,0.072286,200,1
0.149838,0.118829,0.178738,0.110859,0.214058,0.830171,0.058166,100,0
0.14695,0.200777,0.230644,0.028885,0.086133,0.791309,0.009343,500,1
0.131774,0.177507,0.237254,0.112525,0.12331,0.782583,0.023608,50,0
0.121974,0.169338,0.143668,0.066734,0.147248,0.835217,0.022433,2000,1
0.150383,0.195952,0.270565,0.044899,0.12838,0.754593,0.035557,100,1
0.123985,0.094886,0.101885,0.014163,0.050831,0.902788,0.003267,500,1
0.175929,0.223567,0.235653,0.01245,0.108761,0.77129,0.025256,2000,0
0.148974,0.168716,0.1209,0.072773,0.116523,0.809191,0.018546,200,0
0.128342,0.108377,0.127948,0.018407,0.055673,0.838614,0.009049,500,1
0.10887,0.136806,0.143224,0.078186,0.1243,0.829091,0.029654,500,0
0.126805,0.16931,0.115447,0.012548,0.057272,0.765516,0.005362,500,1
0.083725,0.090566,0.091493,0.046739,0.092593,0.907905,0.029855,20,0
0.208399,0.195688,0.180512,0.127659,0.245874,0.799254,0.05022,500,1
0.10939,0.247114,0.120044,0.053854,0.121162,0.767582,0.023498,50,0
0.116614,0.09881,0.078075,0.083492,0.091024,0.811407,0.028768,50,0
0.183031,0.184217,0.166023,0.130642,0.2556,0.832358,0.067475,50,1
0.156394,0.162446,0.207047,0.126749,0.160363,0.773712,0.046566,100,0
0.131197,0.139571,0.128081,0.149102,0.2548,0.847194,0.075526,50,1
0.121492,0.126257,0.118511,0.019158,0.077007,0.862099,0.017616,10,0
0.118624,0.125142,0.117789,0.060182,0.144475,0.859156,0.026144,50,1
0.19421,0.263112,0.201389,0.058524,0.122892,0.758994,0.02599,200,0
0.160103,0.083183,0.045776,0.032483,0.101125,0.840889,0.020477,100,0
0.162124,0.162471,0.137047,0.111272,0.209269,0.817787,0.053555,500,1
0.114493,0.172294,0.080257,0.037002,0.099526,0.828257,0.019495,10,0
0.111292,0.149175,0.157084,0.067392,0.134995,0.787886,0.02924,100,0
0.201663,0.23789,0.036101,0.083471,0.123099,0.76571,0.025564,10,0
0.133954,0.149919,0.10561,0.024366,0.028657,0.836918,0.011588,20,0
0.129248,0.145309,0.189389,0.064819,0.128688,0.806588,0.018104,10,1
0.12555,0.134791,0.197572,0.133456,0.317923,0.797405,0.078639,50,1
0.160133,0.307659,0.196229,0.047483,0.111278,0.715445,0.02426,10,0
0.11275,0.166989,0.132987,0.094321,0.098577,0.829654,0.023473,10,0
0.140779,0.173211,0.252438,0.050317,0.142021,0.778257,0.023894,500,1
0.205854,0.194908,0.209066,0.143164,0.226888,0.785223,0.03858,500,1
0.051602,0.08085,0.097481,0.008864,0.010026,0.910182,0.003495,10,0
0.145656,0.149726,0.064512,0.037939,0.123035,0.856014,0.02112,10,0
0.149137,0.158328,0.168816,0.155667,0.299606,0.79757,0.08583,200,1
0.25914,0.277559,0.194827,0.053382,0.103682,0.771478,0.012341,500,0
0.196155,0.182176,0.087109,0.076367,0.117854,0.825611,0.024752,100,0
0.128586,0.113745,0.201123,0.022501,0.130351,0.81189,0.032739,20,0
0.129999,0.130872,0.116217,0.183454,0.313525,0.855491,0.088455,10,1
0.18429,0.263191,0.270394,0.016345,0.110783,0.733549,0.025371,2000,0
0.174108,0.169467,0.157963,0.058135,0.073812,0.826794,0.025498,200,1
0.063782,0.065248,0.063051,0.035503,0.029621,0.921415,0.017343,10,1
0.104586,0.126058,0.102256,0.037506,0.071533,0.852882,0.013483,500,1
0.170694,0.174612,0.184454,0.175232,0.346107,0.806592,0.098951,200,1
0.101791,0.143232,0.087344,0.021136,0.124616,0.853907,0.0289,100,0
0.139223,0.145452,0.12575,0.033174,0.027508,0.843043,0.008021,10,1
0.210554,0.219389,0.127679,0.079264,0.140413,0.763751,0.034486,200,0
0.130098,0.104375,0.01586,0.044385,0.094496,0.86392,0.016903,100,0
0.097691,0.095534,0.071978,0.038254,0.106017,0.91067,0.057346,10,0
0.15424,0.166094,0.299152,0.019475,0.311308,0.69525,0.053459,100,1
0.087182,0.119671,0.122869,0.02252,0.082283,0.836102,0.019701,50,0
0.125655,0.13319,0.127549,0.105955,0.137545,0.864636,0.059621,20,1
0.119971,0.181152,0.202094,0.052289,0.134264,0.786227,0.023142,2000,1
0.121338,0.137442,0.301683,0.100713,0.092352,0.805313,0.012443,100,1
0.192587,0.271977,0.062605,0.041488,0.10645,0.779017,0.020784,10,0
0.226083,0.219521,0.242906,0.048598,0.1167,0.76561,0.007772,200,0
0.171172,0.214784,0.146339,0.021811,0.166578,0.815985,0.017613,2000,0
0.110098,0.115146,0.088428,0.028892,0.087972,0.899275,0.018677,20,0
0.097219,0.078029,0.086567,0.041417,0.086103,0.906999,0.018596,10,0
0.199196,0.210008,0.177173,0.062869,0.207677,0.804839,0.032973,200,1
0.134173,0.137446,0.122046,0.042035,0.101714,0.843828,0.032831,50,0
0.149782,0.162317,0.214759,0.053406,0.067207,0.78718,0.013723,10,1
0.137599,0.27339,0.260457,0.009053,0.11839,0.738447,0.011683,20,0
0.140122,0.14024,0.129654,0.129264,0.200833,0.85832,0.054861,100,0
0.108157,0.171504,0.063158,0.011469,0.08831,0.857859,0.007025,20,0
0.147316,0.152186,0.145597,0.058503,0.146112,0.822869,0.032086,200,1
0.148555,0.141526,0.151761,0.118305,0.130506,0.83747,0.055957,10,1
0.09216,0.072251,0.28127,0.031283,0.016928,0.830121,0.007114,20,1
0.187489,0.242218,0.229906,0.109514,0.189389,0.751217,0.046059,2000,1
0.093306,0.137536,0.117447,0.041398,0.050354,0.858308,0.023777,500,1
0.149366,0.1566,0.131634,0.012735,0.092255,0.824667,0.012174,20,0
0.12987,0.152868,0.121387,0.121034,0.141951,0.850724,0.060651,20,1
0.170006,0.153926,0.011796,0.012881,0.106158,0.870158,0.010343,10,0
0.157547,0.176532,0.154794,0.038305,0.089519,0.778009,0.018377,10,0
0.155903,0.199405,0.153329,0.013512,0.028122,0.805564,0.004307,20,0
0.203789,0.15635,0.163736,0.105844,0.107919,0.765943,0.039934,500,1
0.161102,0.123318,0.130264,0.03556,0.04716,0.819469,0.026216,20,0
0.126497,0.151513,0.187446,0.13898,0.1408,0.786497,0.041923,100,0
0.171887,0.176447,0.145313,0.158748,0.296038,0.834431,0.069735,200,1
0.15133,0.225743,0.173146,0.040833,0.097196,0.791807,0.028418,50,0
0.119159,0.182835,0.19343,0.038487,0.082826,0.78117,0.020888,500,1
0.157254,0.171991,0.189983,0.03293,0.093746,0.821741,0.02209,200,0
0.082356,0.131127,0.075125,0.057359,0.056001,0.887127,0.019504,50,0
0.13727,0.200681,0.108249,0.095539,0.173886,0.815979,0.029468,2000,0
0.123047,0.065029,0.062379,0.028575,0.019357,0.881515,0.010021,20,0
0.115823,0.079644,0.090705,0.025982,0.045234,0.891012,0.019641,100,0
0.093594,0.035525,0.138459,0.036837,0.029322,0.877082,0.017946,200,0
0.16406,0.254325,0.090148,0.045963,0.086871,0.804598,0.019174,50,0
0.143028,0.138691,0.076209,0.021143,0.061187,0.859467,0.01335,100,0
0.155634,0.187721,0.058251,0.019692,0.113657,0.849783,0.008431,10,0
0.123723,0.15439,0.045461,0.018513,0.033843,0.88226,0.014257,20,0
0.162536,0.162541,0.126465,0.111704,0.20587,0.819939,0.055957,500,1
0.192214,0.228281,0.036902,0.050139,0.110159,0.821884,0.024052,200,0
0.130386,0.13414,0.116792,0.10615,0.119655,0.866387,0.054199,20,1
0.136056,0.174786,0.190344,0.061309,0.108331,0.783007,0.022733,500,0
0.110024,0.088015,0.117916,0.029581,0.087574,0.882308,0.023686,10,0
0.096034,0.112059,0.083225,0.040218,0.067722,0.886969,0.00995,20,0
0.162124,0.162471,0.137047,0.111272,0.209269,0.817787,0.053555,500,1
0.163691,0.210209,0.043802,0.04738,0.104086,0.782806,0.025283,500,0
0.169742,0.174532,0.296603,0.067333,0.164041,0.684985,0.017319,500,1
0.201304,0.201892,0.214487,0.04547,0.123707,0.769804,0.036651,20,0
0.110199,0.117745,0.100462,0.024715,0.016906,0.882615,0.008854,2000,0
0.062258,0.056615,0.065013,0.034889,0.026085,0.918893,0.010269,50,1
0.239625,0.255943,0.165152,0.027723,0.100351,0.710247,0.008091,500,1
0.147683,0.198947,0.302296,0.060429,0.155397,0.720999,0.0323,20,1
0.123599,0.133174,0.120454,0.114684,0.137134,0.856753,0.061047,10,1
0.084087,0.105316,0.156733,0.031825,0.027343,0.838109,0.011428,50,0
0.116622,0.057796,0.108436,0.04977,0.058182,0.864784,0.026494,10,0
0.110941,0.122211,0.087767,0.033095,0.079239,0.896035,0.012605,100,0
0.141067,0.201395,0.165062,0.006252,0.187589,0.78701,0.028662,100,0
0.174197,0.168086,0.031149,0.026774,0.033198,0.853425,0.011953,50,0
0.117186,0.142341,0.109733,0.120042,0.134884,0.863186,0.056968,10,1
0.169442,0.214635,0.339552,0.054409,0.144728,0.722196,0.030256,200,1
0.086808,0.126529,0.08127,0.013076,0.076816,0.89908,0.017732,200,0
0.136142,0.063608,0.223351,0.018971,0.05602,0.834801,0.015234,100,0
0.171819,0.230549,0.211694,0.02978,0.081725,0.789221,0.012457,20,0
0.146656,0.121227,0.125764,0.025246,0.089771,0.817014,0.02426,10,0
0.157443,0.160511,0.141024,0.005083,0.117195,0.839001,0.033131,200,0
0.080518,0.090172,0.086432,0.019848,0.074152,0.886053,0.015937,20,0
0.113487,0.145981,0.164108,0.021947,0.073549,0.847134,0.004969,20,0
0.111567,0.126123,0.180375,0.14042,0.253087,0.84617,0.067212,200,1
0.177126,0.227081,0.146598,0.020474,0.091309,0.762471,0.029848,10,0
0.118804,0.132282,0.086102,0.030292,0.06372,0.877999,0.014975,200,0
0.20808,0.087886,0.2559,0.063892,0.061626,0.797766,0.030129,100,1
0.100699,0.12908,0.12438,0.021858,0.07694,0.868269,0.021315,10,0
0.146952,0.174037,0.138449,0.076949,0.23395,0.839715,0.043101,20,0
0.140418,0.146177,0.149734,0.107018,0.144453,0.850785,0.0678,10,1
0.210209,0.263028,0.178122,0.241434,0.297308,0.74804,0.03887,2000,0
0.145834,0.166703,0.130867,0.071527,0.165983,0.822368,0.054047,500,0
0.138028,0.13195,0.015469,0.007415,0.100253,0.832354,0.030938,20,0
0.180438,0.178599,0.160002,0.068531,0.120918,0.801518,0.016242,100,0
0.114662,0.128506,0.145177,0.105328,0.125969,0.86709,0.056999,10,1
0.148996,0.275687,0.184522,0.03354,0.089969,0.686415,0.003498,2000,0
0.201817,0.211991,0.12168,0.049633,0.116587,0.764593,0.031604,10,0
0.117398,0.142701,0.155802,0.084604,0.154822,0.826735,0.030643,100,0
0.184768,0.154612,0.134802,0.101401,0.174708,0.817288,0.062736,500,0
0.092191,0.110679,0.097685,0.024132,0.047501,0.894248,0.031102,100,0
0.155586,0.159763,0.122648,0.031892,0.098849,0.855064,0.010906,50,0
0.168957,0.243238,0.225124,0.023147,0.117476,0.741162,0.028726,20,0
0.091621,0.192851,0.118025,0.080098,0.13419,0.797833,0.040221,500,0
0.114622,0.166967,0.086185,0.024986,0.112252,0.818915,0.016057,100,0
0.070306,0.150655,0.161474,0.003983,0.060379,0.84411,0.034462,500,1
0.12234,0.139311,0.124795,0.041294,0.094176,0.843014,0.022243,20,0
0.138814,0.141214,0.067657,0.024897,0.075756,0.873294,0.008221,10,1
0.131227,0.157169,0.174637,0.077487,0.120098,0.798465,0.019118,50,0
0.08484,0.104298,0.094569,0.032096,0.05875,0.876631,0.01228,20,0
0.140828,0.140808,0.162847,0.019228,0.140662,0.878111,0.009965,50,0
0.112193,0.128265,0.038185,0.041746,0.061674,0.83598,0.017709,100,0
0.169315,0.150165,0.156175,0.060896,0.126339,0.83485,0.045218,50,0
0.234893,0.285961,0.058848,0.010474,0.083715,0.765971,0.009896,500,0
0.333318,0.337318,0.271452,0.055206,0.052405,0.718534,0.0152,500,0
0.176523,0.167002,0.094216,0.163876,0.28608,0.827264,0.080093,500,1
0.204802,0.20837,0.060933,0.028417,0.0683,0.807652,0.010657,500,0
0.216908,0.2145,0.199357,0.02974,0.107865,0.776439,0.030521,100,0
0.067979,0.06232,0.020089,0.026491,0.020103,0.942898,0.012673,20,0
0.131082,0.130316,0.127054,0.097232,0.139468,0.852807,0.059168,10,1
0.067453,0.081101,0.054826,0.007643,0.048287,0.933484,0.01162,50,0
0.127191,0.126832,0.066057,0.056991,0.109864,0.851495,0.034564,100,0
0.130642,0.114717,0.12472,0.06495,0.121249,0.842754,0.034067,50,0
0.228193,0.230782,0.253012,0.104598,0.275134,0.755361,0.044984,100,1
0.185053,0.162849,0.28633,0.001379,0.089576,0.765115,0.016524,500,1
0.195871,0.229625,0.014278,0.012134,0.090507,0.825362,0.011871,10,0
0.101557,0.185824,0.136077,0.032942,0.162397,0.788831,0.024153,100,0
0.160541,0.140196,0.162119,0.047389,0.141295,0.808024,0.030403,500,0
0.146589,0.185282,0.119026,0.022154,0.120446,0.820107,0.015748,200,0
0.113331,0.03645,0.303272,0.057507,0.063544,0.805188,0.025726,500,1
0.121341,0.103311,0.130218,0.050938,0.043691,0.861364,0.017495,100,1
0.228639,0.214577,0.083109,0.025486,0.087466,0.827765,0.011789,20,0
0.12962,0.126325,0.166,0.017222,0.094561,0.821556,0.023598,10,0
0.181288,0.16781,0.17602,0.074022,0.108986,0.808518,0.047015,500,1
0.125258,0.155237,0.219314,0.143216,0.267992,0.783782,0.071013,100,1
0.077806,0.128516,0.08941,0.050511,0.089352,0.857551,0.019748,10,0
0.102595,0.090071,0.048546,0.037846,0.107438,0.910895,0.017831,20,0
0.144716,0.159803,0.186179,0.058324,0.107126,0.8343,0.025219,100,1
0.16549,0.199078,0.194025,0.020642,0.157801,0.739183,0.046343,200,1
0.118955,0.136252,0.165854,0.057263,0.139769,0.843151,0.032061,50,0
0.140749,0.272914,0.209521,0.088994,0.116063,0.74172,0.013049,10,0
0.154064,0.100562,0.084955,0.023006,0.070732,0.827685,0.010867,10,0
0.097614,0.144651,0.07061,0.040949,0.060125,0.876381,0.016977,50,0
0.132835,0.141127,0.140001,0.097399,0.113257,0.86507,0.00428,100,0
0.128019,0.109855,0.093655,0.029003,0.085882,0.803043,0.021195,20,0
0.119056,0.129956,0.11778,0.098006,0.127673,0.8714,0.053788,10,1
0.182303,0.212785,0.029577,0.033026,0.091241,0.803986,0.007057,10,0
0.119585,0.159105,0.105073,0.065577,0.084655,0.815083,0.02723,10,0
0.137282,0.133322,0.161854,0.005704,0.101646,0.87262,0.029169,20,0
0.115018,0.10008,0.016004,0.018282,0.022056,0.902308,0.009067,20,0
0.16741,0.248683,0.112473,0.052886,0.097019,0.757356,0.020393,10,0
0.064434,0.104282,0.17507,0.036145,0.112879,0.828331,0.028537,10,0
0.215057,0.219646,0.252746,0.078165,0.225539,0.74085,0.037,100,1
0.089979,0.063721,0.142307,0.023958,0.043201,0.819676,0.027287,10,1
0.122513,0.09303,0.17341,0.01378,0.056854,0.862158,0.014314,200,0
0.143168,0.123641,0.023076,0.071126,0.098833,0.860571,0.004346,100,0
0.117754,0.120618,0.206439,0.088778,0.147311,0.827923,0.057855,10,0
0.158915,0.202054,0.213649,0.053848,0.184326,0.752352,0.056233,2000,0
0.119146,0.134072,0.089928,0.063452,0.11712,0.887223,0.022221,100,0
0.129051,0.172712,0.134185,0.018862,0.12707,0.834672,0.007277,2000,0
0.208316,0.230419,0.034432,0.06192,0.101395,0.769899,0.023782,10,0
0.120443,0.179063,0.179423,0.043992,0.076658,0.758655,0.017298,10,1
0.157386,0.166303,0.154785,0.149255,0.274872,0.775432,0.077412,200,1
0.098075,0.122306,0.193083,0.069761,0.065941,0.864144,0.029348,100,1
0.107565,0.05715,0.119492,0.004673,0.073534,0.890919,0.003173,200,0
0.198535,0.272972,0.199881,0.196895,0.289322,0.754712,0.179451,500,0
0.107593,0.203192,0.191839,0.037228,0.120155,0.773002,0.00928,200,0
0.154873,0.098908,0.20104,0.087881,0.151356,0.840469,0.001666,200,0
0.083761,0.110212,0.172823,0.055326,0.061182,0.861009,0.029082,100,0
0.336556,0.319137,0.17871,0.010484,0.254922,0.693595,0.028733,10,0
0.121931,0.076095,0.110608,0.029966,0.05083,0.843745,0.009952,200,0
0.088421,0.140957,0.130199,0.026381,0.06154,0.858935,0.016444,10,0
0.122838,0.15336,0.126082,0.074683,0.105951,0.82936,0.037351,500,0
0.212639,0.181196,0.136602,0.040761,0.110165,0.780805,0.017212,50,0
0.113071,0.144199,0.029509,0.024113,0.122109,0.856644,0.043649,200,0
0.132995,0.133422,0.131631,0.058122,0.024077,0.833554,0.006918,50,0
0.14091,0.197535,0.255686,0.031096,0.062047,0.776643,0.022513,50,0
0.16631,0.146037,0.061432,0.039959,0.129154,0.855646,0.027348,500,0
0.158636,0.163136,0.129703,0.04466,0.059011,0.818524,0.019498,100,1
0.084273,0.086547,0.107629,0.012506,0.013227,0.910361,0.012178,10,1
0.18887,0.199226,0.172898,0.067562,0.195203,0.806497,0.029485,100,1
0.095149,0.089767,0.095186,0.028223,0.061242,0.856869,0.023325,10,0
0.17572,0.17048,0.130207,0.090395,0.24778,0.810235,0.063968,50,0
0.11573,0.174277,0.136543,0.0652,0.123947,0.834108,0.027551,2000,0
0.111908,0.140786,0.105877,0.01885,0.101113,0.860035,0.012888,20,0
0.23198,0.107397,0.102425,0.027835,0.112317,0.75633,0.029925,100,0
0.099824,0.197054,0.136418,0.010922,0.05741,0.765537,0.007251,500,1
0.129567,0.118387,0.324387,0.006155,0.137193,0.674832,0.01985,20,1
0.125544,0.112032,0.119528,0.117974,0.119315,0.875101,0.050831,100,1
0.106284,0.162327,0.1367,0.046291,0.104416,0.827353,0.014651,100,0
0.20478,0.20354,0.10732,0.048984,0.087294,0.840276,0.019867,10,0
0.159502,0.100609,0.071466,0.003598,0.018591,0.824072,0.010565,2000,0
0.183463,0.140955,0.104117,0.042984,0.090043,0.798739,0.019291,50,0
0.15172,0.17714,0.120927,0.007671,0.10232,0.825433,0.040271,20,0
0.166051,0.127526,0.087428,0.024875,0.031622,0.830235,0.015763,50,0
0.128303,0.152662,0.129203,0.051598,0.143301,0.82875,0.047137,100,0
0.089083,0.074996,0.012884,0.007506,0.089463,0.900559,0.032448,200,0
0.196336,0.201074,0.14492,0.049565,0.174532,0.815213,0.029479,50,1
0.104435,0.219524,0.203909,0.02156,0.065905,0.787129,0.017515,20,0
0.147606,0.199363,0.241978,0.001194,0.059916,0.789728,0.026933,500,1
0.099645,0.102695,0.174895,0.048415,0.08325,0.848423,0.021937,20,0
0.143097,0.163236,0.098198,0.018314,0.075775,0.860263,0.012844,200,0
0.14521,0.095187,0.12529,0.067177,0.063631,0.864211,0.018803,20,0
0.213182,0.193417,0.212214,0.07035,0.123401,0.790554,0.014142,100,0
0.127293,0.126821,0.144859,0.030682,0.096226,0.825086,0.029451,50,0
0.150553,0.130632,0.13006,0.084011,0.197523,0.758248,0.056346,50,1
0.101677,0.145537,0.105726,0.054902,0.156519,0.86598,0.025451,20,0
0.122246,0.178279,0.107567,0.021923,0.093435,0.840025,0.012461,20,0
0.222361,0.251384,0.224654,0.0,0.098486,0.770242,0.0,200,0
0.156677,0.203058,0.131617,0.043532,0.066062,0.80242,0.009404,10,0
0.138115,0.146487,0.165102,0.053067,0.181678,0.815312,0.028343,100,0
0.195458,0.238872,0.047282,0.031655,0.095888,0.80937,0.011877,2000,0
0.13625,0.174028,0.122914,0.004587,0.092612,0.812995,0.0186,10,0
0.116318,0.138889,0.109652,0.014001,0.1198,0.832352,0.025805,20,0
0.14786,0.167639,0.166797,0.026775,0.098939,0.79658,0.029451,10,0
0.115749,0.099404,0.084351,0.029991,0.06636,0.89842,0.012527,100,0
0.053198,0.194946,0.194866,0.024791,0.016402,0.783927,0.010255,500,0
0.178963,0.159179,0.135083,0.177848,0.285502,0.839222,0.082343,10,0
0.205241,0.223668,0.050769,0.070766,0.087733,0.775679,0.011464,100,0
0.169014,0.158998,0.124869,0.021557,0.084062,0.859474,0.005956,500,1
0.125371,0.104241,0.332635,0.044631,0.066076,0.700802,0.012278,20,1
0.0477,0.055418,0.051083,0.022694,0.034257,0.940635,0.009046,20,0
0.124267,0.113997,0.097478,0.028,0.126769,0.879896,0.037085,200,0
0.151774,0.173631,0.184223,0.015854,0.097343,0.81213,0.025095,10,0
0.172995,0.182825,0.206709,0.076054,0.181252,0.805293,0.042575,100,1
0.121271,0.113016,0.134491,0.022266,0.103185,0.887466,0.002896,200,0
0.119758,0.104182,0.110335,0.09801,0.107508,0.874124,0.046986,100,1
0.104762,0.167338,0.121908,0.030064,0.106339,0.813818,0.027982,2000,0
0.100893,0.140257,0.098701,0.07895,0.149815,0.848083,0.057616,50,0
0.149938,0.188229,0.146789,0.033788,0.134504,0.822845,0.03847,200,0
0.175017,0.21814,0.089237,0.094539,0.142308,0.804007,0.033303,500,0
0.166197,0.190474,0.096485,0.045135,0.127099,0.850038,0.033553,10,0
0.151743,0.151376,0.159179,0.085882,0.186856,0.78901,0.048761,2000,1
0.153936,0.133334,0.074733,0.021524,0.135121,0.873919,0.031192,200,0
0.179136,0.200614,0.153783,0.011255,0.079865,0.810589,0.015232,20,0
0.138075,0.112441,0.125491,0.133286,0.173857,0.867126,0.064044,10,0
0.151099,0.162251,0.347538,0.032695,0.163728,0.679747,0.023487,10,1
0.182264,0.142261,0.19418,0.037918,0.044146,0.799703,0.021438,100,1
0.200792,0.179428,0.15555,0.013224,0.015565,0.811352,0.007079,100,0
0.165948,0.182498,0.214116,0.040015,0.124019,0.809855,0.025713,50,0
0.146027,0.142241,0.115812,0.048563,0.109507,0.869728,0.024654,10,0
0.159589,0.135881,0.170114,0.077958,0.09478,0.826601,0.045793,50,1
0.135808,0.129436,0.136664,0.090047,0.182364,0.835175,0.049044,100,0
0.128314,0.234203,0.226037,0.040452,0.142071,0.764707,0.033106,20,0
0.109967,0.128835,0.061848,0.023779,0.071872,0.900257,0.01346,50,0
0.107699,0.129053,0.085642,0.030677,0.064666,0.877777,0.026566,10,0
0.168917,0.157595,0.133726,0.077035,0.119144,0.822698,0.044277,50,0
0.12587,0.189689,0.191391,0.017479,0.110822,0.792793,0.037427,2000,0
0.19194,0.1056,0.155541,0.016457,0.041826,0.667945,0.013435,200,1
0.113477,0.172611,0.046619,0.016272,0.02721,0.821701,0.011597,100,0
0.143391,0.202439,0.163565,0.07568,0.127142,0.784217,0.057731,100,1
0.122676,0.176736,0.136815,0.074846,0.11874,0.803724,0.031668,500,0
0.160261,0.109922,0.017562,0.019006,0.052751,0.84365,0.00966,50,0
0.073527,0.087998,0.033092,0.024036,0.01742,0.921256,0.012978,20,0
0.123685,0.336071,0.07422,0.010941,0.100745,0.718003,0.012979,2000,0
0.058494,0.080882,0.182361,0.054679,0.034737,0.859075,0.010927,10,0
0.19014,0.216513,0.249633,0.021929,0.063673,0.728985,0.010999,2000,0
0.114585,0.128157,0.082191,0.042436,0.072184,0.896405,0.023203,10,0
0.137096,0.131476,0.082095,0.006254,0.137335,0.862797,0.021043,100,0
0.186809,0.236836,0.178935,0.081651,0.187223,0.766284,0.034653,50,0
0.158643,0.155713,0.017318,0.021608,0.098722,0.869028,0.014166,10,0
0.292923,0.328518,0.419467,0.034529,0.025637,0.653283,0.014407,500,0
0.123259,0.138239,0.191406,0.044748,0.106732,0.84803,0.028442,10,0
0.184419,0.181962,0.234922,0.144651,0.235208,0.756854,0.06004,100,1
0.174255,0.181159,0.204718,0.07357,0.160004,0.787723,0.028604,10,1
0.146656,0.135563,0.145295,0.136246,0.142605,0.850173,0.062029,10,1
0.100395,0.069229,0.017688,0.039306,0.019833,0.896518,0.014787,20,0
0.208764,0.12087,0.166379,0.009064,0.076196,0.814452,0.016965,50,0
0.124123,0.140464,0.133902,0.04391,0.080887,0.820048,0.016293,20,0
0.120764,0.142774,0.198873,0.004851,0.081776,0.738673,0.032095,500,0
0.167769,0.181736,0.201375,0.029767,0.098815,0.824702,0.007632,20,0
0.098964,0.115639,0.175796,0.033025,0.078963,0.828199,0.021608,10,0
0.094128,0.100502,0.092219,0.054288,0.042737,0.8965,0.018563,100,1
0.121521,0.145989,0.045508,0.029785,0.104756,0.816646,0.015521,500,0
0.193386,0.164784,0.155052,0.133957,0.175525,0.803721,0.058701,50,0
0.145386,0.149754,0.121092,0.117504,0.21026,0.77262,0.060217,50,1
0.172642,0.192119,0.205139,0.05705,0.165892,0.806708,0.031494,100,1
0.134081,0.090663,0.15832,0.018964,0.038474,0.86562,0.007227,500,1
0.105791,0.209122,0.150919,0.017968,0.067342,0.779206,0.021022,10,0
0.212488,0.260446,0.208525,0.01995,0.099926,0.725218,0.006034,500,1
0.077732,0.107741,0.136212,0.062793,0.076642,0.894607,0.036704,10,1
0.163385,0.20944,0.310361,0.049612,0.155714,0.718428,0.025144,200,1
0.162645,0.299183,0.255069,0.009968,0.093456,0.734066,0.011047,20,0
0.094728,0.160184,0.139845,0.003571,0.005183,0.845043,0.002692,2000,0
0.113652,0.113182,0.122264,0.001727,0.036836,0.852454,0.01631,200,1
0.16523,0.197572,0.19052,0.044964,0.086734,0.807684,0.011177,20,0
0.170248,0.170398,0.262917,0.007408,0.189122,0.690521,0.038036,200,1
0.215624,0.247639,0.177704,0.083056,0.321165,0.775398,0.123421,2000,0
0.117116,0.208219,0.19509,0.055336,0.117569,0.785464,0.027287,10,0
0.146093,0.0515,0.007897,0.070452,0.08401,0.865761,0.019884,100,0
0.148966,0.087545,0.184043,0.011693,0.067015,0.862018,0.023752,10,0
0.120832,0.147055,0.0869,0.042645,0.081561,0.858958,0.012837,10,0
0.189842,0.242438,0.163437,0.137148,0.220773,0.76595,0.054349,20,0
0.097774,0.096571,0.120579,0.01295,0.108677,0.901106,0.005867,200,0
0.090094,0.051368,0.070998,0.035309,0.072332,0.922369,0.019684,10,0
0.134778,0.144552,0.176666,0.150559,0.303398,0.821752,0.07661,100,1
0.141551,0.143513,0.01994,0.054843,0.097472,0.877521,0.004844,20,0
0.062087,0.067112,0.082154,0.014051,0.00823,0.91711,0.007753,10,1
0.133309,0.17475,0.107274,0.01064,0.144367,0.784772,0.025462,50,0
0.080354,0.13754,0.099907,0.0557,0.110875,0.848425,0.035823,10,0
0.191869,0.249836,0.085917,0.073902,0.098846,0.788218,0.01796,500,0
0.113941,0.152421,0.235157,0.14356,0.241346,0.783384,0.065355,20,1
0.146708,0.107835,0.126209,0.015522,0.142114,0.862073,0.023261,20,0
0.152122,0.167562,0.040443,0.048081,0.047529,0.853122,0.018029,100,0
0.143162,0.156203,0.201036,0.101015,0.26728,0.790796,0.078213,200,1
0.222426,0.211921,0.221072,0.081002,0.221183,0.786295,0.05078,2000,0
0.117192,0.164293,0.239611,0.022201,0.070937,0.789128,0.006006,500,1
0.217194,0.267448,0.224312,0.017427,0.189917,0.730349,0.071997,50,0
0.136797,0.164139,0.288219,0.05268,0.153827,0.758496,0.028428,10,1
0.175378,0.119434,0.059574,0.066432,0.074758,0.81534,0.017091,100,0
0.168323,0.175384,0.160386,0.182601,0.334702,0.827042,0.085923,100,1
0.150033,0.163195,0.130244,0.113389,0.168093,0.834403,0.059675,50,0
0.12193,0.192204,0.320544,0.046946,0.094276,0.716577,0.017681,50,1
0.13309,0.137038,0.112979,0.019018,0.073119,0.845631,0.012447,20,0
0.116807,0.124889,0.283713,0.053725,0.153638,0.70912,0.026401,10,1
0.171697,0.201841,0.271074,0.030053,0.077407,0.736409,0.006752,500,1
0.128589,0.146125,0.09702,0.029416,0.083355,0.868833,0.049958,50,1
0.228619,0.236445,0.209367,0.089543,0.09798,0.77711,0.014587,2000,0
0.188416,0.200768,0.203937,0.080336,0.116063,0.791191,0.02664,10,0
0.110858,0.080416,0.220218,0.052666,0.036748,0.830654,0.014841,50,1
0.080132,0.085958,0.065911,0.034966,0.058531,0.90916,0.014334,50,0
0.253359,0.221171,0.180788,0.077115,0.129025,0.722198,0.056905,500,1
0.188242,0.19893,0.156502,0.014036,0.097147,0.772754,0.014699,10,0
0.183526,0.235154,0.184978,0.144212,0.243054,0.785462,0.035398,2000,1
0.103465,0.046165,0.014546,0.014911,0.094397,0.885525,0.01316,200,0
0.182634,0.178279,0.188971,0.097064,0.201481,0.687923,0.037915,500,0
0.232979,0.298869,0.215896,0.024612,0.077065,0.714556,0.00542,500,0
0.18572,0.252742,0.385717,0.021346,0.088941,0.676031,0.022799,500,1
0.088017,0.09699,0.094078,0.046238,0.097587,0.854097,0.024077,2000,1
0.125411,0.195886,0.20943,0.010621,0.133136,0.795144,0.046567,2000,0
0.099885,0.112268,0.152679,0.042097,0.111048,0.840298,0.017344,20,0
0.108366,0.110335,0.110883,0.006086,0.051874,0.868227,0.017052,20,0
0.128175,0.117351,0.030021,0.026956,0.115468,0.85384,0.024847,50,0
0.120462,0.143941,0.155951,0.036108,0.099921,0.829548,0.020961,500,1
0.048706,0.056348,0.051347,0.023052,0.024299,0.90898,0.005545,10,0
0.126134,0.128144,0.129721,0.111058,0.118336,0.866074,0.053263,50,1
0.150548,0.162413,0.216001,0.17186,0.323772,0.783853,0.082303,100,1
0.168127,0.145029,0.038584,0.033631,0.062994,0.804418,0.011535,100,0
0.145813,0.062177,0.10506,0.031701,0.07669,0.806734,0.019925,100,0
0.077572,0.1155,0.111354,0.009766,0.017495,0.882946,0.006668,2000,0
0.144431,0.152348,0.121156,0.006858,0.033048,0.866841,0.019531,2000,0
0.125371,0.123228,0.024944,0.02936,0.12594,0.895746,0.017646,200,0
0.186335,0.177791,0.177564,0.040966,0.10486,0.83793,0.000476,50,0
0.148711,0.171111,0.128161,0.02981,0.066477,0.820707,0.014052,10,0
0.110023,0.021625,0.11914,0.006499,0.111648,0.892019,0.01843,100,0
0.140082,0.151701,0.141239,0.113139,0.132105,0.812482,0.01987,100,0
0.179949,0.112627,0.131661,0.052541,0.097583,0.841294,0.045217,20,0
0.125126,0.217744,0.144589,0.020102,0.130378,0.765702,0.012216,20,0
0.113142,0.163774,0.162881,0.041855,0.073878,0.798671,0.014461,10,0
0.042478,0.046759,0.024442,0.008906,0.013182,0.94851,0.005006,10,0
0.121243,0.097012,0.063593,0.020269,0.01892,0.875941,0.011654,50,1
0.157616,0.207399,0.123975,0.083621,0.127179,0.789659,0.026169,500,0
0.167303,0.186227,0.182743,0.148294,0.271817,0.813447,0.06727,500,1
0.182486,0.176819,0.109294,0.10891,0.216857,0.816345,0.051611,500,1
0.128755,0.151236,0.152355,0.046542,0.110252,0.861675,0.020005,500,0
0.167767,0.199035,0.131587,0.010872,0.122113,0.774193,0.034753,200,0
0.060828,0.137665,0.207956,0.024889,0.03342,0.830591,0.013225,50,0
0.081967,0.092336,0.090723,0.008177,0.00999,0.913042,0.006177,500,0
0.081635,0.087126,0.107329,0.055358,0.071874,0.870804,0.015353,20,0
0.081457,0.156063,0.151738,0.031741,0.06318,0.858088,0.020592,10,0
0.092431,0.109047,0.11361,0.042744,0.053776,0.886697,0.017585,50,0
0.239413,0.128209,0.095071,0.028322,0.074533,0.823847,0.011909,10,0
0.173436,0.080731,0.141955,0.041262,0.04192,0.858651,0.010594,200,0
0.139469,0.142424,0.344761,0.059684,0.136161,0.690765,0.018376,20,1
0.147441,0.14014,0.14243,0.006529,0.088817,0.860964,0.030419,50,0
0.152055,0.175941,0.043721,0.055733,0.096131,0.845612,0.050665,20,0
0.095621,0.140359,0.1049,0.026891,0.135526,0.832162,0.039164,100,0
0.172526,0.178471,0.173781,0.174591,0.332657,0.82022,0.084387,100,1
0.153464,0.196108,0.263425,0.030598,0.080611,0.752703,0.020776,500,1
0.095609,0.291834,0.104045,0.030663,0.066649,0.771401,0.015268,500,1
0.217882,0.186331,0.160789,0.040992,0.055872,0.771572,0.027221,100,1
0.102311,0.182891,0.125886,0.035164,0.103955,0.826204,0.023365,10,0
0.18234,0.190888,0.086265,0.021471,0.078013,0.82547,0.013748,500,1
0.13446,0.203519,0.1442,0.092115,0.165766,0.756131,0.040954,2000,1
0.186763,0.189038,0.207714,0.077564,0.199593,0.799715,0.026175,50,1
0.211687,0.210942,0.222041,0.030076,0.107883,0.768631,0.011083,500,0
0.128788,0.136218,0.17805,0.156016,0.282857,0.823043,0.074404,200,1
0.201098,0.213348,0.205287,0.067348,0.232696,0.793177,0.036367,20,1
0.14162,0.145502,0.189992,0.169651,0.305126,0.818841,0.078181,500,1
0.159489,0.195625,0.141237,0.048916,0.132258,0.81219,0.035792,200,1
0.134299,0.047439,0.176575,0.039326,0.076089,0.813939,0.030683,20,0
0.07795,0.161853,0.323529,0.037072,0.081322,0.705459,0.016015,50,1
0.247206,0.278034,0.153852,0.028102,0.089151,0.784819,0.016011,100,0
0.172811,0.138692,0.105168,8.7e-05,0.043937,0.817934,0.01969,500,1
0.108304,0.13047,0.138329,0.034109,0.089524,0.892986,0.00267,20,0
0.079795,0.102918,0.089717,0.070103,0.148851,0.860307,0.035768,100,0
0.089663,0.119876,0.090401,0.029091,0.105566,0.881554,0.027269,10,0
0.071328,0.083725,0.022613,0.048989,0.069662,0.912113,0.014875,10,0
0.095798,0.174617,0.121922,0.052706,0.114058,0.830021,0.026171,50,0
0.195515,0.216737,0.195626,0.056746,0.144573,0.809084,0.038276,20,1
0.160978,0.140267,0.115811,0.128692,0.15015,0.830367,0.065342,200,1
0.189482,0.188186,0.172847,0.027177,0.099382,0.791931,0.030163,50,0
0.160148,0.167818,0.231076,0.056277,0.135504,0.745108,0.023305,20,1
0.159425,0.253854,0.241172,0.018778,0.028719,0.744901,0.00439,50,0
0.222748,0.160882,0.243121,0.050905,0.109213,0.735705,0.020508,10,0
0.237281,0.251041,0.048146,0.104596,0.130718,0.74985,0.030866,10,0
0.122058,0.14952,0.178279,0.136651,0.115689,0.846259,0.017354,500,1
0.158251,0.145189,0.096237,0.04539,0.103271,0.80536,0.030566,100,0
0.140346,0.076998,0.113378,0.013216,0.075682,0.88528,0.019816,10,0
0.188067,0.192867,0.201427,0.08103,0.175585,0.79051,0.031538,100,1
0.062511,0.065146,0.038781,0.022054,0.018188,0.927152,0.004441,10,0
0.135519,0.124479,0.126227,0.05149,0.077738,0.869294,0.003005,200,0
0.128376,0.125507,0.077923,0.092303,0.167381,0.854571,0.039483,2000,1
0.154453,0.185485,0.107934,0.006409,0.115228,0.851323,0.018372,100,0
0.124841,0.118872,0.298559,0.015747,0.059383,0.79982,0.014439,500,0
0.089528,0.103553,0.091799,0.046494,0.094175,0.85252,0.025116,2000,1
0.108027,0.183724,0.112322,0.033005,0.123412,0.852117,0.017674,200,0
0.191806,0.212774,0.2351,0.155751,0.292067,0.753178,0.069997,100,1
0.068802,0.074886,0.085713,0.002266,0.039732,0.823794,0.023897,100,0
0.208107,0.172375,0.186384,0.029023,0.122447,0.793997,0.014352,50,0
0.062689,0.073836,0.042165,0.028319,0.027931,0.912341,0.012955,10,0
0.117443,0.076728,0.093739,0.036762,0.039925,0.890108,0.018108,100,0
0.133427,0.114879,0.183517,0.138513,0.247728,0.812986,0.061743,200,1
0.181363,0.144174,0.258761,0.035185,0.156498,0.709626,0.043634,200,0
0.157864,0.145536,0.134081,0.048131,0.09967,0.849487,0.038685,10,0
0.112397,0.088892,0.033694,0.008332,0.04042,0.869251,0.011264,500,0
0.111948,0.149917,0.095887,0.012692,0.078797,0.874716,0.027486,10,0
0.155232,0.156196,0.130434,0.09351,0.102759,0.850501,0.047411,500,1
0.253414,0.213552,0.228804,0.0132,0.099111,0.751471,0.022753,50,0
0.155075,0.139762,0.050764,0.026592,0.130787,0.775032,0.031357,500,0
0.138492,0.174374,0.126913,0.10071,0.130011,0.802363,0.030723,50,0
0.112833,0.133605,0.150352,0.065932,0.153628,0.868292,0.035251,200,0
0.11475,0.117528,0.150158,0.113779,0.129097,0.870286,0.055305,10,1
0.181751,0.204568,0.160414,0.004808,0.091387,0.823535,0.036608,100,0
0.199234,0.141385,0.222885,0.014692,0.124531,0.809564,0.020898,50,0
0.268463,0.320069,0.086133,0.027498,0.053489,0.770797,0.007047,2000,0
0.144004,0.163816,0.226173,0.16009,0.341542,0.783159,0.084388,100,1
0.179208,0.181037,0.124103,0.027678,0.073181,0.845596,0.012499,20,0
0.124853,0.121301,0.137159,0.02444,0.052885,0.845843,0.024921,10,1
0.138981,0.20224,0.029365,0.019647,0.114512,0.819156,0.016421,20,0
0.16535,0.195791,0.163281,0.003504,0.126949,0.8222,0.04148,100,0
0.112252,0.128111,0.163258,0.13356,0.252292,0.850239,0.065031,500,1
0.064865,0.065328,0.077611,0.042532,0.046063,0.92811,0.023956,10,1
0.12259,0.137082,0.109648,0.049792,0.105634,0.864893,0.006603,50,0
0.152154,0.213987,0.152543,0.019031,0.078533,0.811046,0.013719,20,0
0.04776,0.096958,0.034736,0.01892,0.012678,0.907874,0.006471,500,0
0.147607,0.170652,0.142544,0.078745,0.10948,0.775063,0.023931,100,0
0.26516,0.303698,0.19821,0.093225,0.105858,0.733904,0.012607,500,0
0.110133,0.141997,0.148381,0.038692,0.075391,0.82586,0.014923,50,0
0.136202,0.150953,0.122817,0.053555,0.139509,0.822531,0.035668,20,0
0.156221,0.157492,0.112792,0.036348,0.045835,0.846717,0.034891,20,1
0.050004,0.047351,0.049666,0.041267,0.029094,0.930972,0.013409,10,0
0.181007,0.174313,0.216809,0.175317,0.332905,0.774972,0.085087,20,1
0.103929,0.165752,0.069292,0.068515,0.120838,0.866485,0.03112,50,0
0.085836,0.126357,0.097651,0.006674,0.011621,0.883265,0.00529,500,0
0.159607,0.109103,0.168165,0.00923,0.116629,0.805862,0.028501,2000,0
0.191976,0.243339,0.033339,0.040234,0.084149,0.78015,0.014027,10,0
0.110585,0.109711,0.090773,0.013037,0.023897,0.890673,0.007233,20,0
0.171179,0.188312,0.076128,0.042263,0.081462,0.803596,0.02099,10,0
0.145795,0.085514,0.151899,0.113985,0.172734,0.838577,0.069939,100,0
0.172045,0.126688,0.130997,0.004295,0.145337,0.833311,0.048351,500,0
0.159864,0.219572,0.332134,0.045549,0.079561,0.715079,0.017976,100,1
0.150957,0.163683,0.205298,0.015499,0.054379,0.766206,0.01182,500,1
0.146846,0.111336,0.075408,0.046693,0.078744,0.837678,0.011565,500,0
0.130334,0.155632,0.096166,0.008647,0.079575,0.889545,0.012428,200,0
0.161308,0.12933,0.151883,0.018755,0.096527,0.852829,0.026079,50,0
0.10914,0.107895,0.108751,0.041272,0.041437,0.868236,0.002731,20,0
0.10275,0.148009,0.24966,0.119829,0.209857,0.770932,0.053239,50,1
0.102865,0.053687,0.067611,0.025578,0.030065,0.857248,0.013779,100,0
0.212751,0.221072,0.23456,0.038216,0.126119,0.788867,0.029481,10,0
0.173442,0.090074,0.04708,0.104852,0.131865,0.840025,0.021834,100,0
0.221523,0.255025,0.211927,0.055987,0.196135,0.753095,0.048208,2000,0
0.140698,0.143152,0.145392,0.004701,0.095663,0.873642,0.002845,20,0
0.107233,0.179437,0.181309,0.016444,0.095623,0.820585,0.024693,2000,0
0.182442,0.189076,0.154331,0.031662,0.07089,0.789896,0.018683,10,0
0.071392,0.141683,0.088395,0.040312,0.02631,0.836773,0.006475,2000,0
0.15756,0.219515,0.049077,0.03734,0.069154,0.842681,0.006761,200,0
0.211603,0.22735,0.114001,0.051468,0.095969,0.798894,0.004124,100,0
0.19686,0.26515,0.053186,0.021091,0.023871,0.746108,0.011705,10,0
0.113968,0.164102,0.158253,0.056175,0.081655,0.808484,0.013903,500,1
0.147457,0.145027,0.078052,0.031188,0.130994,0.774614,0.0322,500,0
0.139854,0.187658,0.320421,0.110132,0.238522,0.735608,0.040403,100,1
0.154978,0.250472,0.154929,0.032628,0.139024,0.78575,0.016178,20,0
0.117637,0.152803,0.1377,0.032608,0.052548,0.852096,0.019859,200,1
0.13937,0.145987,0.351477,0.019468,0.08664,0.782378,0.032648,10,0
0.134573,0.142701,0.130239,0.131767,0.14828,0.854742,0.058304,50,1
0.109518,0.117242,0.164787,0.031183,0.103247,0.848938,0.018672,20,0
0.176788,0.237361,0.04677,0.05088,0.07362,0.794232,0.023311,500,0
0.198803,0.202473,0.279709,0.023826,0.226981,0.704777,0.032197,500,1
0.10504,0.106877,0.079046,0.0319,0.027509,0.899362,0.010983,100,0
0.094463,0.133459,0.147844,0.05426,0.134566,0.782587,0.01489,100,0
0.14597,0.204901,0.096034,0.042461,0.098303,0.836962,0.021275,10,0
0.069867,0.107986,0.083706,0.025554,0.028259,0.886873,0.016896,500,1
0.094198,0.160175,0.113696,0.009796,0.075409,0.83583,0.020165,20,0
0.104603,0.181816,0.1778,0.043848,0.06297,0.799772,0.010754,500,1
0.135159,0.154241,0.100993,0.009469,0.123281,0.830242,0.025294,20,0
0.176742,0.188059,0.100839,0.019773,0.107846,0.786831,0.038664,200,0
0.136698,0.121925,0.262704,0.003677,0.141818,0.733264,0.02131,10,1
0.178086,0.320186,0.262703,0.013866,0.016899,0.696775,0.009115,2000,0
0.149138,0.116296,0.119194,0.050751,0.120189,0.819935,0.042667,100,0
0.133897,0.174037,0.248121,0.168158,0.288462,0.772373,0.075932,200,1
0.133994,0.141404,0.219537,0.025642,0.057069,0.85739,0.00937,100,0
0.148116,0.128137,0.139449,0.022004,0.081338,0.83404,0.014606,20,0
0.109473,0.069411,0.083099,0.015728,0.060964,0.865359,0.02263,10,0
0.14264,0.255515,0.289268,0.011231,0.113746,0.721791,0.027532,20,0
0.135032,0.11249,0.143193,0.058144,0.105708,0.876408,0.003638,20,0
0.141313,0.236145,0.218798,0.032054,0.158028,0.767721,0.05268,50,0
0.154207,0.128207,0.140117,0.079633,0.110776,0.855039,0.035319,20,0
0.149235,0.212815,0.017735,0.020722,0.078194,0.820392,0.010557,20,0
0.187919,0.169653,0.235334,0.030153,0.106237,0.821636,0.04797,100,0
0.123216,0.12947,0.106572,0.053167,0.098143,0.86411,0.030151,50,0
0.147617,0.141633,0.243899,0.151325,0.283757,0.778485,0.070326,200,1
0.13511,0.130395,0.230586,0.088484,0.223017,0.736779,0.039217,100,1
0.078361,0.095947,0.041225,0.008988,0.029327,0.880826,0.017492,10,0
0.20833,0.196781,0.209293,0.137832,0.208421,0.780345,0.062276,500,0
0.157325,0.119945,0.154238,0.060732,0.050533,0.82618,0.03139,200,1
0.13918,0.179918,0.137945,0.017617,0.128369,0.829436,0.02611,20,0
0.167196,0.195647,0.20871,0.069402,0.13448,0.780784,0.02174,500,0
0.207331,0.166812,0.158469,0.066667,0.08337,0.791193,0.030968,500,1
0.153602,0.145863,0.12604,0.094823,0.109042,0.860889,0.045989,100,1
0.093939,0.157012,0.237395,0.068065,0.139877,0.761898,0.035937,500,0
0.19886,0.134005,0.028628,0.006015,0.013804,0.864595,0.006997,50,0
0.204401,0.218961,0.140979,0.089607,0.132054,0.790873,0.042523,100,0
0.096156,0.228812,0.216237,0.033719,0.109097,0.748328,0.014927,500,0
0.08814,0.103013,0.051434,0.006413,0.082028,0.899373,0.016697,200,0
0.141666,0.154833,0.11154,0.034109,0.084461,0.841198,0.016887,10,0
0.111872,0.073646,0.176043,0.04026,0.039488,0.816244,0.013939,200,0
0.142276,0.12475,0.144488,0.098812,0.122762,0.835397,0.060307,100,1
0.167098,0.197703,0.09987,0.007867,0.130699,0.843999,0.020549,100,0
0.110688,0.146013,0.026426,0.027218,0.050822,0.884233,0.012252,100,0
0.13305,0.12324,0.109213,0.070811,0.04956,0.834944,0.024171,200,1
0.219224,0.250879,0.050053,0.020752,0.029585,0.811832,0.005262,20,0
0.103729,0.122047,0.074143,0.04493,0.093185,0.876653,0.019438,10,0
0.188824,0.170609,0.167097,0.134002,0.293542,0.785026,0.072807,100,0
0.102908,0.08551,0.073881,0.016966,0.096691,0.897112,0.015521,10,0
0.154975,0.131628,0.080871,0.096005,0.1139,0.811246,0.031993,500,0
0.171683,0.132028,0.08354,0.097639,0.108047,0.864342,0.012102,500,0
0.170265,0.250762,0.189524,0.019865,0.095047,0.74519,0.027342,200,0
0.114579,0.145912,0.191778,0.058932,0.104146,0.806836,0.028376,500,0
0.124041,0.124323,0.140186,0.020396,0.037477,0.878388,0.006533,500,0
0.149317,0.126788,0.065781,0.007391,0.01047,0.85053,0.00527,500,0
0.159316,0.196309,0.024437,0.032883,0.073263,0.823748,0.00611,500,0
0.183191,0.22353,0.279138,0.064455,0.190771,0.738655,0.027986,50,1
0.119101,0.127207,0.134838,0.057275,0.097322,0.837987,0.02929,2000,1
0.099588,0.125906,0.135182,0.048365,0.080748,0.842955,0.034097,2000,1
0.129563,0.219899,0.186762,0.072119,0.127844,0.785584,0.029194,500,0
0.058183,0.055988,0.046492,0.040542,0.018467,0.933554,0.014439,10,0
0.08035,0.14217,0.139554,0.012632,0.07196,0.842507,0.014752,100,0
0.192661,0.206196,0.150009,0.073704,0.110696,0.825248,0.028461,500,0
0.159163,0.157986,0.178051,0.084135,0.113793,0.814473,0.026801,200,0
0.151859,0.156449,0.175101,0.022277,0.13648,0.766573,0.020863,100,0
0.228588,0.202665,0.153363,0.077065,0.120723,0.779698,0.016502,500,0
0.093753,0.092522,0.075885,0.01262,0.061072,0.885043,0.021624,10,0
0.134403,0.15703,0.107349,0.037695,0.045083,0.816674,0.019101,50,1
0.140885,0.161733,0.166801,0.127583,0.258885,0.839791,0.071409,500,1
0.122625,0.127215,0.178996,0.186306,0.320153,0.801443,0.079154,50,1
0.113664,0.082781,0.024014,0.022722,0.074143,0.927225,0.010485,10,0
0.129079,0.167756,0.150187,0.003979,0.131533,0.842633,0.03984,500,0
0.162652,0.158671,0.239386,0.091043,0.1399,0.768394,0.033372,200,0
0.210776,0.199333,0.194569,0.030789,0.111526,0.803846,0.022181,2000,0
0.13865,0.068219,0.135511,0.035214,0.096474,0.890772,0.019851,500,0
0.069535,0.074205,0.076083,0.042424,0.061769,0.913644,0.022155,20,0
0.169257,0.20475,0.184162,0.074652,0.092525,0.806978,0.022652,50,1
0.15517,0.172518,0.227271,0.068504,0.141752,0.783197,0.047165,2000,1
0.192682,0.240641,0.078549,0.020778,0.06545,0.82385,0.009629,20,0
0.196574,0.205804,0.136173,0.090768,0.113115,0.784059,0.016661,100,0
0.229203,0.272402,0.200426,0.11999,0.215745,0.755476,0.049783,20,0
0.066997,0.087655,0.078484,0.087949,0.094062,0.901502,0.003534,200,0
0.148401,0.140712,0.152453,0.059102,0.135567,0.816232,0.030055,500,1
0.140122,0.14024,0.129654,0.129264,0.200833,0.85832,0.054861,100,0
0.125248,0.127967,0.133101,0.153358,0.290954,0.860486,0.082588,200,1
0.337685,0.323521,0.084515,0.014403,0.031258,0.655907,0.010949,500,0
0.121434,0.206455,0.132093,0.062484,0.107159,0.801427,0.035995,20,0
0.160061,0.207272,0.167998,0.044003,0.104075,0.773005,0.022883,10,0
0.180327,0.112763,0.105368,0.009068,0.151473,0.84593,0.018305,100,0
0.11681,0.142936,0.113373,0.091967,0.166653,0.848803,0.036202,2000,1
0.144631,0.193991,0.209078,0.015677,0.078582,0.784744,0.010992,20,0
0.055765,0.10796,0.013368,0.034815,0.048118,0.814094,0.011891,20,0
0.111275,0.05594,0.118048,0.012715,0.0249,0.881901,0.014375,100,0
0.113121,0.152285,0.149046,0.048181,0.075059,0.833576,0.021397,20,0
0.314045,0.359209,0.28903,0.024035,0.127303,0.611468,0.037137,500,1
0.219394,0.230143,0.156005,0.023843,0.051224,0.786769,0.012932,50,0
0.109857,0.120317,0.099526,0.0358,0.119855,0.859745,0.0215,20,0
0.183503,0.219136,0.213498,0.018109,0.061263,0.730535,0.010323,500,1
0.181279,0.185375,0.180471,0.0547,0.143568,0.794024,0.030972,100,1
0.096651,0.151819,0.119753,0.030367,0.082052,0.842233,0.006137,20,0
0.178338,0.218237,0.268513,0.054702,0.182367,0.744446,0.024728,50,1
0.151646,0.155621,0.186023,0.143366,0.260386,0.816113,0.069543,100,1
0.192529,0.207289,0.196891,0.090074,0.171872,0.793773,0.029506,500,1
0.094034,0.093353,0.053152,0.052241,0.074461,0.862788,0.022179,10,0
0.125712,0.11835,0.299496,0.007573,0.178951,0.688381,0.018662,10,1
0.110272,0.224298,0.237643,0.020826,0.108969,0.710367,0.029324,50,0
0.091648,0.149895,0.125575,0.042256,0.083396,0.84969,0.023093,10,0
0.09169,0.088723,0.074945,0.018071,0.100535,0.887514,0.012,50,0
0.075831,0.121207,0.127945,0.052159,0.082578,0.839848,0.02818,20,0
0.125462,0.132951,0.175241,0.047978,0.10225,0.839592,0.027866,10,0
0.139804,0.209648,0.326826,0.050134,0.105047,0.747009,0.008824,500,1
0.125998,0.141636,0.159935,0.045685,0.111536,0.830497,0.026141,500,1
0.132834,0.147392,0.221163,0.009509,0.08932,0.814018,0.018031,50,0
0.192543,0.162097,0.102958,0.031315,0.083818,0.834833,0.008514,10,0
0.163555,0.190669,0.276495,0.115479,0.211335,0.756761,0.056082,20,1
0.097854,0.084819,0.118444,0.051134,0.080584,0.882025,0.021391,20,0
0.116691,0.12823,0.265083,0.118563,0.229963,0.769074,0.055164,50,1
0.160487,0.256717,0.270053,0.030772,0.11309,0.719798,0.027177,10,0
0.145966,0.153938,0.124033,0.105649,0.157249,0.822308,0.033107,10,1
0.125765,0.125972,0.166614,0.169846,0.203734,0.840594,0.037007,100,0
0.109806,0.135412,0.078044,0.070681,0.111201,0.853081,0.039811,50,0
0.139484,0.140074,0.154131,0.000162,0.07815,0.805025,0.009664,20,1
0.213171,0.216765,0.05953,0.061889,0.19656,0.824575,0.032286,50,0
0.083102,0.145268,0.125061,0.013457,0.113341,0.873689,0.016623,100,0
0.155768,0.320866,0.234422,0.00028,0.142723,0.724215,0.002248,2000,0
0.161857,0.139523,0.070052,0.036086,0.086519,0.808635,0.011512,2000,0
0.173214,0.202003,0.164315,0.086248,0.212706,0.786391,0.038157,500,0
0.128135,0.202015,0.18856,0.052732,0.097189,0.746457,0.019247,100,0
0.128715,0.104996,0.039573,0.072886,0.052726,0.873547,0.015995,100,0
0.190535,0.200837,0.169309,0.060449,0.198777,0.813372,0.031542,200,1
0.122409,0.256001,0.180956,0.024796,0.135516,0.772744,0.010928,500,0
0.094863,0.155002,0.038454,0.017322,0.011891,0.835396,0.006822,500,0
0.110881,0.112298,0.087179,0.017012,0.077782,0.862052,0.016879,50,0
0.126921,0.200653,0.083937,0.007857,0.050828,0.886255,0.003286,200,0
0.164584,0.14798,0.033294,0.078724,0.067506,0.85048,0.016262,200,1
0.123263,0.089305,0.140697,0.006063,0.082786,0.870906,0.015454,10,0
0.131287,0.142466,0.074824,0.003594,0.044648,0.868247,0.012788,200,1
0.109997,0.095934,0.078174,0.0645,0.084276,0.854563,0.021989,200,0
0.120112,0.190291,0.184163,0.082347,0.138244,0.798939,0.025937,500,0
0.135424,0.192115,0.06642,0.017457,0.016652,0.816239,0.011915,100,0
0.078242,0.150405,0.220081,0.065946,0.119845,0.824704,0.040649,200,0
0.119339,0.099074,0.025066,0.037149,0.09612,0.894712,0.005331,200,0
0.179753,0.182938,0.215447,0.124558,0.136389,0.807824,0.05825,200,1
0.165126,0.186689,0.246338,0.054472,0.082258,0.764279,0.015592,50,1
0.211881,0.169721,0.194457,0.049346,0.096485,0.761918,0.019533,10,0
0.097925,0.100229,0.061909,0.061943,0.12181,0.919008,0.022188,10,0
0.084179,0.131412,0.188251,0.042289,0.054027,0.830201,0.013191,500,1
0.116421,0.189589,0.315707,0.044417,0.062743,0.727439,0.01399,500,1
0.145396,0.100246,0.231793,0.028573,0.111775,0.788449,0.026656,10,0
0.119332,0.11018,0.086267,0.004384,0.134785,0.860778,0.035066,100,0
0.171097,0.163812,0.091754,0.089119,0.157112,0.852235,0.022541,10,0
0.133707,0.123425,0.121195,0.122072,0.145935,0.835552,0.065058,20,1
0.110834,0.110548,0.180912,0.042815,0.105085,0.829394,0.01001,20,0
0.109627,0.135637,0.102246,0.007073,0.006481,0.866933,0.003589,2000,0
0.155399,0.184165,0.171167,0.016849,0.022048,0.789083,0.010299,100,1
0.237949,0.286074,0.161019,0.011385,0.052237,0.758489,0.011392,2000,0
0.150175,0.336797,0.361653,0.02719,0.106771,0.651262,0.019359,500,1
0.138381,0.17085,0.12971,0.067078,0.191996,0.828718,0.036298,200,0
0.09302,0.132455,0.116819,0.015848,0.033846,0.856569,0.018186,10,0
0.14374,0.200754,0.282504,0.078282,0.171441,0.736415,0.029851,500,1
0.213942,0.138095,0.059831,0.018108,0.08487,0.753642,0.025821,100,0
0.236651,0.224165,0.225905,0.009013,0.056163,0.80439,0.014077,20,0
0.157565,0.164987,0.137765,0.051844,0.086693,0.843005,0.032691,10,0
0.201061,0.184273,0.090809,0.028882,0.083846,0.840287,0.018323,10,0
0.11848,0.104715,0.119991,0.026319,0.086689,0.886888,0.012415,500,0
0.124294,0.116988,0.253492,0.002977,0.06834,0.767417,0.012575,10,1
0.158743,0.170731,0.233156,0.097771,0.150813,0.742639,0.027082,100,1
0.087205,0.114276,0.078581,0.010607,0.05236,0.888168,0.020806,10,0
0.155962,0.153954,0.158488,0.050031,0.148646,0.83788,0.018028,100,0
0.113523,0.094446,0.072021,0.037344,0.092762,0.909355,0.022121,100,0
0.099243,0.086324,0.074277,0.012931,0.080527,0.900648,0.010771,10,0
0.156067,0.224837,0.137297,0.095554,0.174291,0.795127,0.033966,50,0
0.11007,0.101232,0.130453,0.056213,0.121602,0.877224,0.024239,500,0
0.147562,0.163668,0.156732,0.149121,0.260748,0.794801,0.073495,10,1
0.13017,0.126762,0.03142,0.009861,0.016434,0.889134,0.003871,2000,0
0.129969,0.143411,0.1673,0.009943,0.107798,0.860261,0.025078,50,0
0.168123,0.192072,0.233297,0.03665,0.154526,0.776251,0.03596,100,1
0.112174,0.104279,0.104069,0.079142,0.084797,0.87437,0.038527,20,1
0.135079,0.140004,0.076602,0.060578,0.066695,0.888306,0.00862,200,0
0.118881,0.126052,0.214638,0.115181,0.239543,0.81113,0.064118,200,1
0.107788,0.135864,0.118706,0.033352,0.071708,0.853972,0.014879,20,0
0.106811,0.127388,0.119349,0.033617,0.105662,0.86622,0.012896,500,0
0.09674,0.218103,0.132913,0.051735,0.088028,0.78885,0.026499,10,0
0.133145,0.146117,0.15669,0.146592,0.283338,0.842744,0.070871,100,1
0.119188,0.132171,0.173901,0.033751,0.033647,0.859975,0.012961,50,0
0.13518,0.173178,0.127663,0.043137,0.084179,0.849713,0.018024,10,0
0.127776,0.144032,0.175429,0.132052,0.250229,0.839496,0.059798,50,1
0.10341,0.186698,0.240784,0.042222,0.105819,0.777162,0.008648,500,1
0.198691,0.330468,0.291809,0.020735,0.014163,0.674172,0.012909,500,0
0.174547,0.197041,0.17382,0.013243,0.08328,0.814954,0.014497,500,1
0.111151,0.132455,0.138624,0.033652,0.094891,0.848275,0.014814,20,0
0.238026,0.281703,0.002664,0.021861,0.014387,0.821,0.003619,500,0
0.157681,0.148573,0.152946,0.102101,0.103284,0.849475,0.046909,500,1
0.074983,0.076346,0.063952,0.019016,0.016162,0.89218,0.005473,2000,0
0.14636,0.273327,0.298941,0.025556,0.085944,0.679459,0.02354,500,1
0.13349,0.164209,0.134868,0.060521,0.125436,0.836133,0.038021,10,1
0.115991,0.170728,0.258275,0.039749,0.107227,0.737847,0.020916,50,0
0.106078,0.14605,0.111971,0.063537,0.104011,0.851097,0.025964,20,0
0.093335,0.074101,0.072491,0.041208,0.082875,0.913596,0.021933,10,0
0.168187,0.189453,0.025417,0.031925,0.094311,0.859574,0.015166,10,0
0.13607,0.13895,0.117448,0.005829,0.088962,0.85354,0.032925,200,0
0.14595,0.1205,0.162522,0.072269,0.192063,0.841094,0.011928,100,0
0.1994,0.248785,0.188863,0.018848,0.102376,0.78203,0.023338,2000,0
0.148256,0.141208,0.193815,0.052115,0.11344,0.825373,0.013335,10,0
0.117275,0.28536,0.037885,0.032764,0.101286,0.771254,0.013711,200,0
0.189839,0.133454,0.131671,0.0,0.081555,0.774205,0.004975,100,0
0.096651,0.082675,0.180124,0.016421,0.016854,0.867879,0.006981,20,0
0.201754,0.220811,0.196544,0.10938,0.267778,0.783344,0.043885,500,1
0.10742,0.138291,0.072324,0.01671,0.042148,0.844629,0.007284,500,1
0.11954,0.183684,0.148508,0.055668,0.088895,0.793101,0.012973,500,1
0.134417,0.143368,0.140475,0.014772,0.127045,0.826912,0.028386,100,0
0.12716,0.161625,0.224244,0.038872,0.183077,0.760493,0.02938,50,1
0.186408,0.170148,0.24961,0.016888,0.232351,0.660444,0.041203,500,0
0.187895,0.170873,0.313573,0.015712,0.225195,0.697883,0.0421,100,1
0.107594,0.098002,0.203648,0.04475,0.113883,0.848172,0.026657,100,0
0.11331,0.214081,0.14097,0.074204,0.115345,0.820516,0.021684,10,0
0.110843,0.115756,0.113948,0.038391,0.049735,0.828564,0.026499,100,1
0.136291,0.185589,0.077433,0.031841,0.086994,0.838096,0.01286,20,0
0.172694,0.157325,0.054402,0.103905,0.079258,0.754978,0.010541,100,0
0.180398,0.187682,0.181287,0.065057,0.139208,0.765454,0.029006,20,0
0.194481,0.204075,0.085635,0.086221,0.24742,0.760736,0.048398,10,0
0.188532,0.11305,0.157488,0.135197,0.197096,0.798169,0.044708,200,0
0.128113,0.152506,0.175127,0.034803,0.044444,0.797622,0.014056,500,1
0.15662,0.172002,0.183667,0.022783,0.108236,0.83166,0.022083,50,0
0.122756,0.105868,0.115461,0.094463,0.135773,0.872493,0.043311,200,0
0.144757,0.146501,0.156974,0.032535,0.111882,0.845759,0.026761,20,0
0.184041,0.12109,0.121389,0.088046,0.134438,0.798216,0.021958,50,0
0.173346,0.276815,0.09469,0.044076,0.176488,0.706714,0.042041,50,0
0.101001,0.116253,0.172449,0.043271,0.109855,0.836588,0.022749,20,0
0.058293,0.087009,0.222764,0.043136,0.079841,0.84283,0.015454,50,0
0.140034,0.253353,0.157749,0.098291,0.12605,0.74691,0.019938,10,0
0.26073,0.134554,0.171995,0.02876,0.108624,0.764851,0.022608,10,0
0.135527,0.156184,0.111856,0.1744,0.311452,0.821034,0.062348,100,0
0.110916,0.086779,0.123877,0.008361,0.076027,0.871891,0.009659,10,0
0.180957,0.183142,0.212274,0.056785,0.193276,0.805832,0.025389,50,1
0.158245,0.208856,0.285321,0.059833,0.141068,0.749809,0.040104,100,1
0.186764,0.189059,0.218762,0.058644,0.199587,0.799714,0.026177,50,1
0.113732,0.160836,0.147054,0.023947,0.121533,0.842014,0.029817,20,0
0.114352,0.110639,0.126067,0.135956,0.129768,0.877929,0.053953,10,1
0.2093,0.182854,0.168503,0.169861,0.356792,0.822256,0.099816,10,0
0.075261,0.12967,0.189353,0.023369,0.070734,0.812627,0.016711,100,0
0.126652,0.134128,0.138021,0.008953,0.095013,0.846662,0.026402,50,0
0.145958,0.112308,0.134166,0.03624,0.088294,0.868007,0.017961,200,0
0.064606,0.079745,0.081086,0.004497,0.009268,0.907769,0.005908,10,0
0.208294,0.224108,0.053814,0.02582,0.053479,0.824977,0.012828,10,0
0.142464,0.116462,0.085783,0.004389,0.096922,0.832044,0.019382,100,0
0.124266,0.134052,0.082847,0.005824,0.039444,0.850873,0.012885,20,0
0.08813,0.084226,0.204212,0.046294,0.04253,0.843442,0.023838,500,1
0.109128,0.103036,0.076367,0.034158,0.162723,0.857686,0.026297,50,0
0.10982,0.144332,0.053726,0.007597,0.107139,0.87997,0.019055,200,0
0.189709,0.156938,0.108009,0.091998,0.113962,0.801676,0.037115,100,0
0.129111,0.101629,0.148778,0.043248,0.118824,0.876472,0.017702,500,0
0.182814,0.207822,0.12116,0.02313,0.076724,0.750514,0.024092,50,0
0.158933,0.174923,0.168375,0.012171,0.021213,0.843322,0.005996,500,0
0.172402,0.184872,0.107556,0.177737,0.307442,0.818932,0.090058,500,0
0.183347,0.200498,0.180805,0.043719,0.105302,0.799709,0.043865,50,0
0.151889,0.208373,0.228075,0.043626,0.145039,0.77089,0.033544,200,0
0.214899,0.258504,0.198665,0.013587,0.092522,0.756691,0.01288,200,0
0.198601,0.195724,0.206069,0.03624,0.217195,0.672512,0.050791,500,0
0.155236,0.231608,0.203775,0.018857,0.081816,0.798153,0.022459,10,0
0.104203,0.103281,0.061203,0.011477,0.080244,0.868445,0.024121,10,0
0.21007,0.238253,0.167946,0.02684,0.142563,0.733461,0.023378,50,0
0.201495,0.266349,0.178,0.079091,0.140658,0.769859,0.040274,200,0
0.170038,0.185239,0.19805,0.035078,0.085901,0.826389,0.016577,10,0
0.07541,0.149468,0.06124,0.058331,0.086974,0.857323,0.028943,50,0
0.138931,0.167111,0.158282,0.08186,0.206282,0.825857,0.020941,100,0
0.156758,0.122289,0.163575,0.005881,0.048939,0.869447,0.019544,50,1
0.176292,0.181165,0.196033,0.044451,0.114983,0.800862,0.013074,2000,0
0.123585,0.086014,0.110985,0.026748,0.101978,0.892198,0.018513,10,0
0.166127,0.196786,0.225158,0.140183,0.20303,0.786334,0.060065,500,0
0.151081,0.125766,0.20211,0.036747,0.053431,0.840104,0.019824,50,1
0.14113,0.15049,0.08441,0.027022,0.03154,0.879052,0.014909,100,1
0.16349,0.182783,0.203675,0.089163,0.11488,0.78346,0.034201,2000,1
0.143742,0.159743,0.17938,0.163212,0.296116,0.831435,0.079002,20,1
0.087424,0.135451,0.106058,0.068858,0.115886,0.858956,0.035175,10,0
0.103083,0.067731,0.121943,0.046979,0.084276,0.904405,0.016613,20,0
0.096745,0.198247,0.091999,0.013801,0.069238,0.815686,0.012353,10,0
0.105712,0.103271,0.110527,0.02405,0.082203,0.885326,0.016853,100,0
0.235821,0.117452,0.059971,0.013426,0.099278,0.784669,0.012076,50,0
0.083206,0.108806,0.073277,0.020546,0.074476,0.905366,0.026074,50,0
0.118968,0.09182,0.017798,0.043872,0.092991,0.869331,0.01638,100,0
0.144913,0.162593,0.262558,0.178566,0.327815,0.785094,0.084681,10,1
0.105634,0.136672,0.090616,0.029337,0.089656,0.84852,0.016107,10,0
0.107882,0.192466,0.117182,0.016575,0.096064,0.833817,0.008394,10,0
0.118156,0.142988,0.097355,0.054506,0.110446,0.804063,0.029953,20,0
0.142769,0.139815,0.096184,0.095227,0.186957,0.836004,0.04405,200,0
0.129076,0.214244,0.22303,0.007839,0.099142,0.759475,0.016488,500,1
0.096309,0.19952,0.157569,0.01951,0.105756,0.791969,0.017353,20,0
0.079386,0.085971,0.087957,0.017679,0.023387,0.922149,0.006573,20,0
0.142324,0.154601,0.174361,0.108788,0.249414,0.823577,0.060943,200,1
0.255945,0.252792,0.026006,0.024763,0.023723,0.802187,0.005605,500,0
0.135322,0.152252,0.144725,0.037194,0.06324,0.849002,0.016,500,1
0.197566,0.20303,0.160771,0.059347,0.188062,0.810747,0.056269,20,1
0.143315,0.154269,0.148249,0.088135,0.153514,0.717738,0.031724,10,1
0.168323,0.19788,0.230439,0.091586,0.186816,0.776984,0.050516,500,0
0.132471,0.143651,0.127562,0.128449,0.134335,0.85796,0.062592,100,1
0.120768,0.258183,0.23965,0.015997,0.121006,0.711534,0.021201,50,0
0.18773,0.187414,0.162859,0.176359,0.313678,0.811519,0.08771,100,0
0.116939,0.144014,0.17237,0.052373,0.087831,0.807126,0.020148,20,0
0.096176,0.086425,0.056096,0.016548,0.065094,0.872419,0.013351,20,0
0.154186,0.154793,0.128878,0.058168,0.1982,0.853532,0.058195,10,0
0.110701,0.111312,0.073383,0.007748,0.089489,0.890669,0.011654,10,0
0.163822,0.145756,0.249869,0.01602,0.07129,0.787867,0.014931,2000,0
0.182486,0.176819,0.109294,0.10891,0.216857,0.816345,0.051611,500,1
0.215898,0.230419,0.347556,0.040484,0.097585,0.701771,0.008153,500,1
0.246071,0.175946,0.013863,0.014894,0.015827,0.746599,0.009724,50,0
0.111548,0.13492,0.154169,0.041166,0.106855,0.847032,0.012216,10,0
0.117771,0.172545,0.034773,0.023663,0.037359,0.832333,0.015134,100,0
0.124198,0.122374,0.163261,0.026565,0.086573,0.8414,0.012646,20,0
0.103044,0.223303,0.095065,0.021496,0.116344,0.782279,0.016989,100,0
0.175008,0.214209,0.294171,0.07546,0.116203,0.740358,0.020513,50,1
0.168447,0.170243,0.274101,0.012545,0.194561,0.697796,0.033407,200,1
0.146012,0.157096,0.166098,0.146471,0.268754,0.830437,0.067622,50,1
0.127959,0.197655,0.143038,0.110148,0.175439,0.763355,0.060503,2000,1
0.117532,0.153683,0.16943,0.063919,0.126533,0.755702,0.028494,500,0
0.103467,0.150941,0.118041,0.03,0.096234,0.838054,0.018608,10,0
0.124834,0.145006,0.144866,0.099514,0.161232,0.82535,0.045684,2000,0
0.086347,0.092871,0.148153,0.021799,0.052699,0.87505,0.021047,100,0
0.168148,0.215057,0.131514,0.002908,0.073491,0.791068,0.014488,10,0
0.140402,0.140139,0.223437,0.013338,0.112908,0.790132,0.031569,200,0
0.159245,0.138327,0.047243,0.091539,0.209558,0.836744,0.066991,10,0
0.121974,0.169338,0.143668,0.066734,0.147248,0.835217,0.022433,2000,1
0.102236,0.098109,0.116294,0.08272,0.096874,0.89211,0.043998,10,1
0.107805,0.139611,0.029888,0.03314,0.093902,0.857282,0.009175,10,0
0.127919,0.23144,0.141916,0.010441,0.156968,0.768282,0.017209,50,0
0.197426,0.187586,0.333265,0.084506,0.188883,0.659107,0.021278,500,1
0.093426,0.077865,0.079793,0.014191,0.053741,0.866267,0.01173,10,0
0.128376,0.125507,0.077923,0.092303,0.167381,0.854571,0.039483,2000,1
0.175951,0.172842,0.08664,0.014668,0.081578,0.790125,0.011031,10,0
0.091593,0.119254,0.116511,0.040587,0.119211,0.883023,0.029792,100,0
0.138809,0.114445,0.127909,0.027597,0.147165,0.837824,0.032113,10,0
0.091007,0.09487,0.110213,0.016012,0.046876,0.84076,0.009531,500,1
0.158516,0.234505,0.161273,0.056342,0.12887,0.754053,0.036509,500,0
0.133166,0.159051,0.097426,0.010825,0.104041,0.851551,0.004462,100,0
0.148774,0.144546,0.128302,0.057718,0.150112,0.835841,0.039331,100,0
0.177944,0.126538,0.098074,0.049422,0.183544,0.843227,0.050046,100,0
0.117856,0.236718,0.265321,0.115803,0.159659,0.735293,0.039056,500,0
0.198286,0.247709,0.177508,0.007049,0.148624,0.768084,0.020966,10,0
0.088552,0.12015,0.094456,0.043662,0.10068,0.894611,0.005676,200,0
0.102936,0.083674,0.125287,0.021043,0.082586,0.851418,0.021182,10,0
0.089423,0.094785,0.049312,0.021235,0.019677,0.913924,0.007716,20,0
0.216425,0.214455,0.295822,0.014146,0.120071,0.756471,0.030669,2000,0
0.1353,0.252771,0.246272,0.012014,0.05067,0.750985,0.010825,500,0
0.13712,0.197493,0.064775,0.054594,0.120524,0.801258,0.025201,10,0
0.11681,0.142936,0.113373,0.091967,0.166653,0.848803,0.036202,2000,1
0.070849,0.056183,0.088437,0.014603,0.021071,0.878065,0.010793,10,0
0.16085,0.203609,0.150362,0.004894,0.121597,0.832032,0.010711,100,0
0.176041,0.109342,0.090654,0.073933,0.149606,0.823431,0.058375,10,0
0.158749,0.155716,0.126016,0.078392,0.195323,0.842177,0.055865,2000,0
0.129289,0.197757,0.165182,0.016597,0.10652,0.77195,0.020229,10,0
0.113968,0.152508,0.113552,0.029784,0.123507,0.846166,0.034509,200,0
0.13806,0.230255,0.140501,0.023818,0.101003,0.796821,0.033072,50,0
0.080066,0.199117,0.226242,0.040621,0.097268,0.790077,0.014222,500,0
0.23048,0.304808,0.221867,0.096813,0.130079,0.753451,0.046424,20,1
0.099528,0.115657,0.031289,0.062629,0.076074,0.867824,0.00971,10,0
0.116242,0.145264,0.121507,0.007708,0.122915,0.86411,0.044467,50,0
0.18279,0.185118,0.156695,0.12042,0.230056,0.812059,0.027057,2000,0
0.121923,0.121514,0.10289,0.033518,0.076657,0.878973,0.016382,2000,0
0.192727,0.171801,0.167414,0.122344,0.250266,0.813431,0.074269,2000,0
0.103589,0.126803,0.145435,0.006951,0.059639,0.840151,0.013964,10,0
0.108761,0.189422,0.134315,0.042037,0.125571,0.786062,0.019066,50,0
0.073813,0.139441,0.04826,0.025815,0.017788,0.870245,0.012192,500,0
0.069624,0.185779,0.265619,0.049417,0.103667,0.773083,0.034169,2000,1
0.117622,0.228705,0.102909,0.043584,0.094574,0.801586,0.028892,10,0
0.182223,0.171427,0.145935,0.03801,0.148156,0.847457,0.064457,10,0
0.074926,0.052286,0.059736,0.009896,0.014737,0.919533,0.007023,100,0
0.108398,0.103617,0.262856,0.016934,0.052868,0.793382,0.017698,20,0
0.07804,0.133451,0.079713,0.00831,0.086111,0.865118,0.03686,20,0
0.182106,0.165264,0.089244,0.060252,0.136574,0.80497,0.025129,10,0
0.139421,0.162076,0.181823,0.067375,0.064312,0.814335,0.032141,100,1
0.245251,0.294648,0.211786,0.017443,0.07945,0.713983,0.016214,500,0
0.137077,0.206028,0.235018,0.06018,0.136026,0.796146,0.009243,20,0
0.162355,0.213199,0.132837,0.04951,0.09287,0.831486,0.021442,10,0
0.122549,0.147391,0.146618,0.050605,0.137954,0.847635,0.034052,50,0
0.121208,0.129981,0.140122,0.005246,0.013341,0.844721,0.009954,500,0
0.162577,0.271439,0.198521,0.118345,0.196093,0.730712,0.039612,2000,0
0.203171,0.21966,0.206407,0.134467,0.264012,0.799995,0.076289,100,0
0.084004,0.12861,0.076541,0.014151,0.006742,0.8762,0.004884,500,0
0.127456,0.175037,0.088755,0.083685,0.103434,0.855308,0.020465,20,0
0.13473,0.12984,0.148408,0.126096,0.218919,0.842819,0.073692,200,0
0.294151,0.241776,0.217842,0.012074,0.071859,0.750232,0.019088,50,0
0.114202,0.068181,0.225509,0.046776,0.041762,0.843,0.02331,100,1
0.2575,0.311431,0.166347,0.042969,0.080015,0.747016,0.028087,2000,0
0.213981,0.244485,0.11205,0.013174,0.096953,0.772001,0.012595,10,0
0.149483,0.174799,0.154149,0.038615,0.112031,0.827618,0.018659,500,0
0.172968,0.217365,0.281974,0.029618,0.085138,0.734015,0.008447,500,1
0.135894,0.219819,0.250512,0.024039,0.073892,0.721731,0.010795,500,1
0.127375,0.215082,0.213736,0.064091,0.142023,0.752357,0.045806,500,0
0.100889,0.141796,0.162498,0.026142,0.108262,0.786457,0.023004,20,0
0.135855,0.103769,0.147664,0.061786,0.094937,0.860241,0.027935,10,0
0.131861,0.164323,0.104633,0.006609,0.015924,0.846568,0.008666,2000,0
0.13236,0.082576,0.034097,0.070514,0.082615,0.872119,0.014051,20,0
0.125724,0.116056,0.126623,0.110276,0.134867,0.822176,0.059159,20,1
0.148212,0.123051,0.101148,0.005847,0.052706,0.86005,0.024832,20,0
0.140697,0.161286,0.171866,0.057652,0.119095,0.835536,0.02673,500,1
0.117566,0.137187,0.103851,0.061763,0.116298,0.77875,0.0202,50,0
0.088167,0.09143,0.09403,0.046095,0.09749,0.850959,0.025952,2000,1
0.120542,0.099836,0.091723,0.021558,0.062657,0.907504,0.010798,10,0
0.078794,0.068149,0.084583,0.00262,0.00804,0.914146,0.006514,500,0
0.152091,0.217004,0.174026,0.04001,0.022587,0.783893,0.015476,500,0
0.125881,0.141799,0.157336,0.068538,0.060377,0.869806,0.005676,20,0
0.096319,0.171039,0.192084,0.032743,0.117571,0.815087,0.028967,10,0
0.094001,0.094854,0.058014,0.029689,0.046221,0.90259,0.014497,20,0
0.138934,0.154687,0.175919,0.07561,0.240699,0.830922,0.049358,100,1
0.115888,0.083914,0.086439,0.03683,0.14331,0.902413,0.030237,2000,0
0.155678,0.21524,0.135611,0.041008,0.117281,0.779243,0.022703,200,0
0.097731,0.139178,0.214414,0.053802,0.13049,0.820236,0.050673,100,0
0.151675,0.193159,0.128751,0.029227,0.078288,0.803818,0.019293,20,0
0.132061,0.176125,0.304832,0.038509,0.142971,0.733628,0.025127,50,1
0.159876,0.185087,0.090969,0.037809,0.099521,0.80111,0.023581,50,0
0.184453,0.158527,0.158524,0.015831,0.092836,0.824174,0.015483,20,0
0.179067,0.192495,0.139955,0.014761,0.065997,0.840852,0.01869,50,0
0.042021,0.014654,0.160803,0.010376,0.02353,0.882125,0.010074,50,0
0.120176,0.167842,0.130917,0.04344,0.127906,0.843196,0.012084,20,0
0.123109,0.181489,0.126395,0.176954,0.159071,0.796407,0.032038,50,0
0.160935,0.205896,0.053328,0.076595,0.057765,0.872295,0.02366,50,0
0.163785,0.206067,0.155442,0.111406,0.136074,0.760753,0.016868,50,0
0.144315,0.11659,0.128467,0.032195,0.143879,0.861862,0.012048,200,0
0.142755,0.231893,0.123677,0.025411,0.053455,0.799309,0.009612,2000,0
0.143949,0.186774,0.100452,0.061584,0.115294,0.769681,0.024025,10,0
0.146124,0.139036,0.148534,0.021322,0.113593,0.862598,0.004408,100,0
0.104087,0.096399,0.120392,0.079894,0.095837,0.875008,0.041483,50,1
0.088167,0.09143,0.09403,0.046095,0.09749,0.850959,0.025952,2000,1
0.124736,0.139956,0.19148,0.014861,0.025362,0.812986,0.013131,100,0
0.218938,0.21755,0.189206,0.038705,0.093337,0.799142,0.021758,2000,0
0.174893,0.198182,0.228553,0.072909,0.163688,0.789043,0.028131,20,1
0.129502,0.206112,0.114571,0.072911,0.133503,0.82762,0.029026,20,0
0.154604,0.218597,0.218487,0.028713,0.208641,0.68911,0.050726,2000,1
0.13914,0.139401,0.147966,0.123459,0.142185,0.842893,0.06184,50,1
0.095297,0.175388,0.151421,0.075266,0.124592,0.806359,0.031196,10,0
0.217054,0.241426,0.15888,0.028358,0.077394,0.774926,0.025296,500,0
0.180826,0.178585,0.156496,0.004156,0.060139,0.824912,0.023726,200,1
0.119722,0.125999,0.092281,0.020439,0.069361,0.854353,0.016063,10,0
0.107826,0.117017,0.18691,0.047721,0.085331,0.841952,0.018165,100,0
0.160975,0.14993,0.110854,0.043545,0.09908,0.802445,0.017987,100,0
0.115954,0.104336,0.088898,0.039111,0.075629,0.900831,0.028944,10,0
0.089504,0.105779,0.139439,0.026868,0.077822,0.839109,0.017245,10,0
0.181731,0.175942,0.139348,0.106795,0.224131,0.812567,0.052111,500,0
0.081923,0.126491,0.066916,0.027611,0.024111,0.87258,0.007845,100,0
0.107741,0.138942,0.116164,0.069287,0.107136,0.848535,0.011779,200,0
0.176038,0.162712,0.209756,0.01917,0.10524,0.817965,0.041377,500,0
0.121006,0.193138,0.117334,0.038769,0.122473,0.830504,0.022907,100,0
0.132139,0.170054,0.256034,0.13505,0.240545,0.761571,0.064371,20,1
0.117515,0.144299,0.103303,0.016235,0.122866,0.829985,0.026027,20,0
0.154275,0.160298,0.281378,0.032298,0.161528,0.728386,0.037073,200,0
0.147975,0.149737,0.094862,0.005452,0.121795,0.847291,0.02969,100,0
0.11621,0.133475,0.086029,0.035917,0.054508,0.859668,0.031927,100,1
0.119289,0.120154,0.209629,0.048048,0.147495,0.786357,0.026229,50,1
0.131924,0.078324,0.059141,0.021702,0.039886,0.867661,0.011441,10,0
0.111081,0.217521,0.157582,0.025977,0.096699,0.80866,0.013644,500,0
0.143111,0.076337,0.016441,0.094618,0.093296,0.840138,0.00323,20,0
0.114664,0.174394,0.107652,0.033414,0.105369,0.79484,0.036129,20,0
0.2408,0.241174,0.02926,0.010682,0.063542,0.782952,0.009947,20,0
0.082493,0.136428,0.096659,0.006376,0.075721,0.872569,0.016856,20,0
0.181452,0.164181,0.182815,0.031006,0.09656,0.826361,0.040661,10,0
0.126579,0.151974,0.136475,0.019715,0.130216,0.812079,0.015139,100,0
0.148212,0.123051,0.101148,0.005847,0.052706,0.86005,0.024832,20,0
0.172752,0.227678,0.229256,0.096327,0.180685,0.732057,0.051103,2000,1
0.129429,0.131336,0.115462,0.045826,0.106931,0.799566,0.026279,50,0
0.097958,0.09364,0.051274,0.015826,0.093452,0.884742,0.015432,50,0
0.130361,0.15398,0.101915,0.007021,0.104057,0.852912,0.018549,200,0
0.100264,0.225979,0.171517,0.026706,0.123401,0.790057,0.014058,200,0
0.149483,0.138149,0.161466,0.074128,0.101628,0.782049,0.023402,10,0
0.12043,0.210265,0.192157,0.020615,0.101011,0.798109,0.019665,2000,0
0.140529,0.158281,0.173624,0.033671,0.067652,0.814912,0.016946,20,0
0.180874,0.200549,0.212438,0.064776,0.157225,0.811664,0.039499,2000,0
0.116862,0.069148,0.111687,0.022625,0.070942,0.865607,0.016295,200,0
0.120855,0.173202,0.032448,0.008005,0.020455,0.848789,0.005782,10,0
0.084326,0.149128,0.274995,0.014039,0.053393,0.805319,0.011223,500,1
0.135123,0.131172,0.113767,0.068093,0.109156,0.830886,0.026069,50,0
0.179919,0.150726,0.171637,0.061212,0.10411,0.815198,0.031302,10,0
0.118136,0.118734,0.21891,0.10972,0.233298,0.806341,0.061274,200,1
0.153451,0.162243,0.216102,0.041986,0.1283,0.765899,0.03806,2000,1
0.102037,0.214485,0.24057,0.048197,0.10385,0.753603,0.042967,100,0
0.112287,0.250841,0.177173,0.021244,0.102418,0.770594,0.008529,100,0
0.139737,0.160238,0.106367,0.085379,0.081956,0.817973,0.026453,100,0
0.150409,0.177815,0.140998,0.013647,0.133914,0.801807,0.034561,100,0
0.207187,0.199047,0.245057,0.018993,0.098235,0.729287,0.023532,200,0
0.141988,0.190506,0.146303,0.030569,0.101881,0.758757,0.022043,500,1
0.152678,0.16629,0.185144,0.128821,0.231958,0.831418,0.061677,100,1
0.11902,0.150882,0.208719,0.024576,0.122922,0.762553,0.027607,50,0
0.210261,0.205385,0.251939,0.115518,0.228695,0.726779,0.032367,100,1
0.125345,0.1168,0.063411,0.01057,0.020586,0.876781,0.011651,50,0
0.175788,0.154078,0.165629,0.035838,0.102952,0.777393,0.019864,20,0
0.148581,0.206457,0.186275,0.018882,0.09682,0.805444,0.0109,100,0
0.21377,0.190939,0.11937,0.007461,0.087563,0.832161,0.011586,20,0
0.143274,0.156116,0.27442,0.09735,0.174723,0.695124,0.033172,10,1
0.154906,0.207451,0.185069,0.031504,0.095994,0.793012,0.013811,20,0
0.107013,0.116241,0.075388,0.032582,0.047355,0.873103,0.01361,20,0
0.152896,0.138836,0.132893,0.011124,0.069744,0.87526,0.007171,20,0
0.152202,0.109599,0.048739,0.006434,0.033208,0.844627,0.012066,20,0
0.118735,0.143873,0.221216,0.029272,0.086641,0.78852,0.01836,2000,0
0.150266,0.165934,0.171949,0.173696,0.316086,0.833734,0.083647,500,1
0.161684,0.138599,0.127604,0.010644,0.14383,0.854545,0.031002,500,0
0.076095,0.088724,0.066117,0.006893,0.009249,0.925336,0.004887,500,0
0.129155,0.169417,0.186421,0.031327,0.07831,0.825651,0.00878,500,0
0.133913,0.116502,0.183865,0.03929,0.090765,0.808382,0.024787,20,0
0.239988,0.284833,0.07755,0.05985,0.112442,0.769056,0.02474,100,0
0.122998,0.177761,0.146682,0.089677,0.120515,0.853471,0.031536,200,0
0.112419,0.144077,0.103693,0.016581,0.066059,0.864512,0.008678,20,0
0.130033,0.113937,0.135218,0.04437,0.112423,0.878588,0.015368,50,0
0.118283,0.192932,0.069663,0.029236,0.098474,0.849281,0.020746,50,0
0.223183,0.199843,0.076301,0.049794,0.081461,0.813388,0.003596,10,0
0.105808,0.155371,0.159186,0.066329,0.122458,0.826044,0.038144,500,0
0.113185,0.135435,0.170956,0.110124,0.126261,0.855694,0.054397,20,1
0.144964,0.128899,0.192286,0.173998,0.316868,0.781534,0.077714,20,1
0.165132,0.204295,0.251724,0.095357,0.142136,0.750131,0.04642,2000,0
0.148555,0.154462,0.1605,0.117969,0.198819,0.78505,0.050754,100,0
0.113217,0.159951,0.187394,0.030671,0.083374,0.844256,0.007455,10,0
0.109474,0.091764,0.032679,0.052427,0.054152,0.857361,0.01079,20,0
0.129584,0.105235,0.128253,0.061133,0.135542,0.866358,0.031835,500,0
0.139166,0.160752,0.152332,0.124791,0.135807,0.819819,0.038311,200,0
0.131405,0.211593,0.161136,0.075449,0.13409,0.779451,0.03724,500,0
0.17426,0.201863,0.188748,0.099324,0.176159,0.809545,0.030172,100,1
0.159666,0.164589,0.15855,0.048675,0.100682,0.805561,0.028214,200,1
0.103717,0.065778,0.087694,0.091092,0.118603,0.865992,0.033015,100,0
0.166164,0.155847,0.190219,0.013375,0.021585,0.833035,0.019093,50,0
0.153892,0.138582,0.121299,0.125914,0.144657,0.834677,0.061734,500,1
0.111741,0.122434,0.145674,0.138654,0.263362,0.867104,0.065897,50,1
0.148984,0.166824,0.014384,0.026058,0.116849,0.866361,0.025324,20,0
0.131053,0.096239,0.099364,0.031975,0.09114,0.867042,0.01575,500,0
0.10605,0.166743,0.15253,0.007526,0.079733,0.823413,0.016126,10,0
0.189887,0.170544,0.182499,0.071331,0.116591,0.834796,0.003718,100,0
0.10241,0.130455,0.223811,0.132518,0.164438,0.792719,0.042451,100,0
0.107438,0.167372,0.204368,0.038349,0.11773,0.83224,0.032463,100,0
0.109021,0.133565,0.125632,0.103426,0.185236,0.833919,0.050253,10,1
0.200424,0.213552,0.189247,0.058463,0.126608,0.779246,0.041138,50,0
0.10812,0.195816,0.174005,0.058302,0.122544,0.784939,0.03242,200,0
0.108618,0.207821,0.102536,0.039218,0.024162,0.790368,0.009116,50,0
0.187452,0.205582,0.174189,0.019377,0.089685,0.768006,0.028184,10,0
0.183199,0.208315,0.177546,0.099472,0.178336,0.807068,0.028717,100,1
0.147815,0.161373,0.175532,0.063447,0.141386,0.811797,0.03731,500,0
0.133438,0.120505,0.217353,0.081206,0.196141,0.829375,0.034498,50,0
0.156366,0.208347,0.161077,0.014446,0.025598,0.809311,0.012253,500,0
0.178078,0.186103,0.191444,0.116169,0.309958,0.777021,0.091208,20,1
0.138395,0.136837,0.128999,0.006933,0.11044,0.874434,0.025349,20,0
0.109077,0.109573,0.051274,0.044777,0.082661,0.886596,0.014465,10,0
0.132596,0.139103,0.133129,0.08055,0.084627,0.854019,0.035696,100,1
0.170097,0.179776,0.178255,0.14336,0.149928,0.812809,0.075759,100,1
0.066534,0.197736,0.190299,0.121078,0.157946,0.788604,0.050975,100,0
0.144251,0.117573,0.074306,0.020569,0.079937,0.842073,0.019578,50,0
0.103272,0.196993,0.257495,0.165069,0.196788,0.737932,0.06176,500,0
0.115504,0.135549,0.135026,0.005614,0.121046,0.859661,0.039239,500,0
0.11544,0.11757,0.119977,0.007376,0.072079,0.882948,0.019887,50,0
0.178865,0.182014,0.182855,0.110924,0.195114,0.768327,0.046124,10,0
0.135625,0.086129,0.014311,0.02235,0.102815,0.865565,0.019419,500,0
0.163394,0.155321,0.117481,0.047555,0.115006,0.810006,0.022424,2000,0
0.118912,0.204484,0.173066,0.045477,0.134308,0.795307,0.025531,200,0
0.092105,0.041071,0.092731,0.003429,0.02641,0.894829,0.022158,20,1
0.101233,0.204731,0.152909,0.036776,0.101178,0.781217,0.020149,10,0
0.154999,0.229257,0.291939,0.027932,0.078992,0.728481,0.014205,20,0
0.134742,0.133325,0.29363,0.010043,0.200875,0.697799,0.029723,50,1
0.187839,0.202475,0.270175,0.050644,0.13979,0.747797,0.029617,200,0
0.118394,0.044057,0.12905,0.042399,0.088151,0.867063,0.042979,200,0
0.056561,0.058701,0.091918,0.03287,0.05052,0.879645,0.010476,50,0
0.076107,0.096514,0.071338,0.066385,0.111241,0.890435,0.022337,10,0
0.062002,0.069215,0.042193,0.005311,0.008809,0.923436,0.003467,20,0
0.131765,0.135605,0.158657,0.024183,0.116153,0.861059,0.019431,50,0
0.208315,0.256827,0.183451,0.050684,0.143561,0.746577,0.02015,50,0
0.170458,0.12803,0.124261,0.053281,0.127491,0.850612,0.021273,10,0
0.138183,0.153926,0.170303,0.088653,0.238203,0.831749,0.049166,100,1
0.13727,0.200681,0.108249,0.095539,0.173886,0.815979,0.029468,2000,0
0.106038,0.133916,0.099193,0.031411,0.102325,0.853215,0.029643,10,0
0.132489,0.131251,0.12115,0.062194,0.160437,0.870812,0.03227,2000,0
0.109782,0.153826,0.135958,0.023033,0.124169,0.791628,0.026485,200,0
0.14601,0.156173,0.12227,0.060047,0.119219,0.820914,0.02867,20,0
0.109792,0.177401,0.116209,0.025845,0.082233,0.848444,0.020603,20,0
0.15556,0.272009,0.080531,0.055187,0.094462,0.8041,0.022053,10,0
0.149704,0.178177,0.160522,0.095318,0.130877,0.834425,0.062907,500,1
0.095547,0.158461,0.140784,0.027837,0.082143,0.823588,0.015323,20,0
0.140047,0.185248,0.168118,0.025742,0.076147,0.817744,0.01836,10,0
0.104153,0.104864,0.084383,0.027406,0.097494,0.8875,0.009427,20,0
0.177338,0.160996,0.102928,0.135849,0.143118,0.828385,0.06171,20,1
0.175507,0.237358,0.241727,0.164809,0.190521,0.758974,0.044445,200,0
0.122335,0.122624,0.075869,0.009896,0.094249,0.882055,0.012424,10,0
0.115857,0.154851,0.306849,0.036965,0.101928,0.730135,0.020296,100,1
0.123669,0.23629,0.202146,0.063663,0.184235,0.766305,0.027618,20,0
0.13122,0.15283,0.069311,0.024805,0.014599,0.814145,0.013725,10,1
0.076294,0.069941,0.069144,0.024413,0.089302,0.91442,0.022036,50,0
0.144993,0.125654,0.111208,0.030097,0.12205,0.880615,0.022254,100,0
0.09825,0.051019,0.130702,0.018379,0.012695,0.890462,0.009812,500,0
0.110856,0.123893,0.148437,0.096982,0.191329,0.844322,0.046836,20,1
0.16295,0.175224,0.226442,0.071277,0.152939,0.758266,0.026643,20,1
0.164733,0.225386,0.168284,0.131811,0.261298,0.779292,0.052662,100,0
0.188824,0.170609,0.167097,0.134002,0.293542,0.785026,0.072807,100,0
0.194035,0.121653,0.276001,0.028394,0.108901,0.750045,0.033318,10,0
0.035675,0.083175,0.058732,0.039805,0.053264,0.883083,0.01458,200,0
0.128839,0.127367,0.071301,0.025885,0.033178,0.85803,0.004566,50,0
0.12169,0.122294,0.015396,0.021468,0.090608,0.906368,0.013727,20,0
0.236818,0.160699,0.136233,0.013897,0.106125,0.730697,0.021344,500,0
0.154878,0.180338,0.117982,0.061604,0.122041,0.80663,0.039143,500,0
0.126994,0.172619,0.300772,0.029991,0.130228,0.720937,0.023568,50,1
0.168081,0.140144,0.087395,0.036248,0.072643,0.819652,0.015666,10,0
0.093223,0.085087,0.110238,0.055477,0.09357,0.911188,0.002716,200,0
0.127267,0.135435,0.18953,0.128,0.144466,0.839427,0.064007,100,1
0.090801,0.271003,0.239107,0.082024,0.1621,0.746983,0.038166,200,0
0.120532,0.188939,0.208608,0.029679,0.138621,0.77711,0.030505,500,1
0.13727,0.200681,0.108249,0.095539,0.173886,0.815979,0.029468,2000,0
0.111095,0.17156,0.08286,0.004919,0.089014,0.886816,0.005966,200,0
0.096539,0.111762,0.077203,0.012135,0.076037,0.897809,0.012212,100,0
0.153973,0.146483,0.052724,0.025099,0.086991,0.868179,0.003707,20,0
0.150715,0.180978,0.249664,0.070131,0.139325,0.760561,0.032454,200,0
0.071586,0.07415,0.134603,0.023305,0.070052,0.892623,0.011039,10,0
0.125033,0.174263,0.113177,0.017631,0.072532,0.75501,0.005215,500,1
0.167217,0.2418,0.176121,0.040893,0.041557,0.760222,0.019093,100,1
0.09089,0.163963,0.202054,0.008872,0.038393,0.782965,0.007302,2000,1
0.154949,0.173469,0.157984,0.072297,0.120857,0.82332,0.031344,500,0
0.164924,0.135794,0.14282,0.090392,0.161173,0.837388,0.027719,200,0
0.121367,0.181555,0.164667,0.063508,0.088916,0.791316,0.01654,500,1
0.087237,0.153414,0.13335,0.007157,0.044955,0.79338,0.008121,500,1
0.104118,0.23776,0.212456,0.047689,0.106942,0.743097,0.015365,500,0
0.22094,0.257443,0.174173,0.022284,0.084284,0.7345,0.035927,50,0
0.154628,0.157772,0.1433,0.102853,0.133456,0.850507,0.060487,50,1
0.128059,0.142034,0.139187,0.041711,0.117106,0.841066,0.020313,10,0
0.148877,0.144688,0.14255,0.056757,0.110976,0.841054,0.034334,20,0
0.164641,0.168785,0.023722,0.013015,0.124091,0.838677,0.014937,100,0
0.173514,0.145506,0.232811,0.075037,0.079067,0.803382,0.011869,200,0
0.168254,0.15628,0.173621,0.112787,0.194102,0.830917,0.041625,50,0
0.184169,0.184138,0.040334,0.046791,0.055856,0.840649,0.011774,500,0
0.180946,0.203634,0.162173,0.033775,0.165105,0.781896,0.057364,200,0
0.127437,0.174127,0.142345,0.107325,0.194424,0.819764,0.066173,500,0
0.100136,0.149417,0.158456,0.08893,0.113693,0.833999,0.030701,50,0
0.209201,0.259655,0.175606,0.023116,0.094437,0.774782,0.007127,100,0
0.196046,0.162954,0.014724,0.019102,0.056614,0.83529,0.023256,200,1
0.115549,0.09751,0.137263,0.089193,0.244765,0.813677,0.065628,10,1
0.204021,0.172614,0.18323,0.032193,0.111227,0.79641,0.015383,50,0
0.265035,0.246921,0.040735,0.03515,0.090198,0.751566,0.026317,10,0
0.232945,0.243199,0.175945,0.078133,0.128623,0.753213,0.033386,50,0
0.103014,0.188102,0.163541,0.043555,0.111361,0.794445,0.026151,10,0
0.137025,0.172476,0.135954,0.059762,0.050332,0.82993,0.019109,100,1
0.124819,0.142324,0.060831,0.042931,0.08396,0.882005,0.025395,10,0
0.075968,0.093405,0.017397,0.013276,0.014397,0.9241,0.006089,10,0
0.105548,0.119927,0.132445,0.101654,0.114672,0.870763,0.050009,100,1
0.142636,0.110359,0.130833,0.017091,0.078571,0.856966,0.015618,10,0
0.104,0.106526,0.072774,0.041062,0.109108,0.870101,0.03048,100,0
0.208764,0.211326,0.052449,0.055242,0.087606,0.820434,0.003713,10,0
0.097777,0.170636,0.128365,0.040774,0.085403,0.826146,0.020843,2000,1
0.152026,0.18818,0.239619,0.146739,0.275799,0.76841,0.075046,500,1
0.099063,0.106907,0.134153,0.005555,0.148795,0.856406,0.034972,20,0
0.152627,0.124384,0.141275,0.01375,0.018868,0.84853,0.01103,500,1
0.114982,0.234348,0.074742,0.034463,0.096668,0.753499,0.008642,10,0
0.14488,0.150799,0.144146,0.051884,0.104641,0.841478,0.027531,500,0
0.159211,0.163304,0.122912,0.070121,0.077071,0.829655,0.042974,10,0
0.141893,0.151742,0.200882,0.082867,0.124623,0.797822,0.01281,50,0
0.185639,0.206153,0.051174,0.038393,0.083455,0.799929,0.023034,500,0
0.169602,0.165931,0.147701,0.039055,0.06731,0.826066,0.031991,500,1
0.168627,0.175773,0.233441,0.087804,0.168642,0.735657,0.031055,100,1
0.072157,0.138334,0.186941,0.026686,0.08717,0.828421,0.026929,100,0
0.109791,0.194668,0.192561,0.032268,0.139376,0.785738,0.028897,100,0
0.130856,0.156714,0.061167,0.02785,0.097091,0.852618,0.01844,10,0
0.128732,0.175042,0.085997,0.008128,0.078128,0.836685,0.019365,20,0
0.199861,0.197578,0.298218,0.110941,0.22684,0.693743,0.03221,100,1
0.038097,0.058541,0.044361,0.021626,0.035388,0.935339,0.009754,10,0
0.128392,0.156562,0.203209,0.135248,0.256418,0.823422,0.072688,100,1
0.14851,0.16441,0.058828,0.045941,0.119146,0.850492,0.022576,500,0
0.146965,0.114079,0.20612,0.055563,0.154149,0.827098,0.039491,20,0
0.10522,0.112668,0.099747,0.01786,0.081012,0.886777,0.009515,500,0
0.16584,0.263583,0.084183,0.01938,0.06558,0.74812,0.007705,500,1
0.157892,0.154994,0.174831,0.155367,0.30787,0.836813,0.074533,50,1
0.209176,0.175379,0.157433,0.066115,0.083193,0.7801,0.009687,500,0
0.163094,0.265786,0.343583,0.039683,0.10241,0.679822,0.036403,2000,0
0.153808,0.155576,0.172127,0.036684,0.110887,0.827105,0.029194,20,0
0.122417,0.106778,0.053988,0.015913,0.103102,0.905341,0.019438,20,0
0.188559,0.278575,0.139901,0.062881,0.141955,0.766774,0.048124,500,0
0.06149,0.080186,0.114348,0.016431,0.047898,0.861809,0.019098,10,0
0.210699,0.210726,0.162885,0.128574,0.253963,0.783174,0.066762,500,0
0.151273,0.171616,0.11789,0.040768,0.096246,0.840487,0.036755,10,0
0.130759,0.170838,0.198389,0.023,0.128378,0.819773,0.020337,100,0
0.104203,0.13089,0.107343,0.026738,0.115864,0.858814,0.04404,100,1
0.115555,0.151792,0.086454,0.024198,0.081832,0.853132,0.016045,100,0
0.117927,0.090188,0.093304,0.006417,0.081873,0.89852,0.00658,50,0
0.161487,0.111091,0.093922,0.015109,0.102123,0.857593,0.024096,50,0
0.10456,0.142827,0.138777,0.050149,0.021044,0.823284,0.020692,500,1
0.304269,0.353492,0.173102,0.006495,0.084107,0.666743,0.015394,2000,0
0.11084,0.228482,0.162296,0.078751,0.11352,0.778606,0.022695,50,0
0.157284,0.105282,0.143194,0.015139,0.085301,0.823566,0.015982,2000,0
0.218929,0.297466,0.287196,0.064311,0.109038,0.726567,0.015569,10,0
0.0766,0.07807,0.084712,0.056436,0.082479,0.834968,0.020144,10,0
0.1705,0.195779,0.134146,0.067108,0.131513,0.820736,0.004098,20,0
0.111234,0.131855,0.128408,0.035037,0.105381,0.823833,0.033173,50,0
0.05127,0.053607,0.184855,0.023976,0.047135,0.881596,0.024327,20,0
0.115151,0.101224,0.074396,0.015564,0.064411,0.796185,0.017757,200,0
0.120712,0.189339,0.07351,0.045195,0.112682,0.811278,0.030636,10,0
0.103341,0.09486,0.108984,0.008774,0.075989,0.876768,0.019842,20,0
0.134187,0.120453,0.127168,0.05368,0.105942,0.790719,0.016048,500,1
0.165409,0.177875,0.247064,0.167861,0.315293,0.749596,0.078998,100,1
0.177096,0.188005,0.191726,0.076679,0.205113,0.817816,0.032159,20,1
0.111987,0.188647,0.255197,0.032594,0.094869,0.741949,0.022317,50,0
0.13682,0.269596,0.244915,0.033356,0.083375,0.684975,0.007891,500,1
0.15672,0.189705,0.154119,0.050313,0.111906,0.844185,0.029122,10,0
0.170386,0.171579,0.288372,0.053941,0.162393,0.702111,0.019177,50,1
0.232262,0.187574,0.082604,0.029142,0.125859,0.7551,0.019963,100,0
0.111607,0.112936,0.101615,0.05639,0.119834,0.872103,0.031189,200,0
0.105978,0.198087,0.128113,0.150238,0.170914,0.768854,0.030674,20,0
0.116321,0.077964,0.1195,0.051271,0.103856,0.893034,0.003519,200,0
0.181377,0.240615,0.308063,0.061227,0.146154,0.702107,0.027757,500,1
0.185889,0.134681,0.087171,0.085661,0.102702,0.80859,0.031262,100,0
0.113773,0.123097,0.038583,0.059573,0.146085,0.861439,0.032206,100,0
0.165117,0.165862,0.164668,0.143759,0.278285,0.827846,0.067679,100,1
0.203274,0.183121,0.244103,0.066617,0.131182,0.74162,0.024226,20,1
0.180251,0.197033,0.211101,0.181741,0.320682,0.802556,0.085892,500,1
0.110811,0.046638,0.183897,0.035937,0.031963,0.844343,0.015143,500,1
0.137364,0.145506,0.102113,0.127927,0.145226,0.849907,0.063286,20,1
0.145423,0.019634,0.084494,0.010606,0.019673,0.887056,0.007802,20,0
0.097557,0.0858,0.06718,0.017498,0.061573,0.920386,0.009521,10,0
0.200605,0.222491,0.009185,0.031696,0.105564,0.720762,0.013011,10,0
0.112784,0.079559,0.042959,0.006873,0.043497,0.893578,0.013564,50,0
0.17296,0.173653,0.181986,0.04242,0.097255,0.802414,0.022538,10,0
0.121192,0.155938,0.123942,0.146022,0.262956,0.852252,0.072932,100,1
0.123417,0.165567,0.309926,0.070735,0.132869,0.754177,0.027887,100,1
0.20051,0.210518,0.171127,0.07553,0.1797,0.799006,0.027986,500,1
0.157807,0.226095,0.213134,0.031723,0.036453,0.77977,0.008188,20,0
0.13647,0.081037,0.062405,0.026068,0.073687,0.864925,0.017637,100,0
0.105182,0.217047,0.154305,0.120463,0.144856,0.79237,0.023609,20,0
0.127159,0.175772,0.301722,0.037428,0.131502,0.731327,0.025175,50,1
0.176514,0.154809,0.140555,0.060903,0.077394,0.866028,0.006102,50,0
0.188804,0.144626,0.114909,0.05692,0.107106,0.807468,0.014083,50,0
0.219481,0.165709,0.160199,0.073983,0.104533,0.765807,0.025967,200,0
0.119613,0.141201,0.073882,0.015777,0.109305,0.85898,0.011598,20,0
0.109891,0.151643,0.148827,0.136138,0.249861,0.812623,0.065011,10,1
0.112988,0.125865,0.137888,0.047659,0.068052,0.865791,0.01425,10,0
0.140441,0.138332,0.161093,0.075668,0.114915,0.810133,0.028176,10,0
0.140712,0.147609,0.178231,0.104293,0.120809,0.837663,0.05401,500,1
0.136195,0.336215,0.228567,0.017675,0.089208,0.6863,0.017885,10,0
0.174207,0.187143,0.152866,0.164919,0.316996,0.831028,0.078858,200,1
0.2332,0.250454,0.226856,0.010465,0.095437,0.758243,0.015223,20,0
0.144704,0.138561,0.163174,0.158006,0.259866,0.818229,0.071289,100,0
0.135687,0.168593,0.129618,0.018591,0.060557,0.80975,0.010642,500,0
0.122315,0.08822,0.157836,0.129721,0.119826,0.839761,0.06075,500,1
0.166906,0.172925,0.052332,0.067226,0.1224,0.843386,0.032668,50,0
0.173523,0.193886,0.160429,0.008369,0.127718,0.796145,0.034873,100,0
0.118657,0.10657,0.156185,0.093724,0.100979,0.877677,0.003616,20,0
0.1641,0.185553,0.214236,0.068673,0.16145,0.803201,0.026204,20,1
0.183219,0.158607,0.184033,0.049781,0.110497,0.823335,0.026147,50,0
0.146078,0.223396,0.102816,0.070671,0.114667,0.806686,0.018177,500,1
0.074366,0.123479,0.069818,0.037731,0.071303,0.885362,0.015745,20,0
0.103785,0.083108,0.07848,0.014433,0.04825,0.886484,0.015128,10,0
0.145449,0.156587,0.145862,0.169603,0.298909,0.856722,0.085819,20,1
0.135526,0.130298,0.148151,0.009701,0.024635,0.841499,0.011653,2000,0
0.092651,0.095987,0.077759,0.079496,0.126582,0.856315,0.027691,200,0
0.104357,0.087244,0.078214,0.077179,0.13286,0.891928,0.040521,10,0
0.107348,0.16685,0.182598,0.101254,0.145339,0.830694,0.03816,500,0
0.124354,0.150314,0.072494,0.008091,0.095027,0.873555,0.004017,200,0
0.147112,0.149395,0.236229,0.089969,0.160176,0.763614,0.031888,10,1
0.180264,0.230321,0.197668,0.024068,0.057554,0.765216,0.012779,500,0
0.078604,0.084823,0.072192,0.048955,0.050856,0.881795,0.02375,100,1
0.138935,0.160921,0.222907,0.018449,0.116745,0.795981,0.035699,2000,0
0.163226,0.220023,0.208183,0.019674,0.108297,0.761865,0.005434,200,0
0.159937,0.150982,0.046766,0.070903,0.13176,0.846159,0.026289,20,0
0.054518,0.062222,0.027602,0.022664,0.022666,0.939505,0.007521,10,0
0.171669,0.16529,0.134955,0.039775,0.138203,0.823967,0.018837,500,1
0.04552,0.037179,0.013623,0.011416,0.005762,0.955368,0.001607,50,0
0.145058,0.13837,0.166404,0.135334,0.236488,0.823436,0.06417,10,1
0.10019,0.119902,0.197732,0.043802,0.088011,0.801363,0.021147,500,1
0.094435,0.096307,0.12535,0.01206,0.031037,0.883938,0.007038,20,0
0.060532,0.083605,0.065675,0.028597,0.070128,0.913906,0.032497,20,0
0.176123,0.042916,0.178791,0.035167,0.071837,0.855643,0.018266,50,0
0.240605,0.222242,0.023746,0.013852,0.097196,0.777899,0.024384,10,0
0.142696,0.137732,0.084596,0.030966,0.143386,0.840768,0.033325,100,0
0.107498,0.111567,0.079074,0.044515,0.070566,0.908507,0.015718,200,0
0.196,0.146824,0.033104,0.040472,0.090833,0.815516,0.014052,100,0
0.127058,0.119466,0.117057,0.054957,0.117576,0.883204,0.028277,10,0
0.078983,0.097115,0.085792,0.056115,0.046396,0.903016,0.020471,100,1
0.125344,0.129649,0.094807,0.016043,0.066892,0.86447,0.019722,10,0
0.157605,0.143362,0.141745,0.00655,0.109027,0.864207,0.023127,100,0
0.159392,0.219868,0.106726,0.049767,0.134356,0.829276,0.024168,100,0
0.128924,0.140977,0.109819,0.034017,0.131218,0.884512,0.020331,2000,0
0.148253,0.132835,0.097003,0.013794,0.079991,0.855346,0.027659,200,0
0.070244,0.097496,0.074942,0.037324,0.055707,0.84943,0.032716,10,1
0.324923,0.15509,0.240109,0.044363,0.149027,0.68583,0.035977,200,0
0.255874,0.084689,0.097014,0.059118,0.067432,0.753247,0.020468,100,0
0.116298,0.142949,0.113372,0.092035,0.169555,0.848465,0.037889,2000,1
0.105138,0.117308,0.015172,0.007111,0.077114,0.859871,0.025067,20,0
0.089945,0.140534,0.101747,0.018169,0.083687,0.874579,0.013857,50,0
0.1812,0.194397,0.179746,0.144128,0.289689,0.802975,0.086415,500,1
0.107477,0.076053,0.095934,0.057683,0.043806,0.87225,0.020908,100,0
0.082982,0.134572,0.107411,0.015229,0.050059,0.852441,0.005159,20,0
0.158266,0.272394,0.285283,0.022331,0.092628,0.725293,0.006484,20,0
0.167647,0.181683,0.275437,0.147224,0.29447,0.722711,0.074219,500,1
0.298414,0.080056,0.0,0.016914,0.043735,0.69886,0.010411,200,0
0.170506,0.261498,0.109802,0.039754,0.061279,0.774782,0.004608,500,1
0.12505,0.110136,0.083304,0.019633,0.069217,0.741321,0.010761,200,0
0.144654,0.150679,0.160949,0.1724,0.324664,0.833203,0.083358,10,1
0.155112,0.158101,0.116304,0.043136,0.092193,0.767142,0.018417,500,0
0.248225,0.24209,0.095396,0.019012,0.05787,0.825953,0.015181,10,0
0.114396,0.0824,0.113985,0.040134,0.071879,0.902371,0.019508,100,0
0.120125,0.089473,0.071317,0.008662,0.054069,0.880212,0.01418,50,0
0.092145,0.13012,0.167821,0.015424,0.089848,0.867705,0.003523,20,0
0.131449,0.117988,0.109671,0.061688,0.083903,0.889467,0.006256,50,0
0.1042,0.059785,0.082706,0.043025,0.055364,0.88986,0.011215,200,0
0.123345,0.149919,0.136697,0.045006,0.10897,0.823481,0.03004,50,0
0.193297,0.202925,0.128787,0.05423,0.094273,0.797229,0.028098,20,0
0.102072,0.082417,0.087645,0.056515,0.055704,0.890678,0.020251,100,0
0.031912,0.033302,0.058068,0.031518,0.04733,0.7991,0.034075,50,0
0.143236,0.15221,0.126863,0.005458,0.030377,0.850581,0.011258,20,0
0.131114,0.154681,0.29457,0.08768,0.253602,0.728989,0.060508,10,1
0.097595,0.127317,0.045644,0.037339,0.035368,0.8792,0.017701,50,1
0.114617,0.093544,0.218061,0.047723,0.081091,0.843843,0.008864,100,1
0.157816,0.259503,0.145271,0.018188,0.102103,0.757721,0.033134,50,0
0.20375,0.174266,0.075134,0.015651,0.088844,0.806926,0.007903,500,1
0.191822,0.203673,0.187615,0.057383,0.119624,0.799558,0.027039,200,0
0.14692,0.163166,0.178362,0.060415,0.165642,0.810079,0.033904,500,1
0.15304,0.156126,0.284287,0.006658,0.181092,0.711821,0.026226,500,1
0.021277,0.085256,0.089406,0.010127,0.00878,0.899686,0.004321,500,0
0.178899,0.214039,0.102542,0.032372,0.190002,0.848666,0.011909,200,0
0.15688,0.173951,0.235612,0.017908,0.166377,0.775829,0.033339,100,1
0.222177,0.258294,0.15878,0.035107,0.111002,0.770506,0.014387,500,0
0.137376,0.268111,0.190834,0.058484,0.083226,0.681374,0.00754,500,1
0.086978,0.131389,0.032319,0.013193,0.045199,0.817971,0.003227,500,1
0.118955,0.136252,0.165854,0.057263,0.139769,0.843151,0.032061,50,0
0.098438,0.086953,0.104611,0.05665,0.061234,0.875999,0.003269,20,0
0.191196,0.24342,0.147262,0.035907,0.134008,0.779456,0.030147,10,0
0.136393,0.117931,0.090414,0.018105,0.13426,0.874331,0.02271,20,0
0.164582,0.223466,0.142653,0.022727,0.079727,0.829531,0.021032,10,0
0.232256,0.236861,0.158018,0.057399,0.137494,0.761366,0.047135,50,0
0.141438,0.15214,0.144359,0.099498,0.198682,0.830772,0.043102,2000,0
0.139109,0.2026,0.039604,0.019565,0.137398,0.841575,0.048017,2000,1
0.150971,0.151043,0.134775,0.05733,0.108839,0.829413,0.045346,50,0
0.160534,0.173983,0.291383,0.16697,0.302779,0.745056,0.076121,200,1
0.139293,0.200297,0.104213,0.031991,0.049399,0.818891,0.022042,500,1
0.137629,0.14947,0.225356,0.078071,0.168295,0.795213,0.029781,500,1
0.105323,0.150254,0.158071,0.027409,0.106345,0.821801,0.041241,100,0
0.120281,0.183974,0.165103,0.063596,0.144899,0.816548,0.033233,100,0
0.163339,0.204118,0.182241,0.017507,0.117891,0.790452,0.004803,500,0
0.131358,0.132302,0.161435,0.142301,0.307215,0.792259,0.08752,10,1
0.133045,0.180773,0.129908,0.045378,0.126104,0.800751,0.024851,2000,1
0.1049,0.113392,0.092259,0.037743,0.104079,0.891805,0.026472,500,0
0.080534,0.152258,0.096011,0.010511,0.071988,0.885341,0.003961,20,0
0.101274,0.086631,0.100217,0.055746,0.04429,0.895363,0.006397,20,0
0.143755,0.207765,0.100805,0.037601,0.12411,0.75351,0.026808,500,0
0.130915,0.128865,0.347733,0.061264,0.053499,0.771562,0.024766,500,1
0.144667,0.154229,0.105328,0.06185,0.15847,0.85771,0.050046,10,0
0.108426,0.180813,0.097119,0.006539,0.085447,0.881805,0.015975,200,0
0.117547,0.143442,0.077933,0.011966,0.049153,0.830451,0.005886,100,0
0.148176,0.152178,0.117206,0.006048,0.103549,0.865345,0.009798,200,0
0.124829,0.114807,0.207685,0.022246,0.028655,0.835361,0.013454,50,0
0.14595,0.1205,0.162522,0.072269,0.192063,0.841094,0.011928,100,0
0.190389,0.185633,0.171289,0.129805,0.157587,0.805179,0.042447,20,0
0.139069,0.196667,0.164495,0.001374,0.164616,0.788393,0.022481,100,0
0.127578,0.111338,0.060199,0.034343,0.044518,0.859064,0.016197,10,1
0.131749,0.145732,0.135409,0.066854,0.145686,0.846103,0.03423,10,1
0.112953,0.106087,0.130455,0.015458,0.107793,0.852718,0.023453,10,0
0.146256,0.163808,0.128938,0.129722,0.133116,0.796564,0.024665,50,0
0.165753,0.153965,0.106043,0.139834,0.241739,0.817203,0.071573,20,1
0.126967,0.154691,0.041918,0.033797,0.088889,0.784693,0.016554,50,0
0.159104,0.170992,0.194273,0.135965,0.242368,0.823374,0.06454,100,1
0.083548,0.082002,0.066051,0.055092,0.076429,0.895739,0.014062,20,0
0.122539,0.049843,0.17688,0.025109,0.070294,0.871205,0.023694,50,0
0.205525,0.229657,0.160311,0.015559,0.100014,0.767179,0.04233,10,0
0.1944,0.168073,0.157335,0.105899,0.190157,0.793875,0.056774,500,0
0.128375,0.14394,0.147284,0.099062,0.123115,0.844154,0.054103,200,1
0.11435,0.127558,0.049717,0.006322,0.044899,0.864121,0.007079,500,1
0.128081,0.148321,0.124054,0.056536,0.030592,0.827185,0.017844,500,1
0.193311,0.160776,0.062478,0.06433,0.053793,0.851814,0.012992,10,0
0.157924,0.176531,0.220545,0.083089,0.148469,0.804304,0.023354,50,1
0.198909,0.221844,0.239681,0.070728,0.221802,0.74819,0.035043,500,1
0.130608,0.124442,0.150028,0.032665,0.052255,0.792172,0.024402,500,1
0.153759,0.139955,0.09455,0.025262,0.014904,0.825994,0.014017,2000,0
0.110329,0.136496,0.075097,0.018186,0.063845,0.886534,0.021771,10,0
0.199732,0.215325,0.207464,0.107628,0.117639,0.786338,0.049314,500,1
0.211587,0.284576,0.114758,0.008584,0.030652,0.766058,0.006667,50,0
0.141872,0.241344,0.268037,0.007396,0.079142,0.687171,0.011642,500,1
0.142792,0.157804,0.177645,0.053961,0.183388,0.826677,0.046102,100,0
0.164548,0.178746,0.112223,0.044999,0.106867,0.867507,0.027616,10,0
0.11499,0.277796,0.153559,0.036162,0.069364,0.707016,0.013976,2000,0
0.045481,0.078889,0.077611,0.029015,0.038278,0.912934,0.018209,500,0
0.162973,0.161943,0.259812,0.016483,0.144874,0.804915,0.026438,50,0
0.137099,0.149568,0.137525,0.053142,0.103763,0.789448,0.028966,100,1
0.085056,0.040023,0.01178,0.070206,0.038642,0.901865,0.014197,20,0
0.161096,0.196347,0.160648,0.067358,0.185374,0.793315,0.032269,100,0
0.239329,0.24263,0.173132,0.072194,0.136719,0.777107,0.018183,200,0
0.133373,0.151252,0.102936,0.00499,0.120729,0.848145,0.017561,500,0
0.140956,0.160219,0.174019,0.092997,0.16143,0.804798,0.038582,100,0
0.167279,0.208362,0.197617,0.012504,0.089056,0.801058,0.02502,50,0
0.226244,0.247717,0.218854,0.077279,0.181933,0.738099,0.02315,50,0
0.115803,0.103959,0.114371,0.007726,0.047882,0.88279,0.014914,500,0
0.20932,0.200127,0.22082,0.071733,0.229287,0.781045,0.048194,20,1
0.156466,0.158379,0.116625,0.020043,0.060047,0.847021,0.012077,10,0
0.172946,0.180189,0.163449,0.12776,0.139108,0.822317,0.059851,500,1
0.152833,0.169223,0.030357,0.015125,0.093831,0.859198,0.017946,50,0
0.176226,0.173156,0.200002,0.167814,0.300545,0.815847,0.08184,20,1
0.146308,0.157872,0.229048,0.055113,0.155127,0.820979,0.03787,20,0
0.147078,0.176486,0.029556,0.020415,0.088638,0.831128,0.011705,500,1
0.209067,0.137821,0.118907,0.059687,0.075351,0.77416,0.022975,500,0
0.175345,0.111746,0.085625,0.040267,0.027019,0.84603,0.009405,2000,0
0.174231,0.150774,0.250511,0.038995,0.084566,0.756722,0.008199,500,1
0.107281,0.231504,0.275361,0.062303,0.098956,0.712807,0.03217,500,1
0.09716,0.109127,0.210731,0.042972,0.051444,0.863118,0.0207,100,0
0.145802,0.176783,0.240336,0.053691,0.112046,0.816523,0.028299,500,0
0.206993,0.152311,0.050902,0.066581,0.101019,0.817295,0.028163,500,0
0.187994,0.157404,0.15249,0.004029,0.104451,0.789051,0.014656,500,0
0.153369,0.099674,0.051273,0.038802,0.055604,0.864548,0.012587,20,1
0.148555,0.154462,0.1605,0.117969,0.198819,0.78505,0.050754,100,0
0.131206,0.15623,0.196779,0.075022,0.193656,0.821543,0.034443,50,1
0.125099,0.123502,0.297317,0.009226,0.177131,0.693984,0.01882,10,1
0.131169,0.217992,0.132992,0.032387,0.122088,0.820102,0.02403,50,0
0.140981,0.203835,0.181966,0.045168,0.137209,0.772559,0.029097,10,0
0.165303,0.170897,0.194711,0.075518,0.190385,0.819211,0.040061,200,1
0.173773,0.143871,0.200904,0.005162,0.095406,0.814948,0.034945,100,0
0.139583,0.203886,0.301934,0.084548,0.165799,0.727327,0.041488,2000,1
0.137748,0.040013,0.14727,0.080537,0.193197,0.874819,0.048836,100,0
0.222433,0.229932,0.228989,0.015458,0.131393,0.742355,0.015346,2000,0
0.13491,0.122704,0.106038,0.102474,0.105235,0.854926,0.046158,20,1
0.114011,0.157623,0.118277,0.00852,0.078227,0.854614,0.030785,20,0
0.183101,0.184649,0.143603,0.112507,0.116706,0.821334,0.048659,100,1
0.154845,0.195451,0.159191,0.046278,0.107749,0.751873,0.022325,100,0
0.11015,0.142479,0.107904,0.005758,0.090581,0.891964,0.015986,50,0
0.133664,0.157467,0.141515,0.004184,0.120928,0.855297,0.038691,500,0
0.087214,0.129281,0.083918,0.090949,0.103348,0.890807,0.047865,500,1
0.174308,0.153816,0.227057,0.167339,0.274995,0.754015,0.065253,200,1
0.098209,0.128687,0.096757,0.054314,0.085337,0.873004,0.008364,20,0
0.134679,0.12631,0.086516,0.056958,0.140064,0.848425,0.02984,10,0
0.157499,0.170452,0.136771,0.099846,0.108974,0.832941,0.051048,500,1
0.167378,0.147401,0.134618,0.019675,0.076104,0.800523,0.010061,50,0
0.094106,0.113845,0.04101,0.024325,0.021701,0.920447,0.010543,20,0
0.078723,0.078338,0.162594,0.088079,0.083323,0.863149,0.016304,10,0
0.118003,0.094993,0.105063,0.007261,0.041882,0.877561,0.017164,50,0
0.136143,0.186264,0.075498,0.014338,0.132908,0.834111,0.0159,20,0
0.09995,0.065591,0.022733,0.036518,0.038367,0.902918,0.008563,10,0
0.075528,0.095808,0.089329,0.047086,0.058012,0.897136,0.023967,100,0
0.134796,0.053776,0.218401,0.048436,0.046872,0.834177,0.025416,500,1
0.162559,0.171692,0.259267,0.064183,0.153608,0.751205,0.026512,20,1
0.129337,0.109045,0.064627,0.038627,0.080911,0.839495,0.017607,100,0
0.145048,0.181036,0.089377,0.007389,0.078745,0.852726,0.005469,10,0
0.130705,0.196208,0.156003,0.050843,0.113852,0.808744,0.028111,50,0
0.220415,0.214663,0.136434,0.023438,0.102142,0.769635,0.038353,50,0
0.131513,0.100616,0.027663,0.02987,0.101638,0.903476,0.014865,20,0
0.11302,0.117249,0.106739,0.040633,0.116231,0.865483,0.016588,50,0
0.13223,0.138985,0.124833,0.118125,0.133574,0.864529,0.063406,50,1
0.201579,0.176768,0.277924,0.022838,0.220769,0.69887,0.028323,500,1
0.162653,0.164486,0.179207,0.011813,0.075906,0.850501,0.024189,200,0
0.182941,0.158145,0.182946,0.132215,0.145645,0.781407,0.023268,50,0
0.166922,0.250639,0.147095,0.011514,0.092505,0.76721,0.01689,20,0
0.040691,0.118147,0.066555,0.034439,0.050779,0.887686,0.027055,50,0
0.062724,0.306549,0.29606,0.026561,0.118256,0.703042,0.049446,500,1
0.237349,0.24936,0.221169,0.08032,0.123092,0.745937,0.037797,100,0
0.112079,0.155313,0.092793,0.094006,0.092622,0.874429,0.003229,100,0
0.135439,0.161359,0.20753,0.059691,0.138451,0.767451,0.033964,100,0
0.123468,0.153968,0.153635,0.035991,0.041447,0.836841,0.02225,20,1
0.13676,0.139259,0.088659,0.008337,0.136693,0.85988,0.019212,100,0
0.124897,0.139544,0.218927,0.043153,0.08842,0.814444,0.029596,20,0
0.136922,0.122144,0.120914,0.049697,0.129109,0.861212,0.038585,500,0
0.234581,0.300849,0.060373,0.07148,0.119065,0.789141,0.029316,500,0
0.062036,0.111778,0.021306,0.020025,0.012587,0.881464,0.008038,100,0
0.192114,0.173102,0.358509,0.036865,0.086815,0.746252,0.044895,500,1
0.169528,0.225421,0.221482,0.0217,0.130309,0.740479,0.028771,200,0
0.100937,0.086402,0.046801,0.046835,0.089157,0.869902,0.025568,10,0
0.135455,0.124106,0.133408,0.017545,0.148357,0.841878,0.018058,100,0
0.165074,0.185787,0.2624,0.0,0.087887,0.687102,0.02612,500,0
0.157592,0.17895,0.132203,0.129473,0.221179,0.800349,0.049907,100,0
0.161553,0.165644,0.147048,0.068403,0.179915,0.827396,0.037106,50,0
0.086349,0.256327,0.297462,0.0624,0.056871,0.710435,0.010876,100,0
0.174636,0.190327,0.222314,0.039529,0.158418,0.754093,0.025246,20,1
0.1638,0.167901,0.051353,0.022186,0.047458,0.863473,0.013705,200,1
0.145772,0.137316,0.190754,0.010744,0.053282,0.752232,0.02575,500,0
0.088552,0.12015,0.094456,0.043662,0.10068,0.894611,0.005676,200,0
0.140572,0.137351,0.1477,0.055239,0.136991,0.836441,0.010861,200,0
0.159751,0.070619,0.073487,0.039445,0.044643,0.843451,0.011627,200,0
0.066654,0.098513,0.147433,0.048168,0.076119,0.868955,0.011361,50,0
0.145834,0.166703,0.130867,0.071527,0.165983,0.822368,0.054047,500,0
0.110836,0.096274,0.083908,0.106698,0.102763,0.875374,0.036312,10,0
0.143585,0.21885,0.186202,0.016979,0.08604,0.81031,0.016197,10,0
0.189499,0.173201,0.04591,0.035875,0.033995,0.830314,0.013223,50,0
0.124271,0.260638,0.314096,0.010418,0.064596,0.673117,0.014007,500,1
0.14266,0.121152,0.168663,0.018116,0.120626,0.866901,0.00274,20,0
0.086588,0.21348,0.227381,0.028901,0.095133,0.772658,0.024314,20,0
0.178014,0.195772,0.236918,0.06444,0.176814,0.781277,0.032869,20,1
0.153125,0.120569,0.149245,0.021208,0.090374,0.863133,0.020311,200,0
0.123807,0.140367,0.118481,0.025451,0.096194,0.882019,0.003885,50,0
0.087449,0.192956,0.057168,0.04578,0.053537,0.820683,0.012868,2000,1
0.137753,0.208596,0.285695,0.005919,0.073302,0.678173,0.019036,2000,1
0.117958,0.118647,0.138624,0.050688,0.124935,0.825021,0.024833,100,0
0.102265,0.102389,0.133817,0.032802,0.07874,0.867772,0.013657,10,0
0.133409,0.131749,0.078914,0.036025,0.058318,0.848422,0.007479,10,0
0.18016,0.195423,0.286171,0.056597,0.203005,0.736749,0.031102,20,1
0.182996,0.158812,0.20658,0.020425,0.072819,0.823448,0.042404,500,0
0.154132,0.179817,0.047153,0.022,0.122404,0.787378,0.027092,100,0
0.147193,0.181972,0.044135,0.020382,0.058257,0.80233,0.015035,10,0
0.1441,0.156716,0.174964,0.110476,0.164138,0.813001,0.043563,100,0
0.14479,0.183923,0.215243,0.055017,0.112772,0.791628,0.022101,2000,0
0.115506,0.154734,0.210123,0.058151,0.13344,0.789655,0.028868,100,0
0.107022,0.13316,0.109518,0.007751,0.101467,0.859647,0.030678,200,0
0.111276,0.131792,0.233187,0.019889,0.055107,0.811873,0.00654,500,1
0.064115,0.037271,0.089906,0.016524,0.030884,0.920834,0.010425,50,0
0.1453,0.177184,0.119792,0.020206,0.043758,0.837079,0.006129,100,0
0.113613,0.167031,0.104976,0.097834,0.156026,0.842742,0.024088,20,0
0.12441,0.142427,0.067725,0.03909,0.058133,0.859054,0.018605,10,0
0.170994,0.138082,0.075146,0.044502,0.081487,0.806579,0.024703,10,0
0.097672,0.07091,0.082435,0.015863,0.088872,0.868727,0.025674,10,0
0.130881,0.148514,0.03423,0.055533,0.105326,0.855359,0.029931,200,0
0.176439,0.213806,0.129959,0.044742,0.110744,0.770918,0.023217,50,0
0.149173,0.13063,0.080918,0.022035,0.030864,0.865699,0.011291,20,0
0.126579,0.256914,0.251232,0.050419,0.123638,0.744837,0.017459,10,0
0.105893,0.142601,0.121249,0.01972,0.084521,0.824688,0.019646,500,1
0.152056,0.297002,0.17931,0.026296,0.075325,0.706975,0.045411,50,0
0.126095,0.078325,0.082286,0.025191,0.057338,0.886446,0.020919,20,0
0.138955,0.122344,0.115784,0.013327,0.050643,0.866442,0.011524,200,0
0.119319,0.099281,0.148375,0.044908,0.106941,0.857134,0.022457,10,0
0.165468,0.187673,0.107725,0.031197,0.081159,0.825807,0.009118,500,1
0.127063,0.183131,0.327539,0.070292,0.13241,0.692261,0.020156,50,1
0.085046,0.150693,0.249829,0.026884,0.039415,0.77824,0.015047,50,0
0.065429,0.192487,0.071831,0.051267,0.082728,0.819479,0.015786,50,0
0.136753,0.140839,0.159968,0.008431,0.097876,0.854353,0.028877,50,0
0.167576,0.148783,0.178742,0.139678,0.285115,0.803948,0.073298,200,1
0.162538,0.169527,0.164888,0.066431,0.091912,0.824016,0.022218,100,0
0.057979,0.117536,0.01824,0.009458,0.00609,0.891539,0.002943,500,0
0.216742,0.228018,0.309612,0.137073,0.231846,0.678674,0.02669,100,1
0.167246,0.252755,0.175096,0.008261,0.130836,0.7783,0.012313,500,0
0.120874,0.059479,0.037178,0.028728,0.047831,0.895251,0.015971,100,0
0.121645,0.112129,0.143147,0.008487,0.112616,0.879336,0.004879,200,0
0.168246,0.194387,0.21408,0.062232,0.15494,0.776347,0.025505,500,1
0.208157,0.181117,0.21124,0.13659,0.234723,0.792252,0.106238,20,0
0.113037,0.090794,0.172312,0.054669,0.218901,0.81742,0.057489,10,1
0.130325,0.148815,0.097084,0.044333,0.11411,0.844568,0.020465,20,0
0.183419,0.160915,0.173342,0.027577,0.054038,0.85142,0.008163,200,1
0.149634,0.143465,0.163081,0.08886,0.09542,0.839734,0.045078,500,1
0.164997,0.206929,0.275454,0.065127,0.123634,0.763134,0.02534,2000,0
0.142611,0.17489,0.227708,0.023992,0.142791,0.762949,0.025088,20,1
0.145904,0.140431,0.123274,0.015488,0.01581,0.865812,0.006612,200,0
0.167279,0.185518,0.102004,0.041151,0.098831,0.718273,0.027374,10,0
0.130498,0.119296,0.079421,0.037316,0.121129,0.874554,0.016202,200,0
0.073239,0.098868,0.081761,0.128853,0.09546,0.888035,0.020009,20,0
0.115259,0.140332,0.114574,0.013792,0.124017,0.832535,0.02689,20,0
0.15984,0.175131,0.07897,0.006623,0.11447,0.851501,0.015727,100,0
0.083659,0.050687,0.074638,0.009945,0.012554,0.914168,0.00504,10,0
0.253316,0.243577,0.269782,0.141241,0.23581,0.730096,0.055541,500,0
0.090544,0.149194,0.122146,0.006513,0.044273,0.805796,0.011828,500,1
0.122033,0.093266,0.10498,0.007033,0.076375,0.88952,0.012706,100,0
0.188121,0.247934,0.231311,0.122349,0.128735,0.763502,0.041537,500,1
0.150992,0.215812,0.142658,0.064587,0.091366,0.791998,0.011768,500,1
0.206153,0.207461,0.168424,0.078052,0.221828,0.797181,0.101564,2000,0
0.132685,0.142807,0.132303,0.01548,0.05279,0.846053,0.017128,10,0
0.158886,0.209155,0.14095,0.038172,0.113064,0.832309,0.036207,50,0
0.122838,0.15336,0.126082,0.074683,0.105951,0.82936,0.037351,500,0
0.145367,0.18644,0.264767,0.039484,0.11936,0.76031,0.033506,100,1
0.073153,0.217752,0.204161,0.023397,0.087581,0.772974,0.018652,20,0
0.140081,0.147194,0.152181,0.116595,0.211408,0.848471,0.054707,100,1
0.100581,0.03382,0.090841,0.075216,0.085462,0.910406,0.003345,50,0
0.127683,0.114777,0.130884,0.017518,0.041678,0.879863,0.015137,50,0
0.0431,0.066913,0.124038,0.029255,0.018657,0.90468,0.006107,10,1
0.155969,0.179609,0.142234,0.058355,0.1291,0.830946,0.015523,200,0
0.129335,0.182348,0.167833,0.108471,0.267886,0.809337,0.054921,10,0
0.232257,0.313587,0.357412,0.104326,0.195557,0.674599,0.010976,500,0
0.16963,0.192887,0.252608,0.175814,0.284282,0.750584,0.068675,50,1
0.142086,0.130291,0.105724,0.030432,0.0843,0.843736,0.014586,100,0
0.123148,0.114932,0.14047,0.110817,0.131071,0.775993,0.061344,20,1
0.087658,0.078733,0.088875,0.057818,0.048523,0.892772,0.017068,10,1
0.145817,0.130056,0.168248,0.096201,0.155008,0.817903,0.042246,100,0
0.125185,0.160025,0.027135,0.027591,0.051783,0.897207,0.012339,20,0
0.158797,0.123261,0.125006,0.103408,0.123919,0.8507,0.057399,50,1
0.24253,0.165866,0.051095,0.045009,0.114138,0.788687,0.025383,50,0
0.138419,0.177772,0.196374,0.06578,0.137836,0.75437,0.023539,2000,1
0.147682,0.159917,0.29489,0.113725,0.1207,0.776794,0.058307,10,1
0.113586,0.173747,0.111828,0.006889,0.096745,0.86438,0.02364,200,0
0.196486,0.197459,0.204314,0.098356,0.238563,0.789817,0.039237,100,1
0.142232,0.077966,0.077875,0.032478,0.06164,0.848909,0.012142,10,0
0.310852,0.331195,0.220788,0.043494,0.134894,0.619694,0.034201,2000,1
0.124213,0.150838,0.030709,0.018505,0.117608,0.867116,0.039532,200,0
0.182718,0.187017,0.243421,0.078972,0.277439,0.733425,0.060432,100,1
0.170141,0.237571,0.215686,0.013177,0.058454,0.772307,0.003571,2000,0
0.123712,0.090541,0.069374,0.026537,0.104426,0.892051,0.018913,50,0
0.225664,0.271081,0.21353,0.078708,0.161043,0.781691,0.047602,10,0
0.091224,0.100678,0.093709,0.080731,0.130205,0.864756,0.022313,50,0
0.144142,0.17601,0.132159,0.075025,0.139344,0.806007,0.030069,50,0
0.192308,0.229939,0.036238,0.021502,0.10857,0.791274,0.019727,500,0
0.087731,0.115134,0.091808,0.054394,0.097643,0.899034,0.021162,10,0
0.130252,0.1216,0.140513,0.033961,0.10999,0.863033,0.025379,200,0
0.148711,0.16346,0.110365,0.034439,0.098272,0.839087,0.030899,10,0
0.157517,0.250737,0.174779,0.030302,0.057248,0.730424,0.007685,50,0
0.209891,0.146261,0.105603,0.034684,0.099818,0.766918,0.018095,500,0
0.115717,0.110779,0.084654,0.006309,0.097899,0.881432,0.028488,20,0
0.180365,0.222259,0.279548,0.105345,0.128391,0.76492,0.064192,20,1
0.090404,0.241056,0.23884,0.073843,0.13423,0.752121,0.029248,200,0
0.128006,0.312199,0.105893,0.048695,0.104464,0.740812,0.01734,200,0
0.125915,0.201592,0.180352,0.017762,0.12877,0.790902,0.020935,10,0
0.206069,0.202012,0.219395,0.061128,0.121301,0.784897,0.028846,500,0
0.143383,0.157101,0.121519,0.087051,0.138582,0.863379,0.004729,100,0
0.118546,0.129576,0.08493,0.022205,0.10664,0.854216,0.029765,10,0
0.12674,0.117067,0.11945,0.091403,0.073572,0.874944,0.02525,20,0
0.180604,0.187409,0.167431,0.033806,0.092673,0.828549,0.019984,50,1
0.091958,0.090943,0.066172,0.036334,0.084778,0.89066,0.025364,10,0
0.062299,0.151775,0.043505,0.015032,0.007892,0.864214,0.004444,500,0
0.152494,0.193563,0.163906,0.065288,0.144117,0.764834,0.027527,200,0
0.106182,0.138801,0.091756,0.048824,0.115246,0.862306,0.027579,100,0
0.119037,0.176224,0.108308,0.013354,0.093298,0.831285,0.016817,20,0
0.114422,0.158919,0.111811,0.028481,0.042462,0.855684,0.027917,100,1
0.158058,0.153955,0.164184,0.150294,0.280713,0.83459,0.075207,20,1
0.165207,0.167988,0.253765,0.025444,0.157445,0.728544,0.021598,10,1
0.224126,0.231234,0.178546,0.103286,0.20882,0.792572,0.044701,20,0
0.124973,0.129588,0.13193,0.115103,0.142322,0.863189,0.061529,10,1
0.125341,0.082901,0.148766,0.033444,0.038663,0.865013,0.018821,500,1
0.068742,0.080972,0.086088,0.050423,0.127637,0.881572,0.032702,20,0
0.12588,0.149038,0.08922,0.026817,0.060235,0.832548,0.022454,10,0
0.11579,0.102437,0.127881,0.074465,0.094595,0.863161,0.042381,10,1
0.122468,0.141226,0.171007,0.113873,0.13532,0.843259,0.03801,200,0
0.15569,0.114856,0.113952,0.074012,0.139218,0.857147,0.044818,100,0
0.059384,0.067628,0.055287,0.008123,0.014659,0.934515,0.003039,10,0
0.206921,0.155135,0.090569,0.034255,0.085923,0.774458,0.020559,100,0
0.171077,0.165244,0.198113,0.058158,0.156023,0.818947,0.033844,20,1
0.103225,0.133537,0.132265,0.015517,0.098,0.843659,0.039408,100,0
0.100518,0.112268,0.134955,0.05241,0.137724,0.870646,0.029068,100,1
0.092132,0.075113,0.069972,0.008878,0.033499,0.925314,0.004562,100,0
0.113947,0.131516,0.117864,0.059812,0.112023,0.869612,0.048192,200,0
0.132936,0.139405,0.129813,0.077231,0.173256,0.850787,0.0528,200,0
0.091934,0.256192,0.213891,0.028705,0.083153,0.755446,0.011072,10,0
0.145966,0.153938,0.124033,0.105649,0.157249,0.822308,0.033107,10,1
0.140262,0.124508,0.060834,0.065644,0.134248,0.874358,0.035072,500,0
0.10956,0.102358,0.200822,0.010008,0.023945,0.775455,0.015739,20,0
0.091359,0.121271,0.031771,0.015155,0.050486,0.879619,0.014455,200,0
0.152716,0.222629,0.163931,0.066311,0.194125,0.783957,0.039342,200,0
0.211175,0.20584,0.101053,0.020816,0.022024,0.8239,0.016855,500,0
0.126859,0.121998,0.083767,0.056926,0.177849,0.879519,0.061057,50,0
0.145537,0.190391,0.309393,0.041888,0.14551,0.712779,0.030619,20,1
0.084661,0.064184,0.0204,0.00349,0.00543,0.910252,0.003944,50,0
0.170371,0.169781,0.118047,0.058408,0.101825,0.776623,0.027682,10,0
0.107388,0.11019,0.119181,0.112012,0.127596,0.881211,0.057447,10,1
0.143722,0.193687,0.162271,0.015882,0.120674,0.807157,0.005113,2000,0
0.142264,0.179292,0.018987,0.04735,0.11685,0.839683,0.024142,20,0
0.147498,0.149907,0.158092,0.053661,0.124959,0.835171,0.033801,20,0
0.083501,0.184454,0.087803,0.022177,0.070047,0.80699,0.014083,20,0
0.077853,0.078129,0.169056,0.022377,0.087227,0.873525,0.015456,10,0
0.138646,0.183893,0.134692,0.016091,0.095943,0.83777,0.017256,50,0
0.093862,0.132092,0.118817,0.043215,0.122591,0.886686,0.010311,50,0
0.120611,0.121221,0.241786,0.014398,0.152787,0.736047,0.0232,50,1
0.144666,0.205473,0.181585,0.105224,0.273682,0.79055,0.027993,100,0
0.073514,0.110253,0.05403,0.044656,0.044895,0.884562,0.007314,100,0
0.140846,0.144596,0.147236,0.14881,0.273108,0.833425,0.069498,10,1
0.18316,0.157933,0.109669,0.032692,0.094538,0.817792,0.008344,20,0
0.296046,0.304437,0.182979,0.039043,0.09775,0.719824,0.01765,10,0
0.178621,0.174694,0.141906,0.033098,0.091414,0.83364,0.01991,200,0
0.212329,0.226938,0.263073,0.075611,0.182357,0.694156,0.024552,500,1
0.137925,0.134367,0.134108,0.060327,0.103959,0.842713,0.015471,100,0
0.146037,0.118228,0.13027,0.004733,0.121626,0.847182,0.03574,500,0
0.222453,0.135301,0.184571,0.032373,0.118209,0.767737,0.014909,50,0
0.119932,0.166225,0.127351,0.101481,0.161094,0.817537,0.04675,2000,1
0.190752,0.21499,0.185725,0.006257,0.026224,0.797981,0.007778,500,0
0.163523,0.147711,0.104859,0.013226,0.021417,0.86281,0.009048,20,0
0.137992,0.166783,0.164006,0.119537,0.139053,0.824332,0.063685,200,1
0.166819,0.175004,0.046058,0.033885,0.154384,0.789047,0.02513,500,0
0.135166,0.102271,0.109682,0.06533,0.112942,0.867539,0.028011,200,0
0.152306,0.150273,0.109731,0.023785,0.016344,0.841211,0.00632,2000,0
0.190439,0.18169,0.216326,0.017774,0.099306,0.809533,0.02691,50,0
0.171325,0.198742,0.174558,0.047721,0.072607,0.7822,0.022935,500,1
0.0861,0.090777,0.091725,0.011091,0.059034,0.919422,0.023136,20,0
0.164312,0.167261,0.138829,0.026537,0.100805,0.82489,0.024716,10,0
0.064391,0.090226,0.104209,0.03796,0.034576,0.882197,0.015424,50,1
0.104033,0.135965,0.118233,0.030306,0.032517,0.890318,0.014645,20,1
0.128641,0.171932,0.016239,0.007544,0.091859,0.855549,0.017807,20,0
0.137657,0.141613,0.125578,0.048104,0.070707,0.836917,0.038883,100,0
0.181336,0.244166,0.170006,0.038077,0.114756,0.778102,0.011069,500,0
0.155705,0.151899,0.039247,0.022792,0.074392,0.85003,0.010397,500,1
0.1656,0.160321,0.16207,0.086706,0.082073,0.796853,0.010414,50,0
0.164025,0.200451,0.171385,0.062194,0.143386,0.809295,0.039002,200,1
0.117171,0.16759,0.317267,0.072702,0.103678,0.729561,0.022548,100,1
0.167601,0.160408,0.141295,0.095219,0.129694,0.836211,0.035659,20,0
0.099152,0.222999,0.169149,0.075358,0.123075,0.756255,0.025084,10,0
0.09833,0.092835,0.092616,0.045959,0.107956,0.896203,0.021932,100,0
0.053324,0.052877,0.090224,0.027843,0.051878,0.933977,0.023532,20,0
0.095169,0.191882,0.072171,0.044267,0.062748,0.796973,0.007003,50,0
0.229823,0.220136,0.069918,0.034484,0.081578,0.817783,0.016486,200,0
0.12046,0.119915,0.057756,0.102105,0.141649,0.871398,0.032803,20,0
0.106522,0.125843,0.082793,0.031621,0.045049,0.866854,0.020537,50,1
0.135029,0.11859,0.178157,0.021319,0.09208,0.857217,0.053294,50,0
0.219991,0.213099,0.161905,0.102186,0.109378,0.793711,0.056589,500,1
0.201526,0.194033,0.127681,0.034076,0.080267,0.789263,0.015247,500,1
0.177996,0.197768,0.224108,0.109556,0.270569,0.768416,0.059691,100,1
0.173704,0.154029,0.18597,0.035886,0.074216,0.800127,0.003299,20,0
0.137157,0.13918,0.16628,0.0143,0.075172,0.828096,0.016891,50,0
0.146564,0.095026,0.117462,0.0,0.107407,0.811836,0.034523,100,0
0.131891,0.098313,0.08493,0.059394,0.077556,0.82415,0.019201,20,0
0.099936,0.073952,0.017784,0.007187,0.016746,0.879969,0.006103,20,0
0.140037,0.136709,0.181697,0.06518,0.136398,0.847821,0.044037,500,0
0.121222,0.159292,0.181478,0.024796,0.057697,0.828007,0.006026,500,1
0.130099,0.145335,0.195868,0.130805,0.281553,0.780788,0.070688,20,1
0.177735,0.324642,0.329175,0.05074,0.107939,0.675861,0.006603,10,0
0.138477,0.11677,0.105621,0.005362,0.037138,0.870906,0.012474,10,1
0.094252,0.143927,0.129356,0.003314,0.042895,0.833007,0.009385,10,0
0.154505,0.181946,0.137573,0.092431,0.111261,0.785908,0.035012,500,0
0.14361,0.191578,0.141727,0.113244,0.180811,0.829689,0.031037,500,0
0.111057,0.140556,0.067807,0.007615,0.084375,0.860588,0.025436,50,0
0.128331,0.114311,0.112495,0.011047,0.108472,0.883635,0.009688,200,0
0.158522,0.165207,0.143959,0.00597,0.078416,0.831335,0.021889,20,0
0.195052,0.17704,0.196127,0.041916,0.106226,0.770785,0.027523,500,0
0.185676,0.191435,0.0,0.156958,0.196551,0.717511,0.023187,10,0
0.115082,0.177411,0.167018,0.033158,0.10575,0.846967,0.025796,10,0
0.139727,0.141697,0.175897,0.070456,0.12821,0.827801,0.033319,20,0
0.113853,0.178306,0.12349,0.02727,0.140227,0.809365,0.013752,50,0
0.145525,0.141958,0.171191,0.171956,0.290272,0.819325,0.072384,500,1
0.085668,0.071142,0.094909,0.034394,0.027679,0.83854,0.012501,10,0
0.160243,0.17346,0.085435,0.0,0.043164,0.788897,0.012469,200,0
0.229197,0.219866,0.163384,0.048201,0.095501,0.751676,0.046427,2000,0
0.108163,0.135331,0.063796,0.021888,0.080022,0.879186,0.018514,200,0
0.164192,0.198367,0.202546,0.036513,0.105032,0.799416,0.011336,50,0
0.201823,0.198506,0.049218,0.01123,0.006623,0.841834,0.005005,500,0
0.191661,0.158203,0.205341,0.009856,0.087256,0.820855,0.02248,200,0
0.122676,0.176736,0.136815,0.074846,0.11874,0.803724,0.031668,500,0
0.167181,0.211535,0.317543,0.056811,0.173352,0.721505,0.028082,500,1
0.119371,0.099241,0.15727,0.028691,0.13691,0.851725,0.018061,100,0
0.343475,0.2191,0.0,0.013634,0.058142,0.672567,0.01651,200,0
0.16825,0.236614,0.273452,0.049739,0.128282,0.773697,0.03569,100,0
0.12994,0.12904,0.102396,0.008736,0.036161,0.88016,0.02204,50,0
0.242003,0.245661,0.138517,0.079017,0.127442,0.800221,0.013847,500,0
0.135808,0.129436,0.136664,0.090047,0.182364,0.835175,0.049044,100,0
0.193636,0.169253,0.064726,0.02677,0.080488,0.810766,0.018604,50,0
0.159845,0.157,0.138821,0.006982,0.103637,0.834246,0.031594,20,0
0.214572,0.247339,0.066802,0.026704,0.099333,0.787145,0.023421,20,0
0.089555,0.191611,0.160837,0.024111,0.151963,0.802152,0.048128,50,0
0.131701,0.150044,0.176809,0.169281,0.309737,0.811905,0.080326,20,1
0.215465,0.199331,0.225432,0.061537,0.130069,0.803739,0.037732,50,0
0.12749,0.176606,0.175361,0.079906,0.137851,0.819533,0.033939,2000,1
0.086652,0.119508,0.047345,0.015265,0.013898,0.856649,0.009637,50,0
0.13402,0.113519,0.129777,0.058827,0.10428,0.804889,0.039755,100,0
0.081317,0.086233,0.094247,0.004859,0.009608,0.895352,0.007139,500,0
0.101641,0.123353,0.271327,0.018937,0.0671,0.790604,0.00927,500,1
0.17065,0.178603,0.175306,0.124971,0.135733,0.818528,0.063954,10,1
0.111895,0.135299,0.127955,0.112697,0.119057,0.869707,0.052302,200,1
0.104372,0.080256,0.081565,0.069745,0.0566,0.901262,0.019728,10,0
0.173066,0.164218,0.207645,0.085838,0.190165,0.784853,0.079288,100,0
0.177766,0.193561,0.177104,0.025092,0.102702,0.833632,0.004791,500,0
0.105838,0.199971,0.042489,0.062185,0.088486,0.807194,0.027116,200,0
0.164896,0.126282,0.06104,0.031501,0.093133,0.831752,0.023398,100,0
0.065364,0.049856,0.172443,0.023801,0.018084,0.87201,0.012753,10,0
0.154324,0.203395,0.117592,0.046581,0.134825,0.835735,0.022491,100,0
0.137318,0.117698,0.115467,0.007037,0.080682,0.887631,0.02136,20,0
0.122445,0.134431,0.160662,0.10999,0.115664,0.851893,0.055912,50,1
0.095749,0.109531,0.103231,0.012451,0.066585,0.893089,0.014697,10,0
0.122838,0.15336,0.126082,0.074683,0.105951,0.82936,0.037351,500,0
0.109331,0.135729,0.124249,0.057232,0.115827,0.856478,0.035971,50,0
0.122552,0.207491,0.216893,0.016939,0.128938,0.724668,0.02394,20,0
0.154757,0.198411,0.133983,0.079893,0.060618,0.817,0.029165,20,1
0.127934,0.145729,0.068784,0.060913,0.09169,0.828781,0.024488,100,0
0.131884,0.134437,0.110845,0.020124,0.077746,0.82433,0.015073,200,0
0.137158,0.13481,0.189387,0.128905,0.233157,0.816991,0.061251,10,1
0.13072,0.154334,0.103572,0.010019,0.060095,0.841884,0.024728,20,0
0.127275,0.099521,0.093849,0.023281,0.083536,0.861681,0.014469,20,0
0.146867,0.213551,0.215047,0.058764,0.145541,0.784215,0.022677,10,0
0.050399,0.0272,0.175927,0.031844,0.053043,0.880733,0.019701,50,1
0.181589,0.192229,0.272593,0.06814,0.17084,0.712235,0.02642,500,1
0.187846,0.238079,0.073852,0.070097,0.106296,0.749501,0.022133,10,0
0.134107,0.18553,0.223883,0.073356,0.147801,0.777975,0.050877,500,0
0.171835,0.169971,0.037923,0.03316,0.067513,0.827911,0.01678,20,0
0.126721,0.181727,0.047071,0.062763,0.038431,0.852746,0.008926,20,0
0.181129,0.256426,0.125362,0.019972,0.103205,0.77634,0.04781,200,0
0.111332,0.130719,0.143602,0.01794,0.111646,0.8567,0.004912,20,0
0.129124,0.194434,0.111094,0.03918,0.123679,0.817198,0.023408,20,0
0.110926,0.079801,0.0895,0.014478,0.02892,0.897118,0.009311,200,1
0.255688,0.285333,0.337299,0.121024,0.242793,0.691626,0.050041,500,0
0.128382,0.177558,0.09053,0.070458,0.092718,0.855189,0.019525,50,0
0.183657,0.237323,0.359188,0.048597,0.16989,0.672917,0.027351,200,1
0.124602,0.146402,0.124327,0.041872,0.144721,0.861083,0.044146,20,0
0.097131,0.107446,0.110823,0.033997,0.032252,0.880698,0.019462,100,0
0.217371,0.190323,0.262121,0.051919,0.059505,0.750317,0.030899,500,0
0.197787,0.209533,0.201952,0.066673,0.232147,0.796232,0.035985,20,1
0.114277,0.119392,0.093078,0.03234,0.067882,0.853382,0.011991,10,0
0.226832,0.038855,0.137061,0.011128,0.077256,0.779223,0.030639,50,0
0.197636,0.183808,0.220468,0.087303,0.134515,0.77405,0.03109,10,0
0.255728,0.295112,0.303598,0.013881,0.115086,0.716926,0.006336,2000,0
0.116489,0.13444,0.178487,0.170099,0.32187,0.830997,0.083225,100,1
0.133379,0.141916,0.040705,0.043405,0.131504,0.851123,0.029151,20,0
0.100512,0.08753,0.096409,0.012809,0.09893,0.893102,0.023151,50,0
0.147015,0.142126,0.170848,0.083979,0.195414,0.812883,0.053894,10,1
0.095985,0.157778,0.27231,0.028495,0.066054,0.751039,0.019848,500,1
0.130831,0.105241,0.19213,0.038908,0.105282,0.803051,0.012717,10,0
0.060606,0.056363,0.066309,0.025522,0.04513,0.932863,0.013812,10,0
0.171325,0.206007,0.352291,0.075884,0.155792,0.688593,0.02339,100,1
0.159964,0.223562,0.089264,0.024177,0.124228,0.806811,0.011787,200,0
0.151232,0.041655,0.054632,0.031981,0.064043,0.847956,0.019695,100,0
0.065871,0.069976,0.054014,0.034298,0.020151,0.899377,0.014327,50,0
0.148661,0.099435,0.089655,0.011588,0.01609,0.832304,0.018425,200,1
0.170487,0.228186,0.183375,0.022821,0.075488,0.734318,0.009529,500,1
0.156084,0.168608,0.157561,0.131656,0.217001,0.798697,0.059616,10,0
0.138145,0.161482,0.19234,0.148877,0.275461,0.795404,0.070495,20,1
0.174072,0.165147,0.159276,0.122712,0.235278,0.796972,0.071808,500,1
0.169885,0.16543,0.246635,0.010971,0.177012,0.735317,0.026194,100,1
0.146861,0.162593,0.217944,0.039343,0.147863,0.761918,0.018155,50,1
0.126938,0.180565,0.137756,0.009478,0.058476,0.83441,0.006749,10,0
0.110116,0.11833,0.013695,0.074693,0.060947,0.888899,0.006272,50,0
0.047398,0.042905,0.012447,0.013226,0.00614,0.954763,0.001566,50,0
0.069707,0.069524,0.377077,0.025152,0.022022,0.758769,0.009261,50,1
0.146469,0.152054,0.147977,0.121515,0.274529,0.81842,0.077589,500,1
0.198643,0.138664,0.200525,0.030495,0.090372,0.763126,0.008952,500,1
0.153061,0.184874,0.114778,0.016956,0.058581,0.820236,0.00723,20,0
0.151818,0.143423,0.1806,0.015163,0.138698,0.781683,0.021508,100,0
0.191496,0.198566,0.164557,0.059806,0.12753,0.806818,0.020225,500,1
0.199726,0.268012,0.071153,0.040407,0.04485,0.749032,0.006441,500,1
0.120326,0.111542,0.093901,0.054265,0.127881,0.89559,0.027905,2000,0
0.176097,0.173699,0.216832,0.036783,0.153264,0.757254,0.027023,20,0
0.076098,0.075155,0.039702,0.01204,0.012789,0.924358,0.007452,20,0
0.118024,0.116446,0.041737,0.047897,0.055421,0.883939,0.003373,20,0
0.15142,0.1698,0.163409,0.050453,0.090587,0.81953,0.0192,20,0
0.218148,0.218232,0.189249,0.08405,0.160538,0.797612,0.034758,2000,0
0.200973,0.214235,0.165396,0.018069,0.102152,0.752162,0.030406,50,0
0.131213,0.177246,0.103817,0.017824,0.130832,0.841763,0.023108,100,0
0.122963,0.17412,0.144553,0.05539,0.152426,0.834998,0.035914,20,0
0.13077,0.140017,0.093278,0.093111,0.11184,0.8582,0.055255,200,1
0.105721,0.051965,0.112771,0.040497,0.087873,0.877435,0.020852,200,0
0.1186,0.138058,0.112217,0.10721,0.192798,0.855135,0.03594,2000,1
0.12207,0.1601,0.19161,0.050858,0.10718,0.807358,0.023116,500,1
0.168015,0.193336,0.046503,0.040609,0.08719,0.828485,0.023138,20,0
0.182718,0.168929,0.062961,0.005998,0.016998,0.853217,0.008234,2000,0
0.103251,0.190693,0.136482,0.017795,0.092593,0.839032,0.017895,10,0
0.138585,0.136515,0.19916,0.075204,0.250758,0.808341,0.059359,20,1
0.144458,0.187728,0.129889,0.035638,0.154456,0.768324,0.029824,50,0
0.136976,0.139697,0.122735,0.092434,0.163236,0.835204,0.044901,100,0
0.155204,0.12643,0.182248,0.105875,0.111479,0.835815,0.05464,100,1
0.128977,0.102253,0.100908,0.038796,0.098966,0.85391,0.014565,200,0
0.093133,0.138795,0.108221,0.034146,0.033817,0.852284,0.012944,100,1
0.240626,0.223064,0.343157,0.023849,0.067971,0.687469,0.012393,500,1
0.191049,0.220357,0.163556,0.042824,0.093194,0.802697,0.0277,100,0
0.118874,0.094511,0.154192,0.057279,0.047713,0.860551,0.020193,100,1
0.162049,0.137638,0.12278,0.023295,0.149226,0.846379,0.030156,500,0
0.128441,0.159886,0.169661,0.089483,0.180931,0.81634,0.033681,50,1
0.083766,0.09048,0.068564,0.027759,0.049393,0.894599,0.01362,10,0
0.120395,0.088735,0.021958,0.077364,0.06749,0.87331,0.00366,20,0
0.110739,0.147103,0.137328,0.016017,0.095593,0.830426,0.028803,50,0
0.10677,0.231147,0.101879,0.097507,0.178692,0.779619,0.049222,50,0
0.178845,0.154987,0.186685,0.099152,0.16467,0.808773,0.046204,2000,1
0.095319,0.195979,0.110725,0.061697,0.114298,0.827283,0.035656,50,0
0.104283,0.112877,0.024925,0.025882,0.08785,0.87477,0.006737,200,0
0.151987,0.204178,0.296566,0.061033,0.13198,0.748105,0.024759,500,1
0.120008,0.116249,0.011395,0.087002,0.094866,0.894825,0.014869,200,0
0.173318,0.170142,0.159829,0.045735,0.100285,0.831569,0.018591,2000,0
0.11138,0.117287,0.139715,0.009678,0.012564,0.876638,0.009929,2000,0
0.11872,0.107365,0.127135,0.047194,0.126463,0.852776,0.02824,20,0
0.140733,0.162393,0.02138,0.006123,0.084287,0.883362,0.011646,200,0
0.188964,0.18728,0.086934,0.036021,0.101913,0.798274,0.021692,50,0
0.110467,0.12488,0.124616,0.032634,0.113875,0.87095,0.046177,10,0
0.166008,0.187416,0.321318,0.074989,0.147914,0.739881,0.029891,200,1
0.091304,0.150035,0.192826,0.036355,0.058171,0.827636,0.009639,500,1
0.085483,0.158125,0.076934,0.032736,0.110986,0.83669,0.023752,10,0
0.093903,0.113035,0.104615,0.0158,0.075393,0.879727,0.029096,10,0
0.135763,0.096329,0.109276,0.010686,0.095552,0.861088,0.012825,100,0
0.107281,0.231504,0.275361,0.062303,0.098956,0.712807,0.03217,500,1
0.141067,0.110033,0.142832,0.035894,0.128662,0.852726,0.04488,500,0
0.098577,0.155345,0.178238,0.022446,0.111302,0.793581,0.019488,10,0
0.093225,0.0854,0.102278,0.071244,0.071363,0.870212,0.008934,20,0
0.112303,0.085212,0.050203,0.025507,0.105605,0.910025,0.02865,500,0
0.0562,0.064057,0.063895,0.004217,0.006321,0.938104,0.003334,500,0
0.119412,0.1106,0.083006,0.099158,0.15606,0.87657,0.046198,20,0
0.177659,0.192387,0.223959,0.050919,0.130781,0.793234,0.030149,500,1
0.18518,0.202393,0.251198,0.036732,0.209452,0.740595,0.031901,500,1
0.172678,0.139346,0.086136,0.030722,0.105227,0.816751,0.040773,10,0
0.114935,0.101279,0.137283,0.062958,0.155949,0.886838,0.038203,2000,0
0.175725,0.175383,0.187812,0.083178,0.103376,0.762116,0.021156,10,0
0.111902,0.135785,0.119582,0.013666,0.123762,0.834247,0.024805,20,0
0.149461,0.138319,0.10958,0.049363,0.0439,0.780408,0.025221,100,1
0.036176,0.063478,0.032463,0.008771,0.007347,0.938475,0.00333,10,0
0.131288,0.130623,0.114339,0.006289,0.062258,0.869196,0.005205,20,0
0.129829,0.136507,0.264296,0.120346,0.129413,0.814534,0.058815,20,1
0.128948,0.197836,0.172774,0.073839,0.147407,0.787887,0.037766,20,0
0.206876,0.182844,0.217104,0.047949,0.118526,0.777239,0.030159,200,0
0.194519,0.10499,0.192149,0.008531,0.076095,0.827727,0.018551,50,0
0.165856,0.143363,0.113444,0.03649,0.112397,0.867241,0.017727,100,0
0.144938,0.145178,0.204462,0.066481,0.100319,0.811625,0.021396,500,1
0.143687,0.196919,0.169732,0.010764,0.114705,0.764887,0.024198,50,0
0.190866,0.172275,0.079374,0.008981,0.016358,0.85304,0.004171,500,0
0.179819,0.140258,0.045683,0.056362,0.123833,0.841363,0.032008,10,0
0.184097,0.175463,0.138856,0.063046,0.087915,0.833547,0.009863,50,0
0.116992,0.163296,0.177493,0.070441,0.151257,0.776488,0.026727,10,1
0.149731,0.124031,0.304976,0.016528,0.080745,0.792937,0.019739,500,1
0.134366,0.142398,0.157662,0.185396,0.354339,0.846999,0.0906,100,1
0.134069,0.181619,0.335164,0.055596,0.14642,0.72476,0.025932,50,1
0.110807,0.119822,0.12175,0.039232,0.080668,0.842288,0.016934,10,0
0.184061,0.159643,0.131637,0.035192,0.07865,0.780176,0.02826,10,0
0.128689,0.13578,0.115874,0.044323,0.035357,0.856856,0.012458,100,0
0.173013,0.165074,0.181494,0.116017,0.158749,0.82282,0.072075,200,1
0.107748,0.112412,0.083782,0.060358,0.092204,0.869091,0.031977,100,0
0.145211,0.216293,0.170045,0.083999,0.147329,0.769913,0.041533,200,0
0.097912,0.115076,0.132297,0.101285,0.172475,0.832818,0.053032,2000,0
0.150797,0.158037,0.141573,0.073918,0.121757,0.791239,0.031902,500,0
0.085001,0.072194,0.055224,0.037721,0.087533,0.905745,0.020783,10,0
0.210026,0.234046,0.029672,0.018295,0.097697,0.822995,0.006808,20,0
0.175331,0.172519,0.011564,0.003838,0.078966,0.843615,0.024821,100,0
0.146384,0.248391,0.317392,0.049663,0.102821,0.685382,0.031389,500,1
0.132644,0.160148,0.17636,0.049903,0.137976,0.809731,0.034516,2000,1
0.168023,0.1447,0.049286,0.053885,0.106897,0.849508,0.02766,50,0
0.10423,0.131609,0.078694,0.066737,0.05676,0.878247,0.013897,100,0
0.117083,0.094791,0.081764,0.030224,0.090218,0.857966,0.017933,10,0
0.121298,0.124352,0.020996,0.004731,0.035297,0.867508,0.012587,20,0
0.146238,0.224707,0.22786,0.039253,0.125265,0.759701,0.031468,20,0
0.171352,0.129869,0.055651,0.048662,0.115805,0.843854,0.026376,100,0
0.089954,0.076796,0.084918,0.043573,0.081591,0.866368,0.028147,10,0
0.110809,0.150411,0.090448,0.017117,0.076655,0.878905,0.008653,200,0
0.152679,0.206334,0.191976,0.108244,0.136167,0.767775,0.033825,200,0
0.149423,0.185598,0.154802,0.018956,0.094612,0.847409,0.013052,500,1
0.09765,0.118765,0.089517,0.096073,0.137339,0.887784,0.034589,200,0
0.166186,0.281287,0.017789,0.019621,0.066397,0.741208,0.01688,50,0
0.137141,0.136976,0.159388,0.020999,0.029913,0.838444,0.009005,200,1
0.188774,0.195531,0.248349,0.040461,0.147091,0.73431,0.024346,200,1
0.122457,0.147255,0.095868,0.070089,0.225056,0.84317,0.057777,20,0
0.127395,0.141078,0.127005,0.108242,0.137392,0.867461,0.063757,100,1
0.181516,0.201902,0.276374,0.046339,0.151217,0.714723,0.025672,100,1
0.150272,0.192913,0.25766,0.017282,0.077033,0.787745,0.009991,500,1
0.155188,0.131017,0.023749,0.041001,0.081267,0.866289,0.015715,50,0
0.09162,0.297905,0.160935,0.033254,0.059573,0.762327,0.008722,10,0
0.156618,0.170997,0.2415,0.065918,0.197879,0.758339,0.030641,100,1
0.089261,0.164697,0.084734,0.023578,0.093678,0.853343,0.015152,50,0
0.198374,0.155491,0.243826,0.034283,0.098478,0.740667,0.014175,500,1
0.163142,0.176433,0.231048,0.156919,0.305351,0.771817,0.079246,200,1
0.21506,0.206188,0.101757,0.007086,0.06128,0.783126,0.00312,2000,0
0.133568,0.164793,0.220031,0.035792,0.106785,0.821022,0.011348,10,0
0.172764,0.233612,0.13969,0.073891,0.116025,0.764079,0.059603,200,1
0.125835,0.189995,0.222832,0.026434,0.09127,0.775168,0.020836,10,0
0.103887,0.091032,0.104296,0.037483,0.0704,0.875255,0.021353,10,0
0.191092,0.176423,0.172921,0.116258,0.142465,0.828987,0.029507,50,0
0.192533,0.20728,0.203946,0.074635,0.171862,0.793776,0.029506,500,1
0.151917,0.162011,0.174285,0.085726,0.120271,0.823942,0.031206,100,0
0.097635,0.083265,0.107561,0.046688,0.053208,0.878838,0.020505,100,0
0.113987,0.042644,0.040214,0.022125,0.045674,0.886977,0.01176,100,0
0.171968,0.175848,0.132962,0.050303,0.078765,0.820122,0.008922,10,0
0.102008,0.121,0.101198,0.032823,0.042109,0.869961,0.027747,20,0
0.139759,0.047128,0.0372,0.029852,0.011277,0.887372,0.004068,100,1
0.131346,0.118683,0.141953,0.047443,0.06705,0.858868,0.018213,100,0
0.138044,0.143712,0.120128,0.143141,0.278326,0.864008,0.069559,500,1
0.128823,0.144807,0.029943,0.005528,0.089796,0.878486,0.039699,200,0
0.149063,0.115727,0.260265,0.002347,0.020706,0.755745,0.013141,50,0
0.105813,0.102903,0.080778,0.024943,0.030115,0.908088,0.015016,10,0
0.109062,0.056355,0.063049,0.017804,0.01603,0.913729,0.002112,2000,0
0.084706,0.193719,0.17143,0.048808,0.057972,0.784178,0.031497,500,0
0.088763,0.06974,0.108517,0.004479,0.073197,0.879973,0.026414,20,0
0.147584,0.171382,0.179004,0.063962,0.088675,0.833159,0.020343,100,1
0.128136,0.208534,0.125809,0.03314,0.148598,0.772954,0.013479,2000,0
0.1986,0.150412,0.130325,0.05323,0.1026,0.765573,0.01716,500,0
0.143009,0.151836,0.161714,0.03068,0.109997,0.83266,0.014132,50,0
0.152402,0.165531,0.171365,0.188591,0.3322,0.832941,0.087726,500,1
0.152279,0.170614,0.195373,0.080512,0.147476,0.817301,0.020931,20,1
0.183312,0.235485,0.200665,0.033633,0.136598,0.77572,0.048297,50,0
0.143313,0.175246,0.156442,0.022981,0.052315,0.838235,0.028838,50,1
0.08694,0.111557,0.102496,0.027581,0.067932,0.851859,0.015867,20,0
0.180125,0.207881,0.181319,0.019878,0.03482,0.790909,0.015576,100,1
0.197598,0.231581,0.397542,0.016471,0.124241,0.704712,0.004346,500,1
0.112666,0.08526,0.117918,0.021451,0.03227,0.898889,0.010217,20,0
0.135477,0.140733,0.066425,0.02569,0.022132,0.853704,0.019736,20,0
0.129231,0.128089,0.119767,0.062097,0.127445,0.857055,0.021521,500,1
0.141172,0.161927,0.118246,0.073411,0.115003,0.825458,0.043765,50,0
0.174181,0.176012,0.224661,0.196784,0.347429,0.771909,0.08455,100,1
0.1486,0.200152,0.31092,0.059694,0.099727,0.725345,0.018086,100,1
0.203445,0.120578,0.180502,0.131881,0.131634,0.800465,0.061458,500,1
0.191918,0.219615,0.121111,0.060257,0.105274,0.790545,0.005951,50,0
0.133495,0.14148,0.179844,0.120423,0.250463,0.821629,0.066468,200,1
0.160852,0.173663,0.148337,0.147368,0.22751,0.811415,0.058577,500,0
0.108226,0.189,0.164457,0.007134,0.043459,0.817781,0.00749,500,1
0.158339,0.16861,0.224999,0.103011,0.243875,0.769825,0.058085,100,1
0.1556,0.158462,0.177468,0.052563,0.161169,0.835569,0.01959,500,0
0.133621,0.148658,0.130802,0.182884,0.347407,0.851817,0.100429,10,1
0.103365,0.158274,0.097377,0.016101,0.076811,0.850505,0.024747,10,0
0.132804,0.192606,0.132344,0.027729,0.123939,0.762969,0.020971,10,0
0.116824,0.137965,0.120134,0.0256,0.11355,0.864112,0.021311,50,0
0.090405,0.098214,0.085645,0.073578,0.083551,0.861379,0.041686,50,1
0.14811,0.115167,0.123846,0.094093,0.1154,0.854325,0.053287,50,1
0.118956,0.116961,0.112442,0.067977,0.127251,0.858994,0.026764,200,0
0.118421,0.120299,0.149133,0.113047,0.197199,0.869313,0.04804,20,1
0.114529,0.090995,0.014049,0.027303,0.054931,0.892301,0.015468,20,0
0.324776,0.363584,0.218775,0.039613,0.11014,0.616648,0.026744,500,1
0.115244,0.188212,0.128878,0.044888,0.155414,0.824973,0.013286,2000,0
0.106533,0.101078,0.146055,0.020463,0.119855,0.872711,0.021915,10,0
0.117201,0.143403,0.02395,0.066337,0.100415,0.85402,0.038586,50,0
0.127875,0.114884,0.08168,0.008652,0.10371,0.88336,0.012201,100,0
0.150349,0.085177,0.185675,0.042063,0.031108,0.834009,0.014822,10,0
0.110256,0.087297,0.089989,0.010269,0.050839,0.881394,0.022152,20,0
0.273129,0.301891,0.018023,0.026912,0.047899,0.778187,0.009309,2000,0
0.142056,0.225174,0.18574,0.051888,0.111284,0.790976,0.015727,500,0
0.117449,0.137907,0.175687,0.045672,0.079331,0.841937,0.014622,20,0
0.31545,0.291306,0.053356,0.011309,0.081277,0.764202,0.017433,20,0
0.138558,0.116199,0.155121,0.050399,0.154304,0.850947,0.039703,500,0
0.113107,0.106495,0.115086,0.01029,0.09943,0.895026,0.00328,200,0
0.137222,0.122275,0.287749,0.054149,0.052764,0.768979,0.009025,50,1
0.093942,0.118368,0.071394,0.012797,0.073945,0.88698,0.025575,10,0
0.126961,0.119026,0.019958,0.015893,0.065484,0.878682,0.009932,200,0
0.143952,0.17674,0.1526,0.086499,0.124463,0.815621,0.032586,2000,1
0.187008,0.198956,0.214047,0.030262,0.09848,0.742158,0.014913,500,1
0.184008,0.216412,0.040075,0.008074,0.059041,0.832111,0.013766,10,0
0.172402,0.184872,0.107556,0.177737,0.307442,0.818932,0.090058,500,0
0.245062,0.293488,0.26572,0.03022,0.079767,0.769673,0.032897,50,0
0.103196,0.151681,0.139014,0.059627,0.111746,0.830544,0.027798,20,0
0.179035,0.118763,0.0,0.084203,0.118382,0.795073,0.030932,100,0
0.184827,0.176785,0.194983,0.063579,0.202349,0.806654,0.04257,20,1
0.096948,0.093042,0.111278,0.021506,0.094162,0.895177,0.032476,20,0
0.132956,0.155081,0.126695,0.140829,0.141605,0.858144,0.05751,500,1
0.131542,0.219172,0.212515,0.07917,0.110078,0.791804,0.024626,500,0
0.130747,0.187616,0.094054,0.017967,0.025927,0.811241,0.004395,20,0
0.127229,0.225586,0.105776,0.067998,0.133878,0.765065,0.029337,50,0
0.160557,0.207172,0.235367,0.058244,0.21967,0.766685,0.047801,500,1
0.167829,0.204469,0.108557,0.035033,0.099602,0.814548,0.015726,200,0
0.219447,0.233803,0.241425,0.085652,0.137651,0.766166,0.061897,50,0
0.099597,0.139244,0.180301,0.027369,0.070903,0.84962,0.020315,10,0
0.183931,0.189179,0.176352,0.076926,0.183044,0.779784,0.039523,200,1
0.148863,0.216106,0.129309,0.032245,0.132837,0.788048,0.033203,20,0
0.090243,0.119895,0.085691,0.024351,0.062738,0.893303,0.003563,20,0
0.128463,0.11847,0.073804,0.040556,0.161202,0.895688,0.017922,10,0
0.112513,0.101462,0.053065,0.009006,0.044023,0.878101,0.005444,20,0
0.170411,0.252518,0.041148,0.031188,0.116474,0.740521,0.018895,100,0
0.16378,0.203586,0.282605,0.161378,0.302598,0.749236,0.075899,100,1
0.137137,0.146197,0.152445,0.106151,0.106876,0.841459,0.050678,20,1
0.258049,0.267334,0.164373,0.00863,0.083545,0.748466,0.02875,50,0
0.134728,0.15459,0.212878,0.046077,0.131983,0.806264,0.038878,500,1
0.113463,0.072671,0.072414,0.016807,0.029782,0.841436,0.007898,100,0
0.093998,0.10788,0.096879,0.055564,0.096496,0.844036,0.030872,20,0
0.197103,0.157182,0.12815,0.025415,0.120933,0.779974,0.016208,50,0
0.253792,0.213691,0.130409,0.052706,0.08232,0.801518,0.003858,10,0
0.241905,0.232026,0.338844,0.028914,0.083641,0.700805,0.020023,50,0
0.168991,0.172812,0.006386,0.021963,0.082626,0.858257,0.004455,20,0
0.150236,0.162307,0.018684,0.092759,0.124831,0.832028,0.012509,100,0
0.15735,0.205814,0.190345,0.035432,0.108207,0.802064,0.007481,100,0
0.144379,0.158124,0.081567,0.128001,0.186569,0.858296,0.067281,20,0
0.092951,0.078235,0.366593,0.029138,0.03758,0.727726,0.021786,500,1
0.131665,0.185031,0.284729,0.051965,0.108263,0.731823,0.019782,10,1
0.139431,0.238282,0.124086,0.008266,0.066939,0.865626,0.014817,200,0
0.123964,0.127183,0.137898,0.008057,0.093343,0.85301,0.031432,50,0
0.084777,0.083581,0.076324,0.018032,0.035482,0.886948,0.013361,10,0
0.137412,0.148091,0.149824,0.132902,0.224552,0.821431,0.064115,50,0
0.148738,0.1379,0.133927,0.066432,0.058265,0.823911,0.015805,100,1
0.142225,0.079479,0.12995,0.00515,0.117614,0.84925,0.035255,500,0
0.152247,0.150117,0.124899,0.031378,0.059194,0.824962,0.005647,10,0
0.13776,0.143672,0.185832,0.111631,0.16533,0.813833,0.053497,200,0
0.19998,0.185794,0.158194,0.139905,0.219824,0.785162,0.070111,500,0
0.154356,0.143598,0.069669,0.033403,0.12281,0.870065,0.031044,500,0
0.19344,0.244838,0.203281,0.041359,0.135034,0.784976,0.03386,50,0
0.126937,0.121672,0.1262,0.007311,0.055034,0.879583,0.015429,500,0
0.112388,0.096629,0.09646,0.115439,0.17558,0.853752,0.0303,2000,0
0.123966,0.135224,0.107176,0.047552,0.128562,0.845714,0.032299,10,0
0.161631,0.19298,0.165997,0.122255,0.219573,0.816895,0.062635,200,1
0.263156,0.297892,0.186835,0.07347,0.131985,0.756652,0.021541,200,0
0.09748,0.115601,0.112733,0.040153,0.10939,0.879543,0.019708,2000,1
0.142769,0.139815,0.096184,0.095227,0.186957,0.836004,0.04405,200,0
0.110754,0.144855,0.169606,0.06137,0.066679,0.844994,0.017055,500,1
0.137076,0.11084,0.077903,0.035624,0.023238,0.86116,0.014143,500,1
0.149072,0.190017,0.292844,0.051719,0.074606,0.718764,0.016308,500,1
0.138053,0.156899,0.127319,0.02023,0.020351,0.859268,0.017149,2000,0
0.201772,0.179914,0.145844,0.042993,0.13943,0.805083,0.044323,500,0
0.159673,0.186543,0.067894,0.048978,0.094695,0.83424,0.012247,500,1
0.133199,0.234779,0.143147,0.016401,0.079096,0.699513,0.012584,500,1
0.044932,0.076042,0.107009,0.044161,0.073296,0.895891,0.00522,20,0
0.248842,0.232499,0.202594,0.063214,0.13272,0.743691,0.025724,50,0
0.123122,0.105269,0.110724,0.008303,0.075286,0.876892,0.022633,200,0
0.179267,0.252612,0.047455,0.002354,0.217212,0.745411,0.02974,10,0
0.15945,0.148874,0.126997,0.047524,0.121015,0.846073,0.056699,50,0
0.120608,0.087783,0.053274,0.045741,0.07131,0.80345,0.016846,20,0
0.069331,0.26667,0.200047,0.020796,0.07986,0.733659,0.022145,100,0
0.113775,0.09101,0.146367,0.038394,0.128504,0.842583,0.040835,50,0
0.170849,0.147188,0.048292,0.019316,0.059754,0.883999,0.018538,100,1
0.145252,0.132705,0.022114,0.046207,0.127177,0.866147,0.010525,20,0
0.1186,0.138058,0.112217,0.10721,0.192798,0.855135,0.03594,2000,1
0.146228,0.1597,0.155176,0.029585,0.128195,0.797385,0.047898,20,0
0.075077,0.097782,0.159954,0.044472,0.068235,0.827818,0.033989,50,0
0.172422,0.212243,0.040912,0.057773,0.096829,0.80687,0.009498,10,0
0.182486,0.176819,0.109294,0.10891,0.216857,0.816345,0.051611,500,1
0.141482,0.169476,0.125968,0.004572,0.105671,0.815851,0.017502,10,0
0.094534,0.170062,0.056536,0.051183,0.103346,0.808118,0.022841,50,0
0.142511,0.223538,0.139876,0.012436,0.080366,0.694424,0.011737,500,1
0.148602,0.244476,0.11423,0.075909,0.117163,0.763615,0.023248,20,0
0.100609,0.230042,0.179324,0.017026,0.070887,0.783347,0.008054,20,0
0.088987,0.151789,0.151516,0.049524,0.074636,0.808473,0.024077,10,0
0.154505,0.181946,0.137573,0.092431,0.111261,0.785908,0.035012,500,0
0.128815,0.208342,0.170797,0.060635,0.143542,0.780658,0.035146,500,0
0.150584,0.159962,0.208365,0.154971,0.25932,0.805909,0.06392,50,1
0.177844,0.169842,0.127801,0.153356,0.224069,0.719285,0.057891,500,0
0.133663,0.154063,0.129911,0.064944,0.215173,0.788377,0.054561,10,1
0.096562,0.085694,0.020384,0.017142,0.045217,0.872944,0.015346,200,0
0.11547,0.103078,0.063644,0.036007,0.108405,0.89521,0.005725,50,0
0.134364,0.133564,0.107979,0.016569,0.150793,0.853393,0.036795,500,0
0.153845,0.166697,0.121117,0.005427,0.071876,0.83768,0.024031,20,0
0.123713,0.137141,0.124183,0.13021,0.139657,0.870473,0.048207,10,1
0.175334,0.184503,0.14989,0.004873,0.117516,0.837137,0.00498,2000,0
0.110566,0.094706,0.131113,0.075598,0.101124,0.869268,0.030779,20,0
0.160833,0.179593,0.119577,0.076771,0.119943,0.800943,0.023557,100,0
0.189786,0.231719,0.050916,0.018295,0.115829,0.78232,0.013206,20,0
0.201954,0.225273,0.242876,0.027623,0.097102,0.777218,0.029827,2000,0
0.137356,0.175808,0.206043,0.053468,0.130818,0.808703,0.022454,10,0
0.190576,0.301194,0.065194,0.024179,0.024678,0.768019,0.008977,10,0
0.096829,0.097058,0.107456,0.023221,0.060576,0.888226,0.01571,10,0
0.197045,0.161755,0.17279,0.063751,0.061175,0.80071,0.034165,500,1
0.109571,0.207351,0.1728,0.087892,0.120861,0.786654,0.030811,10,0
0.157265,0.098773,0.205357,0.009777,0.038374,0.839348,0.007147,20,0
0.112669,0.130428,0.11797,0.00549,0.027072,0.854343,0.009461,20,0
0.171662,0.158874,0.125046,0.015523,0.080544,0.844687,0.007927,200,0
0.121279,0.120603,0.112222,0.090224,0.160939,0.854884,0.040415,2000,0
0.118413,0.113814,0.09385,0.018173,0.029179,0.897084,0.013276,50,0
0.169088,0.137945,0.130217,0.005844,0.134179,0.828108,0.03637,500,0
0.142979,0.154986,0.107237,0.080414,0.147295,0.832174,0.039615,50,0
0.086814,0.191447,0.138073,0.058794,0.0985,0.808069,0.024154,50,0
0.125706,0.137288,0.131229,0.096854,0.111426,0.868254,0.050251,10,1
0.103856,0.103471,0.100547,0.077171,0.091742,0.899894,0.044109,100,1
0.152975,0.233472,0.294114,0.080345,0.142727,0.736093,0.022221,500,1
0.14566,0.12287,0.1228,0.055994,0.125914,0.855739,0.035367,20,0
0.088863,0.09763,0.137087,0.009175,0.075907,0.882461,0.015695,10,0
0.084217,0.144044,0.163862,0.085302,0.09865,0.843077,0.046604,50,1
0.136476,0.10514,0.138175,0.088501,0.117031,0.786901,0.050908,50,1
0.145045,0.293011,0.246611,0.035522,0.118521,0.705052,0.025335,20,0
0.091105,0.164157,0.216126,0.019952,0.138281,0.781534,0.05913,20,0
0.188874,0.183068,0.168591,0.073517,0.1706,0.779024,0.034866,50,1
0.190966,0.172414,0.203593,0.126956,0.132962,0.792707,0.069031,20,1
0.023767,0.052336,0.206738,0.023265,0.012007,0.883835,0.003018,2000,0
0.187418,0.229361,0.226766,0.020847,0.09746,0.76937,0.01793,100,0
0.150317,0.192125,0.300342,0.088589,0.155813,0.747147,0.046565,500,1
0.095298,0.091156,0.128869,0.023905,0.075309,0.850382,0.017251,20,0
0.163874,0.182715,0.19254,0.089022,0.183321,0.791945,0.029232,500,1
0.061059,0.091405,0.225603,0.021659,0.050456,0.86052,0.030609,200,0
0.178048,0.104683,0.162311,0.020698,0.117541,0.843406,0.02366,200,0
0.22863,0.13841,0.183672,0.037195,0.107831,0.765991,0.034455,50,0
0.068216,0.078689,0.077792,0.013773,0.011123,0.921656,0.006404,10,0
0.107799,0.135732,0.115986,0.087246,0.100606,0.846724,0.041087,50,1
0.125375,0.112444,0.101599,0.007959,0.084549,0.880946,0.03082,100,0
0.1655,0.253069,0.075455,0.090404,0.138954,0.770719,0.020968,20,0
0.084689,0.150176,0.079893,0.067586,0.091136,0.867852,0.028406,50,0
0.154996,0.131135,0.142149,0.029842,0.179741,0.823685,0.012162,100,0
0.102813,0.114329,0.127207,0.026255,0.056808,0.864145,0.030601,50,1
0.066962,0.06339,0.056587,0.034399,0.058137,0.927856,0.030491,20,0
0.109057,0.092869,0.022472,0.067198,0.102831,0.894454,0.009706,200,0
0.142491,0.222328,0.194048,0.060779,0.123193,0.778925,0.032524,200,0
0.157571,0.164532,0.154844,0.074441,0.107606,0.84419,0.050464,50,1
0.252051,0.211704,0.137552,0.015106,0.09871,0.731322,0.018459,2000,0
0.128969,0.18212,0.19842,0.012711,0.120126,0.805329,0.030663,2000,0
0.08539,0.181338,0.219849,0.056968,0.090572,0.758683,0.018198,500,1
0.088204,0.24108,0.182311,0.045209,0.120243,0.743041,0.044038,500,1
0.109913,0.097352,0.083682,0.034593,0.084529,0.907882,0.02107,50,0
0.186426,0.243457,0.180468,0.022872,0.148887,0.759931,0.023422,200,0
0.136957,0.079607,0.020339,0.004762,0.074163,0.870911,0.015047,20,0
0.194226,0.203048,0.293579,0.155083,0.2971,0.751046,0.069987,20,1
0.126853,0.126615,0.125154,0.008571,0.117477,0.873983,0.016069,20,0
0.11954,0.166235,0.019718,0.022934,0.093788,0.865995,0.02473,100,0
0.169182,0.173672,0.123082,0.038233,0.125803,0.840271,0.022971,50,1
0.120148,0.219515,0.171143,0.01512,0.097339,0.801639,0.010377,20,0
0.145913,0.218264,0.23076,0.058183,0.100038,0.689626,0.027193,500,1
0.123051,0.193308,0.32216,0.052293,0.105296,0.71569,0.019082,50,1
0.138545,0.191263,0.167976,0.050805,0.108358,0.801043,0.023718,500,0
0.063338,0.077467,0.06349,0.020554,0.020376,0.923956,0.018563,100,0
0.081257,0.125115,0.08543,0.009133,0.014145,0.87282,0.005246,2000,0
0.108454,0.179317,0.176418,0.134603,0.148444,0.816719,0.032404,20,0
0.249916,0.213126,0.148943,0.037931,0.106384,0.778372,0.026877,2000,0
0.115032,0.09109,0.146113,0.016954,0.081776,0.860231,0.022149,10,0
0.109886,0.101395,0.125528,0.024613,0.075171,0.872741,0.017241,10,0
0.183359,0.18604,0.243648,0.040694,0.190662,0.734319,0.024738,50,1
0.047296,0.163658,0.149012,0.017338,0.058967,0.814635,0.007633,100,0
0.138492,0.138375,0.099376,0.118965,0.205337,0.864695,0.054233,10,0
0.112366,0.152432,0.185468,0.089149,0.167678,0.805161,0.036973,10,0
0.130351,0.167633,0.121299,0.008657,0.106121,0.859863,0.006108,50,0
0.185376,0.247387,0.14517,0.032035,0.09368,0.771899,0.019922,10,0
0.141149,0.154427,0.059006,0.026942,0.101858,0.889956,0.013997,50,0
0.177449,0.246356,0.013672,0.002265,0.204137,0.753051,0.024062,2000,0
0.196239,0.207399,0.203842,0.046826,0.115026,0.791042,0.020759,100,1
0.115548,0.157035,0.144455,0.01807,0.078614,0.848884,0.009451,20,0
0.122929,0.153897,0.007758,0.006062,0.100445,0.871569,0.02901,50,0
0.200646,0.160809,0.084916,0.087521,0.125039,0.772089,0.025037,50,0
0.136232,0.111731,0.123217,0.027119,0.089948,0.847696,0.01572,100,0
0.13525,0.142943,0.125987,0.072653,0.173817,0.855126,0.045425,200,0
0.265593,0.214792,0.040189,0.001502,0.042015,0.674112,0.010449,2000,0
0.157242,0.289555,0.266734,0.039044,0.113143,0.638713,0.031442,500,1
0.158187,0.189976,0.129013,0.052819,0.114916,0.822902,0.014819,50,0
0.055874,0.13015,0.201904,0.019613,0.064869,0.815773,0.011862,100,0
0.146441,0.124626,0.218465,0.143356,0.214495,0.761419,0.041763,200,1
0.158474,0.126697,0.110079,0.038822,0.111828,0.836672,0.040991,10,0
0.177075,0.279201,0.117278,0.033151,0.127973,0.737774,0.017096,50,0
0.103074,0.109762,0.094836,0.028919,0.103416,0.896842,0.010624,200,0
0.125667,0.123713,0.183543,0.200797,0.336708,0.802933,0.083611,50,1
0.192298,0.191543,0.231873,0.035949,0.090174,0.805771,0.025015,500,0
0.138978,0.11671,0.118644,0.078663,0.13393,0.880276,0.003874,20,0
0.128214,0.115876,0.153188,0.125573,0.126952,0.855316,0.054869,500,1
0.172716,0.177726,0.075918,0.111137,0.220292,0.819648,0.04691,500,1
0.144922,0.19213,0.11916,0.031253,0.082872,0.861643,0.024076,10,0
0.169637,0.187318,0.04845,0.055383,0.059209,0.834224,0.025131,100,0
0.136393,0.206258,0.255775,0.044301,0.06208,0.742261,0.015777,500,1
0.097339,0.040516,0.139131,0.005149,0.096491,0.882859,0.021457,20,0
0.103521,0.12399,0.120511,0.119325,0.229232,0.877101,0.061453,500,1
0.135062,0.166001,0.060432,0.057945,0.115581,0.877082,0.015487,100,0
0.135616,0.189862,0.147287,0.095307,0.13751,0.801273,0.038037,100,0
0.143719,0.165652,0.308521,0.072035,0.173544,0.700882,0.026955,500,1
0.193424,0.165762,0.110552,0.009972,0.075859,0.810303,0.030931,20,0
0.114427,0.239589,0.161147,0.076458,0.138252,0.745858,0.023068,500,0
0.209877,0.205051,0.13144,0.067695,0.065361,0.803352,0.023491,200,1
0.160509,0.093342,0.155028,0.067507,0.062753,0.837764,0.022969,200,1
0.100148,0.094061,0.134101,0.052893,0.101541,0.81284,0.031314,50,0
0.131055,0.116231,0.265175,0.058863,0.067078,0.804765,0.017639,200,0
0.139488,0.158097,0.084509,0.024738,0.099166,0.853938,0.024568,50,0
0.077007,0.081296,0.045485,0.030862,0.06039,0.872158,0.004431,100,0
0.113755,0.185881,0.133976,0.117277,0.148401,0.823153,0.033581,200,0
0.165608,0.211327,0.334971,0.058093,0.147069,0.727979,0.031902,200,1
0.191732,0.211614,0.242128,0.022308,0.131801,0.756331,0.029104,2000,0
0.129992,0.122096,0.132549,0.02727,0.066586,0.843409,0.029113,10,1
0.119142,0.126953,0.155272,0.003717,0.060229,0.84353,0.015805,10,0
0.137106,0.07705,0.009904,0.01089,0.02139,0.886111,0.005786,20,0
0.119766,0.092657,0.095682,0.096872,0.128719,0.838807,0.032842,100,0
0.219849,0.189761,0.214554,0.158635,0.213618,0.807193,0.025413,20,0
0.204781,0.126435,0.183453,0.081613,0.103821,0.787553,0.033153,10,0
0.135339,0.129248,0.125111,0.079663,0.138179,0.865061,0.028792,50,0
0.056501,0.155939,0.116619,0.00998,0.028096,0.851395,0.005782,2000,0
0.120219,0.150048,0.204415,0.060956,0.214686,0.799281,0.035645,100,1
0.266329,0.231347,0.126289,0.049927,0.119996,0.773501,0.010892,50,0
0.136871,0.142694,0.041764,0.060584,0.033952,0.872743,0.016652,10,1
0.134316,0.162337,0.070206,0.034789,0.10424,0.849749,0.015362,200,0
0.126682,0.143003,0.098828,0.006747,0.101067,0.875941,0.018942,200,0
0.11623,0.180331,0.142351,0.035064,0.057175,0.806705,0.016662,100,0
0.115233,0.198319,0.127181,0.066506,0.099364,0.787806,0.024319,10,0
0.142562,0.238478,0.232979,0.067203,0.108393,0.65794,0.020581,500,1
0.087045,0.091461,0.098023,0.027744,0.030484,0.894121,0.013873,10,1
0.062365,0.057993,0.053997,0.017675,0.012952,0.819809,0.008815,10,1
0.075258,0.071407,0.041736,0.007709,0.006852,0.934218,0.002905,500,0
0.125862,0.099095,0.164648,0.05584,0.032347,0.858386,0.014189,100,1
0.210418,0.215469,0.202015,0.106373,0.177514,0.798856,0.048235,50,0
0.123357,0.146878,0.127557,0.111485,0.192678,0.845165,0.035699,100,0
0.134221,0.127418,0.148562,0.0642,0.065772,0.833829,0.040345,100,1
0.190341,0.201371,0.148467,0.053993,0.189784,0.816205,0.02582,200,1
0.135437,0.335865,0.130884,0.068462,0.183245,0.630665,0.022059,50,0
0.062888,0.073939,0.057954,0.046948,0.075816,0.903798,0.021786,20,0
0.13421,0.108483,0.116253,0.035255,0.060038,0.871923,0.026151,10,0
0.197949,0.20881,0.235299,0.085996,0.206128,0.777727,0.048382,100,1
0.142172,0.157813,0.251814,0.096496,0.148821,0.738343,0.019723,10,1
0.15066,0.189578,0.150589,0.056234,0.147294,0.799964,0.017812,50,0
0.183615,0.193129,0.157701,0.059834,0.17833,0.822238,0.025697,200,1
0.1206,0.122472,0.229684,0.046437,0.140136,0.803542,0.036134,200,0
0.102129,0.101819,0.048144,0.046957,0.101756,0.869253,0.021652,100,0
0.145723,0.161237,0.134182,0.019813,0.057271,0.844851,0.019509,100,0
0.123037,0.192812,0.062529,0.02096,0.093787,0.845577,0.007332,2000,0
0.114071,0.164419,0.312856,0.041059,0.059507,0.743909,0.015384,50,1
0.201758,0.201542,0.151092,0.121137,0.250251,0.785478,0.062341,500,0
0.150181,0.132972,0.043802,0.01385,0.041873,0.852767,0.01835,50,0
0.185895,0.218556,0.222286,0.034664,0.11837,0.756301,0.010803,2000,0
0.163472,0.183232,0.193996,0.014766,0.128242,0.816809,0.014204,200,0
0.132405,0.149008,0.150976,0.044959,0.09848,0.796784,0.03071,50,0
0.132029,0.222962,0.171114,0.037347,0.095662,0.805082,0.025375,2000,0
0.146129,0.183414,0.04825,0.010964,0.087561,0.690467,0.017483,2000,0
0.174671,0.139718,0.359803,0.029492,0.061084,0.768112,0.017861,20,1
0.097647,0.161053,0.112989,0.132273,0.135137,0.866064,0.048587,500,1
0.170158,0.081199,0.313821,0.116457,0.129942,0.78167,0.05299,500,1
0.209801,0.221208,0.198862,0.074842,0.217455,0.781514,0.033663,100,1
0.15844,0.18501,0.020785,0.051241,0.122451,0.80318,0.015746,10,0
0.143121,0.19235,0.122864,0.061872,0.120789,0.79103,0.00876,500,0
0.102028,0.091257,0.098212,0.024191,0.073469,0.906244,0.013642,20,0
0.088167,0.106902,0.143511,0.003838,0.075388,0.860481,0.013812,10,0
0.084993,0.06469,0.103111,0.047447,0.073873,0.909049,0.002449,200,0
0.122528,0.134011,0.153598,0.097363,0.190165,0.860395,0.034941,100,0
0.1892,0.193879,0.175016,0.054315,0.168752,0.821815,0.028426,50,1
0.104847,0.097534,0.080324,0.083556,0.109889,0.883895,0.044051,100,0
0.15879,0.112352,0.211284,0.016537,0.103948,0.791994,0.024183,10,0
0.118875,0.152381,0.193985,0.151599,0.31667,0.806413,0.080129,10,1
0.160556,0.210198,0.186824,0.063145,0.098284,0.758268,0.017103,50,0
0.09184,0.108598,0.097187,0.036397,0.051404,0.8902,0.018789,20,0
0.161275,0.119826,0.170378,0.105371,0.123158,0.828344,0.056942,20,1
0.119174,0.1605,0.247377,0.040844,0.056186,0.744163,0.013872,10,1
0.148942,0.212294,0.157051,0.092729,0.208085,0.801117,0.046965,500,0
0.047436,0.047491,0.053786,0.017923,0.01564,0.912104,0.011609,10,0
0.105961,0.078317,0.080359,0.032774,0.086168,0.921489,0.015165,500,0
0.192941,0.229486,0.047031,0.034428,0.102215,0.806538,0.012127,2000,0
0.185183,0.345663,0.360775,0.061249,0.177276,0.64372,0.039959,500,0
0.130893,0.077005,0.151784,0.020031,0.01266,0.821393,0.011741,50,0
0.132393,0.194476,0.302897,0.106788,0.185108,0.749268,0.03502,10,1
0.209063,0.181901,0.04978,0.06747,0.125197,0.791699,0.027653,500,0
0.123933,0.10812,0.125991,0.007014,0.123256,0.86582,0.01431,20,0
0.135808,0.129436,0.136664,0.090047,0.182364,0.835175,0.049044,100,0
0.111983,0.078659,0.017507,0.100029,0.117988,0.858982,0.027542,100,0
0.164611,0.182111,0.279556,0.162543,0.330686,0.713856,0.057825,100,1
0.112978,0.174573,0.108476,0.067838,0.099315,0.837407,0.034073,50,0
0.144196,0.146301,0.08828,0.096071,0.114278,0.881592,0.050501,50,1
0.123844,0.12896,0.052536,0.03178,0.021411,0.875433,0.008693,50,0
0.134215,0.141796,0.123681,0.009396,0.08079,0.844125,0.007374,20,0
0.068203,0.071837,0.077904,0.05437,0.044294,0.92393,0.021237,100,1
0.212351,0.183854,0.10258,0.012405,0.097417,0.826677,0.02442,10,0
0.149792,0.13535,0.131085,0.006249,0.112101,0.85802,0.019417,20,0
0.100443,0.095617,0.10118,0.058191,0.077438,0.888753,0.005495,20,0
0.124532,0.145901,0.039781,0.057193,0.074417,0.836689,0.003254,20,0
0.079425,0.073326,0.20435,0.054111,0.092913,0.866955,0.042844,100,0
0.159897,0.143172,0.127068,0.106467,0.200775,0.835802,0.045993,200,0
0.181048,0.187582,0.161253,0.077362,0.200546,0.820309,0.032053,500,1
0.157879,0.177744,0.224422,0.099034,0.299135,0.791038,0.063177,100,1
0.143758,0.108982,0.006057,0.010852,0.111882,0.866392,0.009015,20,0
0.135334,0.147725,0.198191,0.137625,0.304998,0.800532,0.076498,500,1
0.12616,0.103483,0.154907,0.033524,0.104097,0.846635,0.030812,100,0
0.091697,0.089721,0.098618,0.006528,0.02914,0.902124,0.003259,500,1
0.120525,0.153023,0.112731,0.00603,0.085144,0.869317,0.00828,20,0
0.086628,0.10083,0.107386,0.031327,0.06666,0.888817,0.020996,20,0
0.158683,0.231265,0.177073,0.016837,0.103559,0.802168,0.016887,50,0
0.106414,0.108246,0.09113,0.007289,0.105477,0.888511,0.017092,200,0
0.173523,0.197021,0.146156,0.050979,0.074758,0.789851,0.014018,10,0
0.113974,0.13007,0.11657,0.082653,0.15283,0.862091,0.027182,500,0
0.17031,0.173994,0.00881,0.015055,0.079089,0.859896,0.005442,20,0
0.170246,0.210355,0.329093,0.048541,0.119587,0.7393,0.018283,500,0
0.073427,0.105786,0.098559,0.010853,0.060357,0.864129,0.009307,10,0
0.088457,0.156926,0.126952,0.071423,0.122834,0.808128,0.033906,200,0
0.136672,0.134469,0.215114,0.01834,0.146275,0.793105,0.027691,10,1
0.190663,0.181054,0.12519,0.034603,0.131947,0.724851,0.037049,500,1
0.173855,0.247198,0.231952,0.012911,0.084743,0.734627,0.007968,20,0
0.089712,0.102261,0.229247,0.066281,0.064714,0.72001,0.0201,10,0
0.201615,0.186346,0.159698,0.029533,0.111822,0.822177,0.028386,10,0
0.168108,0.172296,0.240137,0.132755,0.13409,0.801646,0.060452,200,1
0.133873,0.172299,0.124177,0.113049,0.149477,0.821615,0.032353,50,0
0.36264,0.244215,0.0,0.041444,0.128176,0.655113,0.022986,200,0
0.094778,0.109671,0.14091,0.029715,0.043257,0.851135,0.021948,200,1
0.113212,0.159602,0.110146,0.079487,0.13153,0.826643,0.0318,10,0
0.171744,0.210074,0.178206,0.065075,0.150223,0.800581,0.0408,200,1
0.119581,0.193204,0.061069,0.00528,0.017038,0.837262,0.007218,100,1
0.260015,0.244169,0.154606,0.062643,0.164773,0.787369,0.04279,2000,0
0.159183,0.172849,0.140272,0.110003,0.125106,0.834851,0.057213,50,1
0.119372,0.223613,0.238453,0.018938,0.135998,0.752587,0.038338,2000,0
0.24753,0.34817,0.276266,0.018151,0.084995,0.644405,0.01243,500,1
0.152466,0.136533,0.080568,0.015899,0.126563,0.867031,0.030804,500,0
0.180038,0.150079,0.324646,0.050674,0.066638,0.737562,0.014249,20,0
0.124371,0.118792,0.102596,0.08799,0.162211,0.86601,0.048848,200,0
0.171057,0.207154,0.147305,0.047045,0.16744,0.800564,0.028231,2000,1
0.148585,0.149244,0.138043,0.094199,0.223417,0.834743,0.060723,200,0
0.168957,0.185707,0.214491,0.069731,0.134032,0.772515,0.025931,500,1
0.113482,0.155225,0.143405,0.023137,0.063984,0.808495,0.014271,500,1
0.165714,0.230414,0.114819,0.110652,0.167606,0.767921,0.034109,20,0
0.23456,0.22013,0.17523,0.044531,0.103653,0.785207,0.027631,200,1
0.165565,0.182635,0.129384,0.035896,0.135184,0.832096,0.024815,500,0
0.126566,0.197029,0.324327,0.056678,0.141482,0.713175,0.02406,50,1
0.125385,0.19598,0.13128,0.065644,0.104268,0.809663,0.028438,50,0
0.108756,0.129822,0.12575,0.05612,0.131305,0.864481,0.043016,100,0
0.175364,0.200293,0.23462,0.053857,0.17598,0.773327,0.024582,50,1
0.073408,0.080055,0.049158,0.025716,0.035208,0.916189,0.014184,20,0
0.09452,0.098112,0.110789,0.00893,0.010396,0.892124,0.008726,2000,0
0.16206,0.188108,0.330807,0.023971,0.14372,0.678926,0.020633,100,1
0.159087,0.187772,0.024044,0.024015,0.087392,0.82236,0.012119,500,1
0.193905,0.212218,0.236902,0.030462,0.128282,0.794129,5.5e-05,10,0
0.198443,0.221221,0.025825,0.053641,0.090255,0.840285,0.010571,50,0
0.094943,0.120865,0.113828,0.012031,0.06678,0.836589,0.020398,20,0
0.213658,0.215136,0.314133,0.016204,0.099977,0.746258,0.035061,200,0
0.159656,0.189874,0.240741,0.024348,0.106444,0.765216,0.020711,20,0
0.14172,0.240752,0.329902,0.019679,0.116531,0.710182,0.006112,500,1
0.280599,0.275132,0.111752,0.0,0.042879,0.739058,0.014531,2000,0
0.22654,0.260175,0.042219,0.040824,0.110246,0.79502,0.018166,500,0
0.184799,0.181469,0.163299,0.122373,0.25251,0.807057,0.046605,2000,0
0.113585,0.085304,0.164526,0.041437,0.113449,0.847791,0.02687,100,0
0.10053,0.115085,0.097412,0.096533,0.132487,0.831627,0.033651,100,0
0.189579,0.188588,0.146374,0.061753,0.094574,0.806099,0.038853,500,0
0.147965,0.227275,0.091159,0.054002,0.112621,0.747315,0.027451,500,0
0.16756,0.301458,0.276682,0.024302,0.03979,0.705041,0.008104,500,1
0.165264,0.251738,0.043127,0.031381,0.116975,0.762083,0.010865,20,0
0.159699,0.175906,0.065857,0.028081,0.077676,0.866057,0.015531,500,1
0.090224,0.150792,0.086351,0.042275,0.101045,0.818227,0.022053,100,0
0.149198,0.130357,0.114618,0.020565,0.122715,0.861845,0.008017,100,0
0.10812,0.254725,0.216394,0.0292,0.124036,0.761736,0.01504,100,0
0.122292,0.105167,0.110099,0.02341,0.081408,0.836294,0.015347,20,0
0.170919,0.149335,0.349013,0.006956,0.201221,0.652667,0.0217,20,1
0.144107,0.157593,0.138828,0.013876,0.031548,0.831837,0.013774,2000,0
0.233996,0.255093,0.233233,0.037315,0.16618,0.715371,0.005197,2000,0
0.157749,0.179208,0.191984,0.140176,0.271662,0.811486,0.072368,100,1
0.14844,0.181784,0.209645,0.040308,0.213987,0.82094,0.018223,200,0
0.194096,0.242114,0.013073,0.002269,0.228261,0.741248,0.030301,500,0
0.147552,0.135688,0.047128,0.009343,0.05537,0.887994,0.018986,20,0
0.100499,0.097378,0.129879,0.00795,0.056646,0.900945,0.003929,50,0
0.05565,0.073508,0.132148,0.018267,0.027763,0.903367,0.011665,500,0
0.149439,0.151877,0.15958,0.136081,0.162381,0.84014,0.073512,50,1
0.173957,0.2178,0.209703,0.031152,0.109133,0.742694,0.029668,2000,0
0.115894,0.139752,0.148746,0.041508,0.113709,0.82945,0.028983,500,0
0.138934,0.154687,0.175919,0.07561,0.240699,0.830922,0.049358,100,1
0.092634,0.07746,0.097924,0.031644,0.091036,0.879992,0.019301,10,0
0.163791,0.154699,0.252547,0.100977,0.169037,0.721302,0.020027,10,1
0.096555,0.070899,0.16551,0.017807,0.012102,0.878802,0.008949,2000,0
0.114181,0.102637,0.100905,0.011094,0.011217,0.898752,0.010565,50,1
0.137054,0.298196,0.225744,0.030316,0.102969,0.728236,0.019313,20,0
0.074451,0.056934,0.057142,0.042018,0.065965,0.929303,0.017158,10,0
0.164916,0.116311,0.070743,0.021075,0.058748,0.826186,0.014833,100,0
0.078132,0.087851,0.141669,0.018587,0.074545,0.863833,0.022423,20,0
0.126569,0.19703,0.325927,0.062098,0.141477,0.713178,0.024048,50,1
0.136535,0.088607,0.11414,0.060549,0.047593,0.869908,0.006829,20,0
0.140568,0.199103,0.337829,0.055251,0.214442,0.698156,0.044284,50,1
0.134391,0.196112,0.203215,0.09066,0.171555,0.784952,0.021664,500,0
0.115089,0.14481,0.085333,0.014186,0.101655,0.857777,0.016996,50,0
0.139776,0.155593,0.124648,0.070792,0.115748,0.859143,0.006061,500,0
0.136928,0.154472,0.069553,0.056648,0.095494,0.788683,0.026625,10,0
0.129201,0.153917,0.116528,0.032657,0.089256,0.796587,0.013876,500,1
0.120294,0.157467,0.131149,0.073878,0.147435,0.800731,0.049465,100,0
0.203065,0.233961,0.371729,0.029948,0.089524,0.690926,0.012289,500,1
0.156997,0.251892,0.273724,0.051943,0.061854,0.732052,0.007101,50,0
0.099458,0.084918,0.074005,0.020853,0.073325,0.865708,0.01926,10,0
0.19034,0.22057,0.132978,0.183978,0.280683,0.796173,0.081769,500,0
0.173497,0.147016,0.144142,0.154573,0.256623,0.828303,0.047438,100,0
0.169413,0.14312,0.018542,0.070895,0.116292,0.815086,0.01778,100,0
0.155216,0.152152,0.15107,0.020876,0.017304,0.841289,0.015869,100,1
0.150699,0.175407,0.059853,0.011627,0.110907,0.854688,0.018137,20,0
0.235151,0.224805,0.216991,0.105964,0.176271,0.723028,0.061222,500,0
0.216543,0.289295,0.230993,0.063435,0.133232,0.774244,0.011876,100,0
0.154086,0.181053,0.29371,0.126095,0.245466,0.754052,0.0672,200,1
0.107473,0.128636,0.075927,0.037735,0.065358,0.838037,0.015225,20,0
0.121107,0.286069,0.144447,0.049791,0.160245,0.695858,0.012961,2000,0
0.206591,0.242616,0.126542,0.042317,0.092353,0.818422,0.020916,10,0
0.130717,0.129953,0.094066,0.067012,0.136833,0.89147,0.005078,20,0
0.12605,0.122658,0.165101,0.066122,0.087845,0.856158,0.018282,10,0
0.10976,0.157743,0.169264,0.029281,0.064103,0.781085,0.031675,20,1
0.189779,0.181963,0.21227,0.063104,0.150741,0.796336,0.051208,10,0
0.144349,0.159176,0.197955,0.194534,0.367977,0.816653,0.094561,100,1
0.066955,0.044541,0.094478,0.034575,0.023594,0.905371,0.0131,100,1
0.051048,0.079958,0.18358,0.042112,0.020973,0.875684,0.009134,2000,0
0.165628,0.196332,0.146153,0.040714,0.161197,0.708615,0.040537,500,1
0.108622,0.078838,0.083582,0.035802,0.017076,0.903649,0.009938,20,0
0.064251,0.140043,0.194574,0.055507,0.090651,0.818645,0.016981,100,0
0.115898,0.110573,0.11027,0.034208,0.038545,0.884049,0.018594,20,1
0.069194,0.120733,0.056112,0.017707,0.022158,0.873497,0.004774,2000,0
0.132376,0.149423,0.143363,0.116064,0.14317,0.857366,0.05459,100,1
0.152867,0.187084,0.115936,0.047273,0.133441,0.839128,0.030851,10,0
0.180969,0.208946,0.076859,0.074668,0.177632,0.822514,0.053156,200,0
0.132958,0.180125,0.144639,0.017162,0.103597,0.771114,0.026206,500,1
0.158062,0.120815,0.193613,0.012386,0.08918,0.835698,0.007474,2000,0
0.094896,0.131989,0.117204,0.015796,0.09274,0.858066,0.025107,50,0
0.171478,0.150769,0.095116,0.042942,0.106977,0.816304,0.013297,50,0
0.128202,0.168372,0.257661,0.153727,0.299942,0.787128,0.073958,10,1
0.169096,0.122907,0.139344,0.031174,0.124936,0.779003,0.03068,500,0
0.122336,0.028139,0.010015,0.007264,0.054277,0.877801,0.013446,50,0
0.115963,0.091624,0.085727,0.028872,0.090455,0.905068,0.018618,500,0
0.206315,0.288259,0.263359,0.045204,0.089955,0.708717,0.006842,500,1
0.161276,0.180701,0.033503,0.054158,0.129941,0.796406,0.030098,100,0
0.176264,0.254819,0.221091,0.097622,0.242271,0.755395,0.031491,50,0
0.15187,0.127588,0.151869,0.042487,0.113457,0.839616,0.004933,20,0
0.078594,0.134121,0.115551,0.05218,0.077345,0.865019,0.013871,100,0
0.129278,0.182832,0.122284,0.085607,0.149665,0.814745,0.038776,500,0
0.137323,0.118007,0.175456,0.082722,0.12222,0.795053,0.034119,100,0
0.190996,0.242666,0.196166,0.023397,0.110256,0.778313,0.007481,200,0
0.12166,0.115468,0.112544,0.044277,0.22183,0.862138,0.064967,20,0
0.130908,0.108614,0.061618,0.046367,0.030935,0.88531,0.011052,20,0
0.151676,0.133843,0.26362,0.095225,0.157948,0.791119,0.045177,2000,1
0.213041,0.234357,0.090224,0.024423,0.088598,0.774036,0.005637,500,1
0.169237,0.158536,0.15723,0.031044,0.012008,0.843231,0.007811,10,1
0.183269,0.190521,0.208569,0.014221,0.045599,0.81728,0.008385,100,0
0.126772,0.120607,0.135917,0.006581,0.092717,0.871842,0.015546,20,0
0.133012,0.176118,0.121572,0.020675,0.098894,0.822073,0.017492,50,0
0.12398,0.080685,0.088875,0.031828,0.028811,0.860528,0.012908,200,0
0.140272,0.154822,0.250662,0.104413,0.156397,0.731603,0.020259,50,1
0.158945,0.163555,0.085028,0.0326,0.094712,0.826977,0.006839,10,0
0.178067,0.180534,0.197259,0.125794,0.14295,0.809203,0.060738,500,1
0.119703,0.16495,0.119591,0.034824,0.080912,0.85292,0.014393,500,0
0.148782,0.151443,0.151005,0.0147,0.052099,0.859621,0.010755,50,0
0.090306,0.093564,0.057648,0.038874,0.088737,0.878684,0.029102,10,0
0.162593,0.230137,0.112089,0.046024,0.120468,0.745209,0.018882,50,0
0.166132,0.137489,0.186686,0.111058,0.266355,0.754076,0.072938,500,1
0.123435,0.146998,0.261898,0.120568,0.176905,0.773863,0.050972,200,0
0.095737,0.090769,0.099702,0.031819,0.10761,0.898645,0.02413,50,0
0.124484,0.195815,0.247355,0.048978,0.115297,0.775457,0.019507,100,0
0.08579,0.115884,0.350112,0.073444,0.157991,0.771011,0.038397,2000,1
0.224807,0.189043,0.118636,0.021143,0.092462,0.824469,0.006744,2000,0
0.112206,0.119892,0.205659,0.015117,0.059689,0.823588,0.007525,500,1
0.143706,0.119556,0.112633,0.011323,0.052239,0.885713,0.005457,50,0
0.041923,0.049971,0.096663,0.021781,0.039416,0.923658,0.01851,20,0
0.115254,0.120047,0.181972,0.043708,0.123084,0.848444,0.022941,500,0
0.180209,0.229732,0.094831,0.020064,0.06001,0.772045,0.009624,500,1
0.193937,0.181605,0.175141,0.046817,0.118017,0.76009,0.024697,20,0
0.105841,0.075895,0.072104,0.026676,0.026532,0.797163,0.011085,100,0
0.11282,0.139067,0.076245,0.038308,0.095957,0.886258,0.038136,50,0
0.087985,0.075112,0.087217,0.023473,0.02103,0.895724,0.013075,10,0
0.207349,0.277442,0.26985,0.032583,0.076854,0.697554,0.004208,500,0
0.186828,0.171934,0.032463,0.014888,0.071462,0.852734,0.015231,10,0
0.131383,0.086125,0.0,0.046394,0.057341,0.827484,0.015334,200,0
0.174437,0.079482,0.141923,0.102662,0.107911,0.806429,0.049546,200,1
0.107153,0.101515,0.114888,0.008004,0.120445,0.866405,0.036669,50,0
0.173909,0.21537,0.035833,0.063436,0.101603,0.822261,0.013547,10,0
0.182175,0.185769,0.262595,0.033519,0.095999,0.765792,0.02851,20,0
0.102569,0.163297,0.117405,0.055376,0.055799,0.838063,0.014491,100,0
0.163971,0.174516,0.103703,0.081266,0.142769,0.763241,0.035112,200,0
0.079846,0.157264,0.187366,0.019338,0.018859,0.819362,0.012521,500,0
0.117139,0.117165,0.126651,0.007536,0.049081,0.869798,0.012906,50,0
0.140897,0.148555,0.144078,0.090993,0.165338,0.854049,0.042971,500,1
0.067799,0.045073,0.051209,0.008151,0.027456,0.930054,0.007491,10,0
0.181268,0.175352,0.150793,0.054983,0.089704,0.7667,0.028114,50,1
0.121761,0.136352,0.132744,0.027639,0.039277,0.870159,0.017999,50,0
0.182964,0.139877,0.169983,0.033472,0.084641,0.851319,0.012508,500,0
0.115374,0.041792,0.01854,0.063192,0.089467,0.891831,0.01105,200,0
0.154068,0.16126,0.162365,0.138792,0.241564,0.832755,0.060666,500,1
0.142028,0.165081,0.124437,0.072026,0.128231,0.839306,0.03342,20,0
0.134147,0.156991,0.151914,0.06748,0.159458,0.839612,0.031084,500,0
0.183415,0.182091,0.118696,0.010108,0.074277,0.830723,0.021255,20,1
0.091753,0.158603,0.129453,0.032107,0.090658,0.858323,0.041763,10,0
0.104102,0.117777,0.057944,0.058765,0.106673,0.906892,0.015648,100,0
0.143637,0.105971,0.136997,0.034147,0.108241,0.875606,0.004349,100,0
0.11921,0.126146,0.113904,0.009426,0.130382,0.877713,0.01378,50,0
0.203515,0.218054,0.161085,0.045103,0.100213,0.789238,0.026822,100,0
0.062922,0.068228,0.104687,0.042909,0.060663,0.924606,0.013241,20,0
0.086386,0.119725,0.083021,0.007094,0.081455,0.892093,0.025386,200,0
0.118888,0.135346,0.111483,0.038403,0.051999,0.864601,0.01814,100,0
0.153619,0.172862,0.184497,0.148234,0.263655,0.806459,0.067748,500,1
0.087142,0.145692,0.080952,0.052853,0.077304,0.85333,0.013196,20,0
0.167888,0.11888,0.0,0.068048,0.058981,0.732734,0.010856,100,0
0.174631,0.213644,0.226979,0.088023,0.113152,0.784996,0.022435,10,0
0.129104,0.13005,0.235586,0.05872,0.108601,0.828386,0.03268,50,0
0.151715,0.194977,0.245028,0.148282,0.280022,0.767124,0.073011,500,1
0.112773,0.083375,0.152727,0.027498,0.069548,0.843531,0.015952,10,0
0.165366,0.220366,0.323339,0.051035,0.159636,0.703863,0.026684,200,1
0.099529,0.119241,0.093344,0.019846,0.080207,0.880354,0.030494,20,0
0.137166,0.082423,0.019164,0.071148,0.11797,0.857598,0.017843,100,0
0.211773,0.21147,0.175989,0.018683,0.074313,0.721193,0.013864,500,1
0.13489,0.219745,0.249867,0.037824,0.122239,0.750206,0.019222,10,0
0.07876,0.088524,0.110239,0.049654,0.031928,0.85742,0.019836,50,0
0.077494,0.069683,0.048659,0.040755,0.067974,0.907507,0.016004,20,0
0.141108,0.252095,0.373994,0.052247,0.105117,0.640602,0.024181,500,1
0.122179,0.138924,0.027624,0.04383,0.056337,0.86013,0.013681,50,0
0.115806,0.152404,0.120059,0.010272,0.022612,0.863115,0.006256,10,0
0.141676,0.151039,0.133501,0.130526,0.135334,0.85589,0.062515,100,1
0.184227,0.19254,0.153412,0.052305,0.037683,0.802034,0.012617,100,0
0.237338,0.222109,0.081661,0.011303,0.100651,0.765697,0.023568,500,0
0.174492,0.12329,0.176792,0.042064,0.142094,0.77768,0.031506,200,0
0.188405,0.22497,0.212198,0.007878,0.047712,0.753058,0.009976,500,1
0.071521,0.11539,0.082334,0.04898,0.076824,0.88116,0.005299,200,0
0.108917,0.143025,0.117014,0.072916,0.090774,0.846436,0.031053,100,0
0.137673,0.128989,0.168264,0.053881,0.098437,0.800019,0.030755,10,0
0.141232,0.117691,0.080408,0.084982,0.13076,0.859864,0.035798,20,0
0.211556,0.167957,0.146437,0.135713,0.233583,0.79994,0.02387,50,0
0.128944,0.124054,0.018967,0.025919,0.028824,0.894914,0.014926,50,0
0.09868,0.171472,0.1332,0.012094,0.067166,0.852721,0.015621,10,0
0.121255,0.146116,0.120476,0.069608,0.17679,0.855504,0.043691,10,1
0.075988,0.096513,0.07819,0.036359,0.074027,0.898445,0.010845,20,0
0.16807,0.168449,0.013605,0.06664,0.104094,0.841943,0.004934,50,0
0.115723,0.096989,0.180376,0.028478,0.094218,0.860912,0.014179,50,0
0.119542,0.188577,0.203298,0.072263,0.122491,0.801968,0.025519,200,0
0.12769,0.172185,0.151707,0.109081,0.159637,0.821247,0.035243,100,0
0.131593,0.123299,0.109963,0.008165,0.110124,0.855175,0.021578,100,0
0.149629,0.161887,0.146816,0.136352,0.136883,0.839451,0.057466,500,1
0.131231,0.130334,0.058539,0.045709,0.094563,0.885239,0.003252,20,0
0.115035,0.092031,0.108662,0.007511,0.04813,0.890019,0.014307,500,0
0.103197,0.076466,0.119364,0.010309,0.015662,0.893195,0.003957,50,1
0.201604,0.2323,0.073527,0.060255,0.116863,0.844222,0.034094,50,0
0.142337,0.153284,0.140024,0.112391,0.274831,0.816264,0.072079,200,1
0.128376,0.125507,0.077923,0.092303,0.167381,0.854571,0.039483,2000,1
0.136148,0.130535,0.141166,0.029422,0.083613,0.83547,0.016405,20,0
0.127054,0.140175,0.21864,0.059656,0.143405,0.736986,0.040306,50,1
0.188787,0.225762,0.222971,0.097793,0.20488,0.698434,0.037951,500,0
0.140562,0.199098,0.369493,0.087036,0.214456,0.698154,0.044286,50,1
0.207508,0.242665,0.149319,0.035453,0.095314,0.803208,0.028232,50,0
0.1944,0.168073,0.157335,0.105899,0.190157,0.793875,0.056774,500,0
0.126011,0.141888,0.204745,0.015011,0.099373,0.789548,0.026309,10,0
0.143581,0.141569,0.124689,0.067878,0.054954,0.843358,0.017299,20,1
0.089989,0.099698,0.085628,0.071026,0.092064,0.844257,0.037039,50,1
0.173443,0.160036,0.233404,0.087347,0.221411,0.761966,0.029654,500,1
0.159751,0.170541,0.138025,0.106286,0.141884,0.816187,0.062749,100,1
0.122886,0.113542,0.10545,0.004225,0.098882,0.88775,0.005209,2000,0
0.091394,0.096187,0.039743,0.008839,0.036132,0.913583,0.008957,50,0
0.176075,0.169466,0.259128,0.1055,0.338384,0.73915,0.075135,20,1
0.136976,0.139697,0.122735,0.092434,0.163236,0.835204,0.044901,100,0
0.1627,0.157171,0.14508,0.026157,0.094375,0.846119,0.01715,500,1
0.222959,0.217854,0.129216,0.067385,0.076834,0.825854,0.03209,10,0
0.194423,0.210457,0.13996,0.063173,0.119136,0.767349,0.02462,10,0
0.139673,0.150462,0.166429,0.186439,0.331664,0.832221,0.083078,50,1
0.150236,0.150608,0.132191,0.054006,0.101074,0.819386,0.012218,500,1
0.14885,0.232065,0.199608,0.082875,0.143701,0.746627,0.035819,100,0
0.150049,0.162327,0.150228,0.13669,0.159686,0.831045,0.071554,200,1
0.151348,0.153022,0.150869,0.019379,0.021136,0.853312,0.00468,50,1
0.118417,0.136228,0.071059,0.058787,0.054921,0.86535,0.01537,20,0
0.17554,0.155967,0.11231,0.035265,0.067622,0.823288,0.021261,20,1
0.113822,0.146704,0.05035,0.016518,0.080055,0.875244,0.016509,50,0
0.111737,0.156873,0.029607,0.00526,0.048529,0.86604,0.011973,20,0
0.084488,0.093269,0.107394,0.023839,0.106358,0.886649,0.028653,10,0
0.100868,0.166376,0.039076,0.015232,0.03049,0.778768,0.009292,10,0
0.145915,0.157942,0.140554,0.026356,0.122203,0.749594,0.036445,10,1
0.076898,0.151162,0.255255,0.035292,0.110842,0.794024,0.022933,100,0
0.095959,0.12906,0.192109,0.041557,0.097646,0.825151,0.031701,20,0
0.122777,0.136274,0.122207,0.158942,0.30682,0.863005,0.090065,10,1
0.147829,0.222113,0.212396,0.056906,0.144126,0.756198,0.02366,20,0
0.100581,0.146704,0.14224,0.018229,0.105125,0.812375,0.03125,10,0
0.150109,0.169771,0.162582,0.07108,0.161632,0.795691,0.037297,10,1
0.128854,0.118405,0.108474,0.04022,0.080363,0.875342,0.00874,10,0
0.148049,0.166562,0.177891,0.060717,0.124644,0.830682,0.028405,500,1
0.159534,0.172054,0.155988,0.122544,0.139453,0.80538,0.058512,500,1
0.155251,0.132956,0.106438,0.005899,0.030764,0.820433,0.013254,10,0
0.200603,0.214327,0.183264,0.095302,0.211742,0.795336,0.035741,500,1
0.11424,0.11845,0.12073,0.109366,0.215974,0.871206,0.060333,200,1
0.178829,0.149804,0.120362,0.075775,0.10248,0.863248,0.022727,500,0
0.192503,0.21975,0.217833,0.017699,0.105307,0.75442,0.034963,200,0
0.121569,0.159961,0.082426,0.009446,0.099292,0.867165,0.00473,200,0
0.106927,0.114351,0.110272,0.093578,0.116481,0.890352,0.048678,50,1
0.139029,0.05277,0.104905,0.005359,0.085832,0.877092,0.017975,20,0
0.164882,0.217236,0.125116,0.006067,0.168,0.768718,0.026899,500,0
0.143954,0.184992,0.172993,0.000208,0.145166,0.829572,5.5e-05,20,0
0.135854,0.145916,0.211438,0.046814,0.094687,0.783803,0.021642,2000,0
0.221904,0.212811,0.088345,0.023882,0.061089,0.840704,0.012339,20,0
0.139991,0.170944,0.063685,0.041132,0.035273,0.856917,0.022043,50,0
0.106264,0.102907,0.064735,0.032165,0.097757,0.835431,0.020417,50,0
0.129886,0.169079,0.111218,0.040138,0.111484,0.812852,0.0294,500,1
0.132763,0.132692,0.309685,0.023752,0.068883,0.785034,0.008977,500,1
0.11298,0.044277,0.012129,0.016068,0.07944,0.850473,0.01753,50,0
0.116383,0.199637,0.173511,0.03006,0.092516,0.802771,0.021628,10,0
0.13535,0.130556,0.144173,0.052768,0.128256,0.848978,0.026433,500,0
0.177546,0.177762,0.154521,0.073691,0.101198,0.846717,0.042059,10,0
0.046695,0.066512,0.180225,0.021026,0.036467,0.889377,0.009256,100,1
0.191897,0.299365,0.095133,0.079852,0.109272,0.755565,0.019811,10,0
0.126291,0.118141,0.187918,0.050176,0.034157,0.830398,0.020614,20,1
0.204778,0.20661,0.164363,0.010709,0.054463,0.780935,0.026775,10,0
0.198623,0.152333,0.0,0.040798,0.112199,0.777215,0.021181,50,0
0.246318,0.252717,0.085667,0.126947,0.13059,0.747786,0.053896,20,1
0.156873,0.18579,0.180448,0.065556,0.129565,0.809274,0.034783,500,0
0.119191,0.16971,0.199778,0.014608,0.055778,0.809618,0.030757,2000,0
0.100705,0.12891,0.10252,0.070332,0.073613,0.862262,0.014902,20,0
0.178146,0.194034,0.140419,0.173028,0.299004,0.806019,0.088018,500,1
0.111442,0.110705,0.246669,0.039649,0.092393,0.827408,0.017245,500,1
0.194871,0.257932,0.009788,0.021946,0.095279,0.745381,0.007542,20,0
0.125331,0.149382,0.167731,0.060666,0.146156,0.831939,0.028836,20,0
0.171751,0.21839,0.257234,0.04427,0.138555,0.753231,0.033169,20,0
0.134835,0.151737,0.02264,0.038338,0.084307,0.876071,0.00853,200,0
0.072766,0.167468,0.224819,0.04419,0.080464,0.803346,0.011265,100,0
0.166616,0.223404,0.214745,0.059321,0.14385,0.792395,0.025287,100,1
0.114573,0.130497,0.125668,0.004097,0.168702,0.846987,0.061815,100,0
0.194837,0.199168,0.150785,0.065444,0.205553,0.816765,0.058044,20,1
0.143347,0.136431,0.187333,0.068752,0.104553,0.835474,0.044167,100,1
0.128949,0.152371,0.160521,0.021925,0.137221,0.81483,0.022886,20,0
0.113792,0.169352,0.155569,0.084453,0.130006,0.802348,0.032574,100,0
0.191529,0.251118,0.210581,0.038033,0.215441,0.752434,0.02628,500,1
0.146609,0.204517,0.142731,0.056795,0.13872,0.789046,0.022292,50,0
0.107505,0.169411,0.179218,0.067172,0.113399,0.777579,0.02383,10,0
0.1542,0.093723,0.062986,0.049104,0.106906,0.886348,0.030412,10,0
0.159748,0.155772,0.180037,0.010788,0.061879,0.837067,0.018057,200,0
0.133944,0.19686,0.129864,0.08576,0.126334,0.803198,0.03852,50,0
0.08049,0.078788,0.05923,0.02715,0.058336,0.919585,0.008763,100,0
0.153445,0.167824,0.296312,0.11149,0.247008,0.742514,0.06575,200,1
0.108645,0.221919,0.188714,0.036248,0.116794,0.781167,0.029052,200,0
0.136957,0.079607,0.020339,0.004762,0.074163,0.870911,0.015047,20,0
0.103633,0.11352,0.069587,0.011861,0.027894,0.880945,0.013026,20,0
0.149083,0.160635,0.176091,0.131092,0.236372,0.821957,0.05839,50,1
0.198613,0.147879,0.118678,0.033363,0.121376,0.785643,0.035348,50,0
0.105697,0.087297,0.201737,0.047608,0.053801,0.855375,0.024314,50,0
0.141717,0.168103,0.189262,0.105724,0.165556,0.794028,0.065492,200,0
0.187581,0.171088,0.00975,0.007054,0.039492,0.863596,0.007165,20,0
0.204145,0.273512,0.218771,0.024158,0.120735,0.748949,0.026561,50,0
0.165146,0.159668,0.144237,0.172075,0.273995,0.837207,0.053854,100,0
0.088699,0.099744,0.101784,0.03049,0.050099,0.878515,0.018741,100,0
0.106266,0.158269,0.078283,0.023672,0.073743,0.832243,0.013993,20,0
0.123925,0.142834,0.082131,0.067246,0.114928,0.840276,0.019435,50,0
0.142973,0.162803,0.233389,0.068927,0.142802,0.74246,0.022131,20,1
0.127613,0.127663,0.064697,0.039292,0.07152,0.879517,0.016641,500,0
0.154494,0.160582,0.190003,0.018156,0.148591,0.809637,0.00471,2000,0
0.130403,0.154537,0.103337,0.055488,0.111122,0.857615,0.036497,10,1
0.122508,0.132623,0.110246,0.156662,0.263759,0.844142,0.074699,10,1
0.099083,0.134345,0.062563,0.029189,0.088362,0.868564,0.022503,20,0
0.105657,0.142822,0.156619,0.025801,0.061653,0.821247,0.014794,20,0
0.204608,0.190618,0.16137,0.118014,0.216763,0.689378,0.055212,500,0
0.126667,0.102737,0.112625,0.06082,0.113142,0.856857,0.043838,200,0
0.159684,0.232397,0.157288,0.019498,0.033128,0.768641,0.013957,100,0
0.123382,0.076157,0.089139,0.032773,0.056293,0.815417,0.013485,200,0
0.125666,0.160514,0.07498,0.019885,0.101465,0.845893,0.006646,2000,0
0.110386,0.143668,0.088891,0.025043,0.047359,0.828992,0.010313,100,0
0.174108,0.187989,0.145548,0.160829,0.308913,0.831501,0.08832,20,1
0.115007,0.153388,0.143031,0.031131,0.07287,0.85417,0.021291,10,0
0.201813,0.253247,0.187036,0.046739,0.106661,0.753253,0.028551,500,0
0.126671,0.220717,0.143144,0.050009,0.187474,0.790317,0.019808,100,0
0.202244,0.207485,0.138543,0.049428,0.20077,0.822605,0.03592,500,0
0.166542,0.149539,0.151817,0.034744,0.062251,0.841311,0.022102,20,0
0.152808,0.196209,0.286694,0.13041,0.234342,0.748445,0.059714,100,1
0.12016,0.143934,0.195768,0.076644,0.141494,0.837147,0.025548,200,0
0.11573,0.174277,0.136543,0.0652,0.123947,0.834108,0.027551,2000,0
0.155627,0.170168,0.176245,0.021863,0.123175,0.801572,0.031874,2000,0
0.306729,0.27255,0.004975,0.021441,0.058944,0.640061,0.011011,20,1
0.210209,0.263028,0.178122,0.241434,0.297308,0.74804,0.03887,2000,0
0.212742,0.263371,0.186742,0.09539,0.07859,0.744157,0.011591,10,0
0.152352,0.19362,0.286711,0.043844,0.076726,0.745137,0.02005,200,1
0.104669,0.085022,0.130562,0.065033,0.073686,0.878982,0.033627,500,1
0.104817,0.104994,0.04129,0.005959,0.07381,0.881664,0.022061,100,0
0.080015,0.089827,0.079063,0.015323,0.011505,0.922361,0.018248,10,1
0.166085,0.193486,0.208709,0.053831,0.154691,0.806049,0.030852,100,1
0.129331,0.178741,0.129498,0.047996,0.121713,0.837908,0.036372,200,0
0.255282,0.287681,0.194643,0.023044,0.067223,0.750142,0.019485,10,0
0.065688,0.070527,0.076114,0.028178,0.082794,0.905659,0.020926,20,0
0.191358,0.209535,0.188699,0.060185,0.181399,0.788522,0.046241,500,1
0.073696,0.094289,0.047126,0.03797,0.039154,0.894665,0.014592,50,0
0.157936,0.139444,0.185266,0.027969,0.076805,0.850522,0.018305,10,0
0.135872,0.133228,0.155599,0.019902,0.144288,0.850087,0.022079,500,0
0.096932,0.054638,0.02981,0.011576,0.029578,0.912079,0.011524,20,0
0.127638,0.212829,0.128454,0.050461,0.125395,0.769402,0.026697,2000,1
0.150938,0.180927,0.167477,0.016579,0.07887,0.760197,0.007064,500,1
0.138713,0.141717,0.113943,0.005341,0.128352,0.855883,0.030171,100,0
0.118368,0.196996,0.106396,0.077092,0.13976,0.802556,0.033639,10,0
0.063719,0.055597,0.06628,0.018981,0.018478,0.926492,0.008588,10,1
0.132596,0.166047,0.131098,0.004323,0.110561,0.8334,0.001124,50,0
0.180914,0.136136,0.101989,0.055402,0.129261,0.858074,0.034992,500,0
0.110742,0.125153,0.027976,0.013335,0.042864,0.901621,0.010995,50,0
0.171257,0.16974,0.029006,0.084419,0.059677,0.746829,0.025449,10,0
0.154994,0.164303,0.115511,0.133517,0.142483,0.823949,0.065028,20,1
0.161956,0.160518,0.140333,0.115274,0.151998,0.832925,0.068456,10,1
0.090391,0.143787,0.116533,0.022969,0.065003,0.830299,0.016756,50,0
0.07665,0.103325,0.036933,0.019102,0.011051,0.925241,0.00406,20,0
0.122955,0.125114,0.116348,0.005555,0.103669,0.865658,0.030226,100,0
0.111772,0.12745,0.112703,0.005469,0.118643,0.881331,0.017674,200,0
0.159501,0.159533,0.030497,0.027311,0.028137,0.84177,0.009077,50,1
0.067222,0.265783,0.248262,0.048145,0.115839,0.744921,0.046641,500,1
0.192889,0.16531,0.19137,0.0128,0.049527,0.813544,0.005941,500,1
0.155878,0.215803,0.325603,0.074282,0.197102,0.720195,0.035773,500,1
0.140315,0.1184,0.09168,0.071547,0.07912,0.83713,0.037337,200,1
0.113698,0.177217,0.117749,0.051171,0.119518,0.807068,0.056933,50,0
0.140241,0.191318,0.183837,0.127369,0.121246,0.793961,0.042802,200,1
0.133757,0.264282,0.222338,0.03946,0.149447,0.721591,0.026028,20,0
0.137423,0.178588,0.120867,0.003928,0.135874,0.849316,0.026158,50,0
0.100193,0.085403,0.105684,0.021884,0.08343,0.893677,0.030197,20,0
0.11649,0.085694,0.095428,0.035634,0.123807,0.905471,0.019844,100,0
0.149562,0.065152,0.175828,0.086383,0.094278,0.846139,0.033521,100,0
0.152195,0.177153,0.311326,0.008281,0.303488,0.6807,0.050127,100,1
0.195201,0.195332,0.276788,0.010848,0.22794,0.671564,0.051254,200,1
0.133163,0.079834,0.142611,0.073119,0.103156,0.846827,0.038273,10,1
0.105429,0.134616,0.103815,0.009805,0.100863,0.880687,0.006287,50,0
0.132295,0.130418,0.155393,0.056523,0.118363,0.812801,0.037497,500,0
0.138631,0.138011,0.134018,0.097077,0.115325,0.866213,0.046531,50,1
0.119465,0.193284,0.344257,0.065334,0.126935,0.6725,0.018755,50,1
0.13278,0.124049,0.10957,0.119778,0.262465,0.872747,0.073877,20,1
0.240237,0.127367,0.026761,0.036662,0.116882,0.821546,0.018575,10,0
0.143304,0.11669,0.134632,0.040933,0.030294,0.858317,0.009932,50,0
0.13234,0.145523,0.120429,0.037562,0.097138,0.822203,0.018459,20,0
0.170861,0.182529,0.142081,0.193682,0.313316,0.792306,0.089464,500,1
0.149792,0.13535,0.131085,0.006249,0.112101,0.85802,0.019417,20,0
0.147071,0.1819,0.235035,0.150672,0.310145,0.769675,0.078823,200,1
0.082263,0.084541,0.068712,0.027366,0.085439,0.917349,0.022187,10,0
0.194789,0.211446,0.151325,0.033596,0.080555,0.833648,0.011081,10,0
0.135193,0.130318,0.095543,0.031444,0.08584,0.842166,0.014087,2000,0
0.12248,0.123838,0.133003,0.015887,0.104075,0.874642,0.021695,10,0
0.130032,0.104681,0.107287,0.016725,0.086268,0.886827,0.008507,500,0
0.088404,0.073342,0.050346,0.018709,0.027135,0.91534,0.00824,10,0
0.112546,0.105256,0.067575,0.019687,0.036318,0.890192,0.01244,20,0
0.107727,0.116058,0.086783,0.017307,0.042203,0.883492,0.009101,200,0
0.099377,0.124647,0.103227,0.018001,0.094789,0.878042,0.021076,20,0
0.1355,0.087036,0.041124,0.079206,0.106139,0.872357,0.01084,100,0
0.189789,0.181135,0.153366,0.060343,0.172355,0.759868,0.038533,50,1
0.11869,0.093627,0.071678,0.014502,0.069515,0.900199,0.016122,50,0
0.187267,0.247061,0.253617,0.048896,0.071678,0.728856,0.016062,500,0
0.091428,0.088358,0.064521,0.044211,0.10125,0.911174,0.018698,100,0
0.170022,0.185755,0.155349,0.096308,0.264568,0.801964,0.067322,10,1
0.139622,0.028501,0.021521,0.105807,0.103154,0.855778,0.021878,20,0
0.08735,0.22473,0.242536,0.065997,0.117717,0.731525,0.022233,2000,1
0.096954,0.28876,0.101668,0.031042,0.068107,0.65411,0.005504,500,1
0.144043,0.182531,0.12788,0.128105,0.142696,0.838829,0.06926,200,1
0.134961,0.154062,0.126401,0.026297,0.076679,0.853281,0.015745,10,0
0.217676,0.280361,0.215622,0.010768,0.104244,0.783811,0.011096,20,0
0.113478,0.099926,0.124226,0.05122,0.103237,0.860782,0.049946,200,0
0.137823,0.165245,0.012477,0.018331,0.022268,0.845749,0.007652,10,0
0.081599,0.206225,0.048346,0.029096,0.019179,0.830488,0.011263,500,0
0.125611,0.189516,0.159813,0.034649,0.103973,0.80933,0.018886,500,0
0.15326,0.106948,0.081741,0.01643,0.054375,0.868305,0.012804,500,0
0.130928,0.187272,0.171527,0.086933,0.141991,0.793144,0.044211,50,0
0.120965,0.141059,0.024068,0.050402,0.071731,0.890561,0.002733,200,0
0.116512,0.141143,0.118031,0.050397,0.114565,0.856464,0.026664,20,0
0.120571,0.109416,0.127035,0.019077,0.042712,0.891241,0.011328,20,0
0.16694,0.179306,0.262725,0.018835,0.144667,0.740728,0.028022,100,1
0.079534,0.075453,0.196632,0.037993,0.102139,0.837469,0.032922,50,0
0.161015,0.30934,0.170044,0.080405,0.121614,0.734499,0.023907,50,0
0.102257,0.165792,0.087296,0.029563,0.089412,0.8588,0.018304,50,0
0.16338,0.203233,0.111219,0.050373,0.145837,0.831392,0.028931,10,0
0.16512,0.191264,0.225451,0.019567,0.130962,0.785574,0.0153,10,0
0.132562,0.173796,0.202349,0.040889,0.087837,0.787639,0.018888,20,0
0.149378,0.173573,0.175138,0.042322,0.083548,0.813579,0.020282,10,0
0.201755,0.22082,0.234771,0.104157,0.267774,0.783341,0.043886,500,1
0.096845,0.107252,0.027731,0.012366,0.011275,0.879143,0.008535,2000,0
0.226531,0.212185,0.070325,0.006765,0.025452,0.819578,0.011902,2000,0
0.118472,0.172479,0.09882,0.091842,0.140645,0.815705,0.028732,500,0
0.172575,0.166954,0.161716,0.125856,0.27956,0.831257,0.079702,500,1
0.122338,0.194813,0.127475,0.056491,0.112621,0.774507,0.026644,200,0
0.115773,0.174962,0.110649,0.006902,0.081299,0.860845,0.018841,20,0
0.065905,0.115264,0.047889,0.070602,0.052139,0.877611,0.03677,20,1
0.173334,0.258714,0.257017,0.018286,0.102996,0.747464,0.010136,20,0
0.156608,0.147367,0.14175,0.133081,0.146623,0.843304,0.069182,500,1
0.152499,0.190716,0.233675,0.035112,0.088409,0.795574,0.028187,100,0
0.162228,0.176196,0.154162,0.007511,0.113371,0.833475,0.035908,20,0
0.13548,0.150097,0.020455,0.005835,0.094007,0.872981,0.016966,200,0
0.120906,0.141795,0.141525,0.02844,0.077845,0.841717,0.016476,10,0
0.135959,0.20107,0.335206,0.060191,0.123883,0.707567,0.020733,50,1
0.122372,0.120283,0.254216,0.081243,0.181614,0.721978,0.027238,50,1
0.130326,0.202915,0.179993,0.09261,0.144971,0.777796,0.032048,100,0
0.102774,0.109063,0.105677,0.105908,0.112774,0.892395,0.051155,10,1
0.231788,0.270531,0.135933,0.009305,0.062728,0.763233,0.01476,50,0
0.084538,0.051561,0.399802,0.033109,0.04601,0.775985,0.014424,200,1
0.096004,0.103876,0.133783,0.011897,0.101663,0.869617,0.027518,10,0
0.124658,0.119958,0.108076,0.09752,0.149574,0.88029,0.050084,10,0
0.051048,0.079958,0.18358,0.042112,0.020973,0.875684,0.009134,2000,0
0.129783,0.206988,0.204844,0.089209,0.126117,0.774011,0.029393,10,0
0.198512,0.203003,0.277206,0.028855,0.225829,0.709878,0.032032,500,1
0.091835,0.151316,0.057301,0.051523,0.086981,0.807864,0.024967,10,0
0.088204,0.24108,0.182311,0.045209,0.120243,0.743041,0.044038,500,1
0.104038,0.11471,0.109354,0.038254,0.092694,0.895283,0.004731,50,0
0.175099,0.19406,0.157883,0.0,0.132345,0.827756,0.039628,50,0
0.132411,0.149157,0.138525,0.012161,0.132907,0.825781,0.027589,100,0
0.173484,0.220757,0.227995,0.047488,0.129942,0.767302,0.025283,20,0
0.183155,0.182418,0.194818,0.156468,0.29755,0.807761,0.073317,100,1
0.08653,0.175481,0.1665,0.044758,0.09398,0.790889,0.021071,50,0
0.159902,0.165233,0.281198,0.129948,0.32082,0.724129,0.074769,200,1
0.226284,0.323744,0.345978,0.022103,0.070769,0.691195,0.006146,2000,0
0.139253,0.116661,0.156692,0.068599,0.124798,0.843382,0.030161,500,0
0.102005,0.13201,0.23706,0.105083,0.176857,0.771653,0.044384,50,1
0.148349,0.143307,0.156432,0.093952,0.195254,0.812584,0.053462,10,1
0.143676,0.158497,0.181817,0.141757,0.23845,0.812335,0.060658,500,1
0.209372,0.254812,0.175783,0.045009,0.131686,0.774692,0.034929,20,0
0.194749,0.193297,0.070703,0.075248,0.12773,0.815553,0.02406,50,0
0.181568,0.191256,0.152316,0.164888,0.315712,0.82403,0.093746,20,1
0.119189,0.089323,0.128143,0.074801,0.096785,0.839891,0.042078,200,0
0.15058,0.166063,0.121843,0.116511,0.148923,0.827282,0.068475,500,1
0.071392,0.141683,0.088395,0.040312,0.02631,0.836773,0.006475,2000,0
0.081454,0.10625,0.076178,0.005544,0.01588,0.906209,0.005788,50,0
0.170525,0.121229,0.188262,0.021464,0.089699,0.831432,0.015159,10,0
0.097643,0.106522,0.079312,0.025977,0.088883,0.904591,0.015767,100,0
0.101336,0.128342,0.103253,0.098033,0.110951,0.867406,0.050619,50,1
0.19839,0.254444,0.019813,0.0353,0.11488,0.746906,0.015507,2000,0
0.112405,0.127644,0.014844,0.073104,0.084718,0.87998,0.002068,200,0
0.162297,0.203194,0.230033,0.06194,0.131518,0.801022,0.028356,500,0
0.138319,0.153849,0.138425,0.134391,0.244954,0.854701,0.062173,100,1
0.102994,0.099281,0.055042,0.008425,0.086625,0.880207,0.021396,200,0
0.172976,0.187334,0.148252,0.101756,0.107155,0.806429,0.022382,100,0
0.12568,0.171009,0.262263,0.163473,0.285765,0.765217,0.074423,50,1
0.14358,0.165405,0.195378,0.065434,0.157277,0.806487,0.022732,50,1
0.106249,0.120439,0.134578,0.048537,0.070091,0.832142,0.024284,20,0
0.124641,0.078986,0.171028,0.044514,0.047227,0.848982,0.0231,20,1
0.123591,0.165188,0.182911,0.06539,0.090062,0.755335,0.019021,500,1
0.188348,0.184449,0.147798,0.058154,0.092186,0.822565,0.024883,10,0
0.198274,0.272981,0.180719,0.050726,0.141112,0.76597,0.030027,20,0
0.096452,0.105354,0.085416,0.015875,0.063354,0.881501,0.006823,10,0
0.146541,0.158354,0.169041,0.146589,0.267615,0.829111,0.067598,50,1
0.147698,0.175726,0.125183,0.064447,0.105308,0.818721,0.037878,500,0
0.145113,0.19488,0.14508,0.007866,0.102956,0.836118,0.002896,500,1
0.232187,0.2454,0.206314,0.017294,0.213328,0.724791,0.049572,20,1
0.210264,0.196415,0.180102,0.086808,0.157827,0.808201,0.034494,200,0
0.158242,0.157532,0.123275,0.038733,0.102754,0.828571,0.034299,10,0
0.095137,0.100066,0.072882,0.007671,0.009447,0.900093,0.002129,20,0
0.206339,0.208425,0.227624,0.150025,0.253268,0.77471,0.069807,100,0
0.154426,0.162743,0.146336,0.106947,0.288517,0.79023,0.074738,200,1
0.205672,0.152058,0.020162,0.024856,0.066231,0.846276,0.01078,10,0
0.130896,0.181553,0.042868,0.024347,0.015077,0.866102,0.01052,100,0
0.096887,0.034792,0.024908,0.059565,0.069643,0.897234,0.014652,100,0
0.146272,0.207563,0.123737,0.05002,0.121116,0.768468,0.027578,10,0
0.128793,0.142807,0.134862,0.023151,0.047546,0.802844,0.017364,10,1
0.094029,0.127273,0.110821,0.052892,0.116381,0.875561,0.03266,500,0
0.195007,0.166266,0.178506,0.038047,0.076082,0.800636,0.036516,200,1
0.138036,0.157882,0.103945,0.02479,0.066757,0.812585,0.009748,100,0
0.131599,0.131914,0.130329,0.091794,0.11111,0.839498,0.053016,50,1
0.144666,0.205473,0.181585,0.105224,0.273682,0.79055,0.027993,100,0
0.150459,0.208569,0.22675,0.028198,0.106327,0.770709,0.019527,20,0
0.117339,0.104279,0.106905,0.020042,0.041515,0.854122,0.024251,500,1
0.077191,0.122588,0.15731,0.020479,0.082548,0.808828,0.035557,10,0
0.143214,0.190952,0.268897,0.126608,0.248953,0.765903,0.0659,500,1
0.157899,0.133556,0.198614,0.12005,0.136714,0.826129,0.065032,200,1
0.096099,0.136694,0.232582,0.004766,0.045192,0.812731,0.004609,500,1
0.19084,0.170663,0.21992,0.087046,0.295273,0.796509,0.070826,10,0
0.122254,0.140097,0.226323,0.101791,0.264833,0.749699,0.067917,10,1
0.144602,0.17953,0.114672,0.010059,0.108067,0.807609,0.029583,10,0
0.140787,0.172523,0.102044,0.030563,0.093237,0.804782,0.011607,200,0
0.155323,0.165433,0.246673,0.195428,0.350248,0.791211,0.092131,200,1
0.12857,0.194905,0.194287,0.067142,0.120769,0.747834,0.02984,50,0
0.095656,0.094693,0.155048,0.045236,0.108479,0.866509,0.022784,20,0
0.190433,0.183462,0.141243,0.084905,0.081482,0.819055,0.048488,200,1
0.174718,0.164665,0.178222,0.022569,0.024643,0.84592,0.017727,20,0
0.126036,0.139054,0.125039,0.063506,0.104018,0.770219,0.029186,50,1
0.133809,0.158203,0.044028,0.019883,0.058834,0.871459,0.024197,10,0
0.090419,0.127317,0.098259,0.019076,0.090458,0.844274,0.007767,100,0
0.195466,0.251656,0.328471,0.10337,0.266615,0.715698,0.058138,500,1
0.194281,0.167916,0.157204,0.105477,0.190787,0.793979,0.0567,500,0
0.144585,0.23124,0.071283,0.022437,0.087456,0.817078,0.009043,10,0
0.159875,0.203841,0.161527,0.028962,0.126389,0.813802,0.026777,500,0
0.15087,0.169018,0.130162,0.005579,0.116424,0.861164,0.003637,100,0
0.182867,0.164389,0.25105,0.065516,0.136718,0.821383,0.047803,10,0
0.139554,0.140762,0.154852,0.00725,0.098151,0.829867,0.037398,20,0
0.207104,0.222301,0.194113,0.02013,0.089494,0.792035,0.004514,50,0
0.167424,0.149376,0.157947,0.038765,0.102462,0.860435,0.023831,50,0
0.137452,0.169878,0.21882,0.140056,0.321028,0.775252,0.079273,100,1
0.073078,0.083129,0.187441,0.055121,0.128514,0.826004,0.025315,10,0
0.07024,0.076302,0.021883,0.010102,0.006829,0.916668,0.003802,2000,0
0.107604,0.1994,0.133767,0.069202,0.117941,0.750314,0.017315,10,0
0.133522,0.161295,0.094681,0.009813,0.110641,0.825938,0.031161,20,0
0.093385,0.145828,0.065854,0.031455,0.052132,0.838795,0.011483,500,1
0.069359,0.10698,0.122467,0.008859,0.046465,0.883449,0.021519,10,0
0.116852,0.121754,0.136432,0.007944,0.112335,0.875612,0.005173,200,0
0.111274,0.13037,0.197407,0.02232,0.107058,0.774963,0.015466,20,1
0.153965,0.154825,0.114331,0.005483,0.114633,0.853884,0.022889,100,0
0.162295,0.182177,0.205396,0.072088,0.157324,0.80491,0.022141,20,1
0.160176,0.165279,0.269778,0.107124,0.254443,0.743071,0.063005,20,1
0.215015,0.213695,0.198924,0.059696,0.113031,0.753443,0.038325,100,0
0.235814,0.271123,0.238182,0.038994,0.093506,0.760219,0.011463,500,0
0.161969,0.198215,0.193869,0.073319,0.111663,0.807247,0.025224,10,0
0.172721,0.173594,0.190237,0.078915,0.209785,0.81532,0.03451,100,1
0.162822,0.221264,0.125199,0.072855,0.068791,0.766017,0.005707,20,0
0.074314,0.088845,0.132075,0.022086,0.07392,0.852009,0.024286,10,0
0.087603,0.160704,0.083806,0.063603,0.092547,0.864322,0.028388,20,0
0.071389,0.155571,0.09701,0.098453,0.138704,0.845816,0.036359,50,0
0.099198,0.072723,0.101339,0.04361,0.054332,0.911641,0.003679,20,0
0.131632,0.162207,0.130744,0.016304,0.086779,0.814123,0.017909,20,0
0.210602,0.212967,0.259556,0.029318,0.185862,0.720171,0.028305,500,1
0.127763,0.266878,0.250022,0.026213,0.079892,0.749681,0.012664,20,0
0.141634,0.075921,0.030734,0.034043,0.050941,0.886257,0.012518,10,0
0.162191,0.162196,0.135047,0.009147,0.068743,0.825735,0.005562,20,0
0.200056,0.21186,0.145796,0.052848,0.091489,0.809862,0.012878,10,0
0.085537,0.079269,0.062138,0.013009,0.066162,0.916601,0.008178,100,0
0.190521,0.246467,0.166372,0.036301,0.113784,0.806914,0.02267,100,0
0.134987,0.158491,0.154755,0.087263,0.178133,0.827639,0.024741,100,0
0.144575,0.179913,0.149989,0.003317,0.060235,0.834181,0.016026,10,0
0.064376,0.026041,0.011132,0.031974,0.07768,0.914078,0.021316,200,0
0.126181,0.057638,0.024247,0.005949,0.040003,0.836635,0.012037,20,0
0.114082,0.152057,0.171875,0.061431,0.096892,0.850137,0.029047,100,0
0.150961,0.155395,0.191299,0.184614,0.325999,0.791351,0.081046,100,1
0.086029,0.071349,0.048654,0.031437,0.031054,0.898624,0.01775,10,0
0.133742,0.120413,0.07883,0.021026,0.072461,0.853026,0.013279,200,0
0.163308,0.19884,0.174263,0.116763,0.146932,0.8253,0.06306,50,1
0.139889,0.15218,0.155108,0.064111,0.171324,0.828089,0.030154,500,1
0.126772,0.120607,0.135917,0.006581,0.092717,0.871842,0.015546,20,0
0.106825,0.138129,0.133338,0.053133,0.135239,0.863171,0.017474,10,0
0.16455,0.227575,0.250254,0.037489,0.079757,0.737008,0.014031,500,1
0.12338,0.117627,0.16011,0.079798,0.151037,0.864002,0.007341,20,0
0.084196,0.137989,0.095875,0.013085,0.073551,0.847408,0.023171,20,0
0.161284,0.177993,0.070615,0.032723,0.0791,0.820213,0.015245,500,1
0.107901,0.148129,0.130373,0.05684,0.063159,0.766349,0.018155,2000,1
0.136459,0.102546,0.147791,0.00932,0.114605,0.8588,0.018751,20,0
0.12969,0.157297,0.107978,0.021136,0.066891,0.827888,0.01235,10,0
0.143571,0.165387,0.223175,0.063703,0.15729,0.806488,0.022721,50,1
0.106566,0.171368,0.124385,0.029147,0.106848,0.824023,0.028694,10,0
0.128867,0.144757,0.201237,0.038733,0.032181,0.83706,0.010731,50,0
0.119635,0.275878,0.152173,0.044133,0.097231,0.767083,0.024732,500,1
0.198524,0.290999,0.223243,0.030509,0.095514,0.723412,0.02238,10,0
0.144275,0.161121,0.024694,0.063589,0.046103,0.852135,0.009204,10,1
0.135242,0.19745,0.164973,0.048771,0.141134,0.808336,0.036009,20,0
0.134238,0.143004,0.127236,0.073193,0.135545,0.843135,0.02716,100,0
0.144292,0.174096,0.143321,0.082585,0.210294,0.827983,0.051974,10,1
0.142103,0.118965,0.091939,0.128104,0.122096,0.782622,0.062112,100,1
0.175557,0.226576,0.207669,0.065885,0.116886,0.783288,0.024802,200,0
0.14222,0.053421,0.122391,0.029223,0.100886,0.868992,0.061684,20,0
0.146597,0.189455,0.157073,0.010652,0.062163,0.823835,0.006118,20,0
0.168009,0.192531,0.140698,0.055365,0.107461,0.820787,0.033914,10,0
0.160634,0.206938,0.16002,0.056415,0.137997,0.741983,0.021395,50,0
0.104755,0.124451,0.147267,0.061436,0.098525,0.821636,0.031049,20,0
0.15863,0.173943,0.268028,0.172429,0.301004,0.776077,0.079721,200,1
0.117353,0.099676,0.132843,0.092813,0.114875,0.890014,0.003555,20,0
0.177586,0.119592,0.144814,0.02302,0.03312,0.81819,0.013244,500,0
0.148452,0.133907,0.122085,0.011903,0.126972,0.870983,0.009904,500,0
0.118596,0.165356,0.29049,0.085195,0.16561,0.761909,0.030692,100,1
0.097708,0.142567,0.117353,0.021884,0.068295,0.841952,0.017561,10,0
0.109986,0.073152,0.057906,0.055964,0.074974,0.888636,0.003041,20,0
0.153655,0.14024,0.1049,0.071749,0.066938,0.865672,0.006335,100,0
0.114367,0.09971,0.021344,0.00683,0.073889,0.866771,0.011867,20,0
0.150912,0.176267,0.087731,0.020011,0.077607,0.813002,0.022774,10,0
0.034578,0.031096,0.084364,0.009432,0.012383,0.946824,0.003111,10,0
0.055173,0.095844,0.124389,0.006474,0.015893,0.850919,0.009581,20,0
0.144081,0.176746,0.164187,0.030504,0.101637,0.825871,0.017494,100,0
0.122114,0.095011,0.052499,0.057447,0.107854,0.843381,0.020889,20,0
0.103522,0.168935,0.112511,0.005742,0.080481,0.855573,0.035469,50,0
0.15316,0.16398,0.194144,0.013601,0.063155,0.808589,0.046824,10,1
0.133648,0.140036,0.158638,0.028891,0.065358,0.835244,0.02101,2000,0
0.047496,0.073827,0.02502,0.001896,0.006664,0.901639,0.003776,50,0
0.199989,0.203767,0.203103,0.080227,0.209931,0.716615,0.046362,20,1
0.109713,0.205397,0.227657,0.050381,0.174347,0.790309,0.038931,100,0
0.198691,0.330468,0.291809,0.020735,0.014163,0.674172,0.012909,500,0
0.137335,0.174158,0.063761,0.028976,0.078291,0.816212,0.017769,10,0
0.092485,0.090863,0.078216,0.038312,0.04801,0.881212,0.02184,500,1
0.127253,0.183743,0.133177,0.040122,0.161193,0.846439,0.026565,10,0
0.080143,0.060183,0.073417,0.0154,0.031776,0.875453,0.012782,10,0
0.194337,0.273333,0.287744,0.083634,0.10961,0.709067,0.013728,500,1
0.129742,0.142806,0.180006,0.171672,0.308405,0.831614,0.077144,100,1
0.127094,0.21377,0.133233,0.105216,0.17706,0.779306,0.054495,500,0
0.147307,0.156127,0.185566,0.133946,0.300044,0.737626,0.084218,10,1
0.130017,0.138758,0.032802,0.030541,0.144867,0.8382,0.024702,100,0
0.119297,0.138485,0.132619,0.008417,0.107006,0.831864,0.029107,2000,0
0.2605,0.239458,0.205298,0.014483,0.049877,0.75842,0.007624,2000,0
0.158363,0.160412,0.216787,0.101364,0.250804,0.767528,0.056735,10,1
0.157863,0.152039,0.250341,0.058916,0.16177,0.741283,0.019413,10,1
0.202459,0.190289,0.079492,0.028733,0.134751,0.782941,0.02604,100,0
0.124817,0.128968,0.082667,0.034344,0.090794,0.881799,0.018783,500,0
0.097344,0.101861,0.192909,0.058332,0.09176,0.857685,0.021748,200,0
0.15321,0.158794,0.317255,0.040164,0.148417,0.69621,0.017302,200,1
0.11941,0.066174,0.109009,0.004827,0.060943,0.897236,0.007022,200,0
0.115412,0.21745,0.176636,0.024371,0.098917,0.808355,0.007785,500,0
0.077175,0.125352,0.072808,0.050956,0.045919,0.872553,0.014477,10,1
0.135431,0.138,0.126023,0.058987,0.052806,0.825478,0.016677,100,0
0.144118,0.176712,0.244578,0.099778,0.208805,0.774381,0.05161,200,1
0.123607,0.134567,0.110082,0.015201,0.113363,0.849294,0.031667,100,0
0.103987,0.11136,0.074982,0.040792,0.086871,0.897042,0.018838,20,0
0.104892,0.202053,0.138589,0.131592,0.139929,0.784842,0.027116,50,0
0.122744,0.110379,0.09905,0.011911,0.096946,0.873728,0.004315,200,0
0.160823,0.198907,0.158883,0.004492,0.096249,0.745864,0.015249,500,1
0.175804,0.215648,0.174806,0.032054,0.107151,0.692714,0.0208,500,1
0.147472,0.157193,0.145253,0.057717,0.148507,0.833352,0.024862,500,1
0.219592,0.240148,0.189068,0.074039,0.116384,0.76504,0.02748,50,0
0.145765,0.166964,0.205789,0.012539,0.115119,0.810624,0.025321,2000,0
0.132613,0.115825,0.137309,0.02375,0.135577,0.881303,0.012803,100,0
0.210739,0.228673,0.179888,0.0,0.092323,0.812088,0.0,500,1
0.140576,0.206241,0.148021,0.090809,0.120482,0.785438,0.029842,200,0
0.126864,0.129827,0.248469,0.076893,0.181231,0.711363,0.021308,50,1
0.101805,0.129781,0.120177,0.141676,0.248678,0.874732,0.070324,100,1
0.155144,0.171564,0.039532,0.013239,0.00778,0.858717,0.007936,500,0
0.133869,0.141299,0.111806,0.099784,0.113906,0.856896,0.0503,50,1
0.227448,0.287113,0.212419,0.013601,0.07655,0.698255,0.01025,2000,0
0.177268,0.185898,0.125864,0.068501,0.131949,0.825213,0.046789,20,0
0.209842,0.222593,0.344913,0.023937,0.220666,0.691543,0.040075,100,1
0.239554,0.167473,0.077998,0.010563,0.079331,0.791421,0.036889,50,0
0.124911,0.226907,0.223785,0.039309,0.093774,0.785278,0.015093,100,0
0.093907,0.194212,0.271769,0.107563,0.134097,0.754648,0.028295,200,0
0.16012,0.186971,0.182145,0.058955,0.154605,0.81765,0.032754,100,1
0.210635,0.225592,0.304036,0.084679,0.248288,0.687196,0.032896,20,1
0.11793,0.106334,0.127896,0.055383,0.087682,0.88018,0.030009,20,0
0.130937,0.141726,0.013394,0.084467,0.098167,0.867689,0.008184,100,0
0.142207,0.089846,0.07238,0.01453,0.067512,0.862402,0.025925,10,0
0.097734,0.149631,0.226534,0.043594,0.117303,0.77177,0.024788,200,0
0.113882,0.079896,0.008557,0.030079,0.019435,0.909249,0.016158,20,0
0.086474,0.08929,0.144899,0.004596,0.023944,0.872083,0.008446,200,0
0.210101,0.271681,0.267622,0.014711,0.116284,0.720164,0.000686,50,0
0.188189,0.194422,0.194544,0.090357,0.210055,0.771504,0.046132,200,1
0.094696,0.089802,0.05036,0.029031,0.047276,0.893855,0.015572,20,0
0.199805,0.175871,0.168166,0.079526,0.107176,0.807257,0.023576,500,1
0.042004,0.069396,0.039293,0.020607,0.024839,0.874822,0.011469,20,0
0.13668,0.107685,0.111455,0.05911,0.143082,0.839754,0.04481,500,0
0.186064,0.159248,0.109528,0.020895,0.075776,0.80361,0.015135,10,0
0.10401,0.08932,0.087995,0.05015,0.079675,0.886662,0.022497,20,0
0.137754,0.146423,0.029,0.018112,0.151597,0.849454,0.031027,100,0
0.123548,0.145119,0.171979,0.024905,0.015733,0.831291,0.008508,500,0
0.157192,0.099974,0.113784,0.016188,0.077142,0.897556,0.004142,500,1
0.13956,0.122465,0.100784,0.008284,0.068331,0.86008,0.0285,50,0
0.098769,0.081559,0.155908,0.030754,0.024067,0.87287,0.013393,500,0
0.039329,0.103587,0.086154,0.017259,0.014773,0.891192,0.006672,20,0
0.153833,0.159434,0.169718,0.169389,0.330008,0.824801,0.094886,200,1
0.140759,0.09264,0.041862,0.078682,0.117303,0.865897,0.032228,50,0
0.074664,0.169206,0.374056,0.06529,0.118404,0.664935,0.016921,50,0
0.110852,0.109418,0.116783,0.040884,0.070358,0.812395,0.008626,100,0
0.143562,0.128965,0.249038,0.111797,0.208193,0.751647,0.050055,200,1
0.056841,0.044812,0.04233,0.010081,0.009488,0.954254,0.002662,10,0
0.078484,0.105407,0.050067,0.026713,0.073767,0.903668,0.015529,50,0
0.173652,0.217422,0.329508,0.047535,0.081587,0.772169,0.037274,20,1
0.309719,0.305698,0.103361,0.007009,0.06969,0.724893,0.018383,500,0
0.084457,0.098388,0.052777,0.014368,0.012853,0.901461,0.008623,20,1
0.117296,0.225581,0.072172,0.055076,0.094852,0.777506,0.000442,200,0
0.134728,0.148485,0.141043,0.008535,0.126462,0.825764,0.028945,100,0
0.150674,0.16722,0.195597,0.108568,0.179842,0.780528,0.030464,500,1
0.16703,0.136304,0.033365,0.022035,0.132169,0.864113,0.018344,500,0
0.103302,0.128397,0.128282,0.076304,0.085162,0.869381,0.030178,10,1
0.090287,0.099198,0.080094,0.030973,0.016655,0.883717,0.010734,20,1
0.244053,0.239234,0.078383,0.067888,0.147522,0.722486,0.026576,10,0
0.154785,0.165953,0.140676,0.078518,0.177735,0.820491,0.050075,2000,0
0.120922,0.135277,0.147937,0.018095,0.023501,0.871508,0.014269,2000,0
0.198922,0.234801,0.177627,0.024155,0.100418,0.687807,0.007414,500,1
0.131133,0.176338,0.13414,0.050376,0.106879,0.836058,0.021807,500,0
0.084365,0.095556,0.090915,0.037894,0.028373,0.884952,0.016722,100,0
0.121363,0.113975,0.100021,0.054761,0.049365,0.883036,0.029118,50,1
0.2032,0.203148,0.176469,0.017157,0.030615,0.831505,0.005482,50,0
0.131308,0.258792,0.173228,0.022726,0.110681,0.728693,0.020178,20,0
0.203499,0.205115,0.203646,0.11376,0.213266,0.78847,0.034134,500,0
0.132045,0.121987,0.119785,0.028559,0.120146,0.849231,0.038034,10,0
0.152299,0.182196,0.274327,0.155843,0.285483,0.74906,0.073625,200,1
0.20442,0.158921,0.222223,0.02104,0.136462,0.765922,0.019796,500,0
0.180665,0.168157,0.126518,0.035956,0.082237,0.812866,0.023902,100,0
0.15197,0.177102,0.243973,0.142627,0.26256,0.763273,0.071747,100,1
0.123819,0.094885,0.065267,0.044907,0.066435,0.899338,0.019888,10,0
0.098146,0.29775,0.196958,0.047417,0.128221,0.685222,0.004774,10,0
0.120272,0.125308,0.135972,0.033332,0.097042,0.857052,0.014583,10,0
0.150514,0.158596,0.183694,0.172479,0.310927,0.827481,0.080474,20,1
0.119291,0.105578,0.090304,0.026304,0.092573,0.879221,0.028274,10,0
0.138352,0.208236,0.135369,0.067298,0.142458,0.789295,0.028798,100,0
0.160569,0.240503,0.176629,0.048659,0.043363,0.737756,0.007675,10,1
0.146387,0.160646,0.203677,0.189237,0.357128,0.809988,0.091237,100,1
0.135398,0.138408,0.099741,0.015149,0.118704,0.874516,0.038182,200,0
0.152663,0.126306,0.035419,0.03665,0.1326,0.828815,0.023438,100,0
0.175763,0.301077,0.012968,0.019892,0.063986,0.733472,0.007311,20,0
0.11098,0.120378,0.162202,0.050572,0.107187,0.864871,0.029555,50,0
0.11782,0.073992,0.054539,0.049899,0.045535,0.863427,0.014784,10,0
0.108329,0.031619,0.0,0.024558,0.024904,0.882477,0.002676,10,0
0.124942,0.206454,0.240222,0.052375,0.096294,0.800667,0.024743,2000,0
0.069941,0.077243,0.082711,0.024274,0.037157,0.917535,0.010996,20,0
0.125661,0.0,0.0,0.027762,0.037164,0.844205,0.010271,200,0
0.137315,0.169311,0.274019,0.172219,0.312626,0.7664,0.074974,100,1
0.186488,0.164504,0.153098,0.025073,0.139708,0.702883,0.041532,50,1
0.100724,0.103927,0.123504,0.03169,0.064008,0.868347,0.017016,10,0
0.181131,0.164142,0.07377,0.018779,0.022327,0.693152,0.0094,500,0
0.246286,0.18741,0.054833,0.144377,0.307519,0.772913,0.079156,10,0
0.126554,0.147413,0.12803,0.008974,0.110179,0.856047,0.00402,200,0
0.206153,0.207461,0.168424,0.078052,0.221828,0.797181,0.101564,2000,0
0.124534,0.194995,0.323937,0.056739,0.12078,0.714535,0.021111,50,1
0.126025,0.162946,0.12473,0.043505,0.140045,0.800314,0.026071,500,0
0.173626,0.207577,0.146523,0.029708,0.125444,0.693695,0.007608,500,1
0.121053,0.115873,0.06892,0.035322,0.103001,0.859161,0.028183,100,0
0.069892,0.071618,0.077464,0.010477,0.007708,0.928453,0.004059,50,1
0.100555,0.157854,0.126754,0.015208,0.098043,0.856347,0.009693,200,0
0.148816,0.133004,0.136017,0.012502,0.061568,0.86258,0.027439,200,0
0.176362,0.19056,0.197396,0.103165,0.126852,0.820455,0.057458,20,1
0.105477,0.108571,0.100081,0.011813,0.067276,0.897426,0.005513,50,0
0.124598,0.12173,0.092325,0.08444,0.145711,0.862085,0.03531,2000,1
0.10343,0.202217,0.149211,0.034213,0.089426,0.790685,0.040372,2000,0
0.130968,0.084324,0.14348,0.0576,0.065389,0.883005,0.035524,100,0
0.087959,0.090547,0.158479,0.049913,0.045216,0.835166,0.014703,100,0
0.169758,0.206874,0.218036,0.058412,0.048259,0.81571,0.020961,200,1
0.109271,0.153023,0.141016,0.007893,0.064998,0.868421,0.015764,20,0
0.199683,0.040945,0.14235,0.02726,0.04418,0.790803,0.009729,200,1
0.234821,0.118215,0.071019,0.076972,0.116153,0.754615,0.028215,100,0
0.169948,0.163391,0.141762,0.016025,0.08128,0.833332,0.019322,200,0
0.180074,0.197308,0.163229,0.120232,0.257825,0.721097,0.070416,50,1
0.192579,0.188484,0.201739,0.139194,0.265492,0.799357,0.070123,20,1
0.068138,0.200328,0.163871,0.037997,0.094981,0.78996,0.023297,2000,1
0.107927,0.11669,0.126295,0.031133,0.109726,0.867855,0.028781,50,1
0.091961,0.119845,0.106367,0.02167,0.102309,0.870222,0.01942,500,0
0.081906,0.0789,0.098784,0.012996,0.009675,0.899336,0.005704,2000,0
0.060294,0.102063,0.083904,0.047401,0.04067,0.894256,0.015894,200,0
0.115244,0.188212,0.128878,0.044888,0.155414,0.824973,0.013286,2000,0
0.128508,0.106328,0.077801,0.048061,0.092929,0.868356,0.021171,20,0
0.16475,0.174711,0.078505,0.056557,0.099466,0.791293,0.014533,50,0
0.073986,0.123871,0.114244,0.094036,0.100703,0.858445,0.025219,10,0
0.13631,0.186137,0.186981,0.050377,0.124079,0.784846,0.027911,20,0
0.231961,0.215366,0.087835,0.048144,0.098661,0.813376,0.005966,20,0
0.204993,0.193097,0.182157,0.01138,0.070661,0.836848,0.009187,200,0
0.119338,0.268413,0.243665,0.063759,0.079741,0.665611,0.017062,500,1
0.16414,0.213689,0.306586,0.052865,0.130329,0.7299,0.022612,100,1
0.077109,0.150569,0.116992,0.024332,0.06639,0.846004,0.013027,10,0
0.221988,0.260546,0.146651,0.067227,0.113429,0.757619,0.02616,10,0
0.131602,0.194181,0.115279,0.022716,0.091085,0.837816,0.033154,10,0
0.092661,0.094825,0.087773,0.023149,0.068696,0.907777,0.01039,10,0
0.092973,0.087913,0.10967,0.011429,0.053334,0.892797,0.015624,10,0
0.18814,0.189469,0.135706,0.082517,0.134576,0.790137,0.046515,100,0
0.087242,0.212539,0.317475,0.052605,0.079462,0.712156,0.025485,500,1
0.137506,0.239252,0.098837,0.039223,0.128862,0.775796,0.031188,200,0
0.211162,0.240969,0.03819,0.078344,0.097318,0.79516,0.02097,500,0
0.137064,0.156945,0.12589,0.007623,0.11379,0.850019,0.041496,20,0
0.115773,0.174962,0.110649,0.006902,0.081299,0.860845,0.018841,20,0
0.110814,0.139252,0.279615,0.075943,0.131164,0.711495,0.021184,100,1
0.13584,0.139792,0.032103,0.043167,0.133967,0.85418,0.028284,20,0
0.121139,0.154321,0.123048,0.013085,0.113453,0.874543,0.004508,200,0
0.196774,0.231174,0.17391,0.015693,0.085582,0.756846,0.029126,200,0
0.203763,0.201388,0.303701,0.100702,0.212807,0.688734,0.029579,200,1
0.135205,0.173771,0.074981,0.028867,0.094476,0.853749,0.009102,10,0
0.12001,0.163716,0.092257,0.054545,0.033823,0.802761,0.013438,100,1
0.151727,0.140586,0.18928,0.068071,0.206938,0.795777,0.047201,200,1
0.086424,0.074831,0.124524,0.009551,0.028178,0.906308,0.014501,500,0
0.153827,0.136608,0.115964,0.076463,0.137251,0.817471,0.037937,100,0
0.176667,0.143915,0.053703,0.01165,0.10353,0.824403,0.011449,20,0
0.087702,0.107231,0.076377,0.017108,0.091706,0.8946,0.012627,10,0
0.095131,0.06263,0.1017,0.011299,0.023404,0.893729,0.007098,200,0
0.164739,0.126242,0.085805,0.043248,0.148405,0.839463,0.012961,10,0
0.203597,0.238081,0.153287,0.044498,0.124724,0.749731,0.038805,50,0
0.185592,0.171411,0.282523,0.079686,0.164926,0.704656,0.020103,200,1
0.101955,0.181507,0.093708,0.061057,0.085163,0.824226,0.022747,100,0
0.082214,0.13557,0.045984,0.018389,0.05875,0.876352,0.008867,20,0
0.12816,0.151366,0.217559,0.04966,0.097309,0.787338,0.023077,20,0
0.120481,0.098832,0.081926,0.024279,0.126,0.873208,0.010049,50,0
0.174727,0.16382,0.173728,0.081991,0.137304,0.829948,0.062785,500,1
0.136324,0.231896,0.147545,0.040705,0.140586,0.825301,0.030024,100,0
0.143007,0.140858,0.279521,0.051469,0.130596,0.70145,0.013568,20,1
0.129952,0.19214,0.229772,0.082101,0.156268,0.79237,0.046204,200,0
0.148878,0.183629,0.176576,0.056325,0.143563,0.788215,0.03208,10,0
0.142166,0.147211,0.166575,0.171639,0.30871,0.845596,0.080894,100,1
0.109238,0.146705,0.152851,0.050062,0.103016,0.84841,0.028101,500,0
0.166301,0.181661,0.161417,0.076395,0.250177,0.704561,0.06456,10,1
0.125375,0.124867,0.12791,0.021399,0.125943,0.895742,0.007049,200,0
0.131148,0.11707,0.110449,0.028836,0.110886,0.805554,0.029899,50,0
0.097912,0.115076,0.132297,0.101285,0.172475,0.832818,0.053032,2000,0
0.106466,0.117877,0.164972,0.010619,0.020826,0.859504,0.01534,10,0
0.196777,0.089162,0.212897,0.057482,0.088456,0.795444,0.035256,500,1
0.106503,0.128,0.150377,0.033928,0.035379,0.83028,0.01817,20,0
0.123101,0.157212,0.121564,0.07067,0.163368,0.820143,0.014811,100,0
0.167533,0.17411,0.019687,0.014212,0.099973,0.820396,0.01784,50,0
0.120479,0.123632,0.042915,0.020292,0.049925,0.791114,0.005204,500,1
0.088115,0.100381,0.075302,0.04371,0.058118,0.883976,0.022828,10,1
0.142586,0.17301,0.13526,0.031869,0.144746,0.825105,0.028398,50,0
0.148002,0.152888,0.147365,0.04375,0.086648,0.819412,0.025199,200,1
0.106936,0.130631,0.130926,0.013858,0.124735,0.864595,0.035368,100,0
0.199327,0.262458,0.168329,0.016133,0.028832,0.779254,0.003949,20,0
0.197925,0.202005,0.228538,0.12725,0.271018,0.766077,0.063313,100,1
0.137582,0.246058,0.20312,0.03594,0.098249,0.736406,0.014273,10,0
0.10857,0.137056,0.174365,0.037138,0.161293,0.855308,0.027715,200,0
0.13959,0.139444,0.195806,0.059716,0.16988,0.854116,0.025847,200,0
0.099869,0.083412,0.071587,0.010339,0.042491,0.889309,0.018109,10,0
0.234016,0.235699,0.112105,0.042572,0.095255,0.786227,0.025539,500,0
0.144712,0.203479,0.135422,0.11186,0.168846,0.803622,0.040791,20,0
0.143472,0.144139,0.102278,0.096911,0.181047,0.834063,0.039587,2000,1
0.098199,0.075967,0.121998,0.025107,0.039856,0.846983,0.014508,200,0
0.122857,0.117851,0.227822,0.094876,0.109336,0.83371,0.052079,500,1
0.116298,0.142949,0.113372,0.092035,0.169555,0.848465,0.037889,2000,1
0.199365,0.177403,0.112591,0.015623,0.089763,0.774872,0.025796,200,0
0.083365,0.093542,0.085122,0.017516,0.059782,0.878091,0.013012,10,0
0.120591,0.149153,0.309509,0.032068,0.141953,0.7183,0.023582,100,1
0.135808,0.129436,0.136664,0.090047,0.182364,0.835175,0.049044,100,0
0.072872,0.069334,0.264645,0.055647,0.046306,0.817112,0.0256,500,1
0.106032,0.101388,0.036535,0.037666,0.020861,0.865559,0.006603,2000,0
0.090758,0.144162,0.114887,0.014235,0.103451,0.869778,0.011164,100,0
0.107117,0.088053,0.109084,0.025244,0.082279,0.878449,0.016354,100,0
0.161004,0.188618,0.119789,0.110581,0.108017,0.816939,0.053867,500,1
0.173995,0.179075,0.115744,0.030264,0.070666,0.839616,0.008893,200,0
0.119264,0.213498,0.226369,0.168196,0.181946,0.770111,0.090949,500,0
0.137091,0.151583,0.157628,0.041739,0.151504,0.83306,0.025735,100,0
0.281684,0.306751,0.064277,0.07208,0.104325,0.752357,0.006517,20,0
0.216261,0.159538,0.149746,0.03576,0.104273,0.804685,0.011468,50,0
0.106808,0.153864,0.09067,0.068666,0.137676,0.864703,0.020684,50,0
0.17966,0.092706,0.157738,0.0174,0.077347,0.765051,0.023769,2000,0
0.109774,0.138573,0.196476,0.124549,0.27246,0.817025,0.068616,50,1
0.126833,0.223663,0.102725,0.057409,0.084729,0.768559,0.016871,100,0
0.125209,0.147411,0.296952,0.07308,0.177661,0.701716,0.020881,10,1
0.189294,0.18885,0.163775,0.074561,0.165594,0.812255,0.028796,200,1
0.109967,0.118113,0.105574,0.089073,0.097009,0.877636,0.041994,10,1
0.278725,0.202019,0.015716,0.047054,0.092535,0.738193,0.011553,50,0
0.145839,0.187052,0.319403,0.106383,0.260905,0.741871,0.04397,100,1
0.138375,0.219602,0.101683,0.041714,0.13022,0.800968,0.021139,200,0
0.130742,0.128415,0.089139,0.006917,0.116909,0.840271,0.02315,20,0
0.227792,0.09584,0.111805,0.024959,0.035815,0.653676,0.009382,500,1
0.166969,0.176198,0.20078,0.061229,0.126799,0.810549,0.031574,100,1
0.131802,0.157088,0.134702,0.089958,0.162894,0.836015,0.034514,500,1
0.058762,0.067908,0.068444,0.04523,0.034182,0.916313,0.017615,10,1
0.186207,0.284706,0.089095,0.02484,0.100683,0.728765,0.015165,20,0
0.099828,0.113681,0.096906,0.015682,0.109148,0.902931,0.009662,50,0
0.152321,0.144868,0.042504,0.084085,0.106592,0.818654,0.017131,100,0
0.301218,0.278849,0.220205,0.082643,0.101222,0.743399,0.02423,10,0
0.096398,0.230288,0.172289,0.049941,0.11938,0.75914,0.022361,10,0
0.087242,0.212539,0.317475,0.052605,0.079462,0.712156,0.025485,500,1
0.133671,0.117498,0.120933,0.114102,0.133133,0.844885,0.058572,10,1
0.163034,0.108852,0.035485,0.041957,0.075791,0.866157,0.016225,500,0
0.11636,0.123642,0.126749,0.048841,0.135112,0.864509,0.031103,100,0
0.142965,0.128876,0.125067,0.102689,0.206246,0.844676,0.052841,200,0
0.139268,0.178766,0.229827,0.165292,0.294278,0.783804,0.077827,500,1
0.132817,0.121859,0.148646,0.063722,0.09714,0.83327,0.012555,100,0
0.128193,0.145141,0.202997,0.059442,0.099218,0.834754,0.018532,500,1
0.172089,0.15336,0.176715,0.128901,0.143093,0.8289,0.064336,500,1
0.149435,0.149065,0.140179,0.11116,0.092221,0.850714,0.04192,200,1
0.125564,0.105996,0.126333,0.015946,0.098221,0.850022,0.031869,10,0
0.188395,0.19543,0.310368,0.145819,0.227376,0.708965,0.046774,100,1
0.218037,0.272251,0.182336,0.133319,0.209371,0.744429,0.023105,2000,1
0.128982,0.130385,0.060998,0.042539,0.102916,0.865798,0.019309,200,0
0.09055,0.16701,0.195264,0.031869,0.040544,0.790794,0.013981,10,0
0.115058,0.134051,0.036648,0.070876,0.083172,0.786833,0.022572,20,0
0.110799,0.059793,0.056177,0.048995,0.037788,0.893097,0.019292,10,1
0.155397,0.159431,0.12711,0.022543,0.054051,0.840615,0.032385,2000,0
0.181298,0.178174,0.154929,0.140982,0.233458,0.836202,0.069331,100,0
0.124564,0.147333,0.120512,0.017539,0.101677,0.835624,0.00941,100,0
0.13046,0.107885,0.01672,0.029296,0.082489,0.902547,0.012404,20,0
0.112181,0.152313,0.122863,0.021255,0.059055,0.826513,0.006608,500,1
0.168861,0.225058,0.157362,0.049983,0.087119,0.706976,0.012484,500,1
0.182351,0.167735,0.153819,0.060965,0.069205,0.827294,0.028453,100,1
0.137813,0.181362,0.133685,0.063182,0.1831,0.810245,0.044106,100,0
0.102623,0.124651,0.208901,0.079148,0.115352,0.795723,0.032192,50,0
0.130219,0.114254,0.06166,0.027576,0.069639,0.888737,0.002687,200,0
0.114684,0.10717,0.204239,0.04201,0.127861,0.83314,0.03329,100,0
0.10987,0.173867,0.230223,0.005253,0.065262,0.791408,0.010428,500,1
0.125929,0.116396,0.090692,0.062964,0.117956,0.89019,0.031841,200,0
0.081012,0.133708,0.096067,0.042073,0.051519,0.866904,0.028479,100,0
0.182393,0.175188,0.051485,0.024372,0.023004,0.718768,0.009561,500,0
0.119256,0.128524,0.136161,0.044805,0.177006,0.840175,0.032012,100,0
0.274858,0.229617,0.027401,0.043589,0.094687,0.759022,0.024061,10,0
0.075159,0.066478,0.101877,0.021961,0.020695,0.87923,0.011876,10,0
0.079804,0.09974,0.093094,0.042474,0.039254,0.909887,0.010285,100,0
0.112461,0.110164,0.094672,0.060377,0.067205,0.880483,0.016002,100,0
0.167358,0.100306,0.14937,0.055267,0.083608,0.797244,0.024447,10,0
0.126488,0.158592,0.122713,0.006954,0.097983,0.85791,0.024417,200,0
0.108425,0.1066,0.124689,0.018421,0.097825,0.889706,0.004853,50,0
0.125971,0.142959,0.072929,0.015816,0.105541,0.851261,0.013749,50,0
0.098146,0.119255,0.086985,0.023347,0.024917,0.887463,0.002254,20,0
0.088256,0.12185,0.152987,0.065171,0.113829,0.853778,0.032452,500,0
0.234342,0.282421,0.191441,0.025453,0.098355,0.780718,0.032847,10,0
0.141067,0.201395,0.165062,0.006252,0.187589,0.78701,0.028662,100,0
0.278259,0.288975,0.130252,0.101031,0.143915,0.787409,0.022812,500,0
0.114885,0.165222,0.230182,0.05862,0.068688,0.766687,0.013531,500,1
0.120877,0.12147,0.148949,0.01227,0.099073,0.87189,0.030398,10,0
0.162666,0.167668,0.164442,0.058731,0.085798,0.843293,0.016809,20,1
0.139433,0.163204,0.124011,0.042023,0.036291,0.84719,0.017493,100,1
0.096495,0.098066,0.062786,0.022167,0.067721,0.920115,0.0151,100,0
0.194073,0.253667,0.279909,0.009018,0.04582,0.756196,0.004,500,1
0.159271,0.163799,0.0462,0.039185,0.172098,0.868017,0.039674,200,0
0.204933,0.271873,0.244607,0.171062,0.249309,0.688467,0.035873,500,0
0.085587,0.071451,0.08129,0.039039,0.029438,0.907227,0.019963,100,1
0.191464,0.256589,0.287008,0.038293,0.097976,0.723751,0.00071,200,0
0.112899,0.155824,0.054326,0.016143,0.067166,0.838703,0.013498,100,0
0.179877,0.161764,0.093363,0.022986,0.041958,0.858358,0.017158,10,0
0.046359,0.047849,0.091773,0.013757,0.009816,0.928411,0.009115,10,1
0.159774,0.168866,0.177015,0.148277,0.269529,0.827377,0.070471,100,1
0.127324,0.118741,0.044599,0.068738,0.101176,0.845765,0.01369,100,0
0.16603,0.172561,0.15505,0.177941,0.316124,0.8237,0.078539,200,1
0.111735,0.127757,0.142327,0.02713,0.076304,0.846351,0.012298,20,0
0.135252,0.142625,0.185226,0.130845,0.271122,0.825816,0.069159,20,1
0.19909,0.166693,0.08366,0.03163,0.077939,0.805413,0.015466,50,0
0.159015,0.152997,0.174209,0.048181,0.111944,0.772765,0.03155,10,0
0.212424,0.212761,0.293931,0.099428,0.230124,0.647556,0.049087,20,1
0.155296,0.258666,0.207354,0.015011,0.108464,0.745194,0.02879,50,0
0.123307,0.154172,0.270457,0.05383,0.125669,0.793857,0.017947,20,1
0.127342,0.121218,0.100096,0.021375,0.089158,0.886242,0.028841,20,0
0.1834,0.155516,0.307903,0.066798,0.128269,0.776188,0.02821,100,0
0.16407,0.186674,0.077569,0.06801,0.133065,0.835497,0.046581,200,0
0.174512,0.228694,0.326499,0.087273,0.206269,0.720971,0.029255,200,1
0.305386,0.308768,0.288818,0.052563,0.064142,0.697938,0.011811,100,0
0.097172,0.142023,0.154819,0.052424,0.041453,0.868124,0.015915,500,1
0.176158,0.162037,0.203733,0.100509,0.077445,0.797366,0.015691,20,1
0.089158,0.079517,0.09445,0.027927,0.072985,0.910548,0.052567,20,0
0.210725,0.210654,0.158301,0.131746,0.253636,0.78398,0.067032,500,0
0.146413,0.15887,0.114694,0.015602,0.135661,0.870165,0.023908,20,0
0.181567,0.187204,0.163333,0.125596,0.21714,0.825175,0.050694,50,0
0.163675,0.186041,0.143958,0.046047,0.129427,0.803794,0.005471,200,0
0.080783,0.087871,0.038277,0.031553,0.026565,0.906058,0.014449,10,0
0.170152,0.170039,0.271543,0.005988,0.188065,0.688207,0.03723,200,1
0.202488,0.220211,0.200515,0.066548,0.199858,0.803759,0.046815,20,1
0.219407,0.187382,0.099503,0.037028,0.050167,0.752644,0.042201,500,1
0.116282,0.16433,0.204197,0.019707,0.12129,0.814764,0.03405,2000,0
0.156209,0.172772,0.186608,0.141917,0.240111,0.814778,0.060283,20,1
0.244788,0.122063,0.24305,0.063858,0.125869,0.761884,0.05581,500,1
0.167586,0.19494,0.203878,0.094175,0.148746,0.81022,0.031845,100,1
0.164481,0.169627,0.165529,0.035187,0.047169,0.84254,0.029697,20,1
0.106965,0.128601,0.10109,0.110276,0.117351,0.874986,0.052306,10,1
0.103101,0.134342,0.08829,0.043715,0.036941,0.875208,0.014542,100,1
0.177083,0.246114,0.113493,0.063341,0.127105,0.764176,0.032893,500,0
0.209601,0.246448,0.136281,0.091542,0.127447,0.76433,0.0264,10,0
0.08425,0.098895,0.089757,0.032587,0.02457,0.900951,0.007133,100,0
0.106943,0.127485,0.091801,0.049376,0.111121,0.863353,0.043022,20,0
0.204933,0.271873,0.244607,0.171062,0.249309,0.688467,0.035873,500,0
0.091322,0.155106,0.163256,0.050201,0.098455,0.854661,0.030507,50,0
0.117236,0.154522,0.166474,0.061271,0.13408,0.842994,0.033468,20,0
0.113734,0.09796,0.114398,0.031453,0.066241,0.837089,0.016731,10,0
0.114506,0.152874,0.128083,0.014206,0.114431,0.858867,0.029736,20,0
0.082596,0.096938,0.075213,0.027526,0.040647,0.895686,0.021323,10,0
0.238271,0.231629,0.118324,0.052489,0.12536,0.791567,0.003276,100,0
0.12899,0.106941,0.121646,0.010859,0.08353,0.892999,0.004047,50,0
0.141296,0.235214,0.12227,0.033006,0.127995,0.749095,0.024249,100,0
0.071382,0.09231,0.19326,0.017287,0.018429,0.875893,0.012687,20,0
0.145477,0.163744,0.258062,0.02096,0.152672,0.735793,0.018728,50,1
0.186565,0.125482,0.117268,0.036409,0.114258,0.813436,0.022986,200,0
0.161469,0.168654,0.109617,0.021005,0.085967,0.812641,0.018801,10,0
0.137419,0.166656,0.140108,0.014142,0.065339,0.84996,0.010942,20,0
0.115196,0.124526,0.088885,0.027652,0.132219,0.871918,0.03249,100,0
0.092161,0.092394,0.095129,0.054133,0.082377,0.861241,0.032035,200,0
0.122023,0.106402,0.099065,0.022531,0.108437,0.903934,0.014757,100,0
0.108998,0.121969,0.15866,0.134262,0.241253,0.85363,0.063608,100,1
0.186667,0.256647,0.222568,0.052241,0.137277,0.756145,0.029009,20,0
0.131627,0.156888,0.146012,0.089517,0.164294,0.830382,0.037177,500,1
0.144787,0.247131,0.115249,0.028181,0.124491,0.781303,0.020771,50,0
0.138934,0.154687,0.175919,0.07561,0.240699,0.830922,0.049358,100,1
0.121744,0.181269,0.148383,0.039297,0.133792,0.836958,0.01092,2000,0
0.118051,0.12776,0.115242,0.113904,0.126915,0.86228,0.052864,50,1
0.117973,0.130639,0.119564,0.008813,0.111828,0.868507,0.032214,100,0
0.112057,0.129826,0.155022,0.088116,0.12391,0.847918,0.061707,500,1
0.117014,0.142647,0.120649,0.112948,0.131477,0.847668,0.052376,50,1
0.189945,0.188935,0.141345,0.051576,0.115845,0.800772,0.026859,50,0
0.1295,0.163761,0.197938,0.157534,0.295842,0.810933,0.077884,500,1
0.207902,0.226131,0.192864,0.039073,0.201812,0.808084,0.041727,500,0
0.142422,0.144729,0.164715,0.121763,0.138337,0.840026,0.059987,500,1
0.141908,0.169104,0.11725,0.069278,0.113272,0.842448,0.028829,200,0
0.151371,0.167604,0.136795,0.077881,0.167038,0.823026,0.03929,10,1
0.121683,0.107768,0.022021,0.004115,0.018219,0.902539,0.006934,50,0
0.112515,0.154576,0.143684,0.004465,0.009817,0.855001,0.011971,2000,0
0.127684,0.12406,0.250562,0.099037,0.165377,0.804203,0.042485,500,0
0.141975,0.160447,0.131502,0.163032,0.158576,0.828055,0.074428,100,1
0.075719,0.129591,0.078833,0.054186,0.043786,0.859812,0.010295,50,1
0.093777,0.097862,0.186925,0.050909,0.058902,0.820422,0.016492,500,1
0.104264,0.137889,0.127415,0.072737,0.138874,0.842224,0.025189,10,0
0.152448,0.101367,0.153121,0.023657,0.089586,0.873172,0.04143,20,0
0.147141,0.162548,0.088147,0.016337,0.097327,0.872458,0.02266,500,0
0.141913,0.125368,0.290075,0.048666,0.136963,0.693005,0.013868,20,1
0.114194,0.131027,0.092982,0.038025,0.047347,0.879919,0.015523,20,0
0.134552,0.126287,0.049887,0.037917,0.117759,0.877223,0.035856,500,0
0.171035,0.158027,0.083067,0.051291,0.131796,0.831107,0.029807,500,1
0.16012,0.186971,0.182145,0.058955,0.154605,0.81765,0.032754,100,1
0.110793,0.160287,0.163376,0.052888,0.106534,0.765995,0.02266,2000,0
0.172217,0.152344,0.266458,0.088757,0.151405,0.777962,0.055324,2000,1
0.152948,0.176706,0.151324,0.052666,0.157047,0.829973,0.033744,500,0
0.145521,0.181751,0.049553,0.016334,0.103453,0.794911,0.014946,10,0
0.155809,0.17721,0.151438,0.051287,0.21742,0.817321,0.030861,100,0
0.169841,0.224154,0.020012,0.031585,0.068682,0.854137,0.012452,50,0
0.141032,0.198533,0.300266,0.060856,0.150166,0.744384,0.028447,500,1
0.16395,0.200861,0.214181,0.146998,0.169375,0.797858,0.077282,20,1
0.13155,0.172614,0.142367,0.016738,0.071287,0.847292,0.007834,10,0
0.131428,0.129621,0.167193,0.026788,0.125976,0.802003,0.027842,10,0
0.110436,0.112084,0.153844,0.045066,0.080567,0.861714,0.019317,20,0
0.125493,0.141911,0.22541,0.048061,0.112978,0.810672,0.026415,10,0
0.14034,0.132509,0.11024,0.074382,0.126938,0.850277,0.017836,20,0
0.175413,0.144907,0.044296,0.021086,0.070326,0.813148,0.030999,200,1
0.156689,0.160363,0.083313,0.070331,0.147547,0.851884,0.045733,20,0
0.111157,0.176496,0.138118,0.039927,0.089727,0.83054,0.020568,10,0
0.071341,0.167181,0.064487,0.037823,0.07334,0.844873,0.020958,10,0
0.125633,0.109053,0.10473,0.084756,0.145701,0.867043,0.041197,10,0
0.115434,0.186997,0.138338,0.041374,0.090683,0.824502,0.02259,20,0
0.148623,0.166597,0.117046,0.042471,0.062153,0.829081,0.026001,500,1
0.17115,0.213516,0.101761,0.042632,0.123712,0.752906,0.029266,100,0
0.169668,0.193949,0.134124,0.109412,0.1244,0.835259,0.050928,500,1
0.15775,0.179194,0.33329,0.083352,0.198701,0.72181,0.028804,20,1
0.191425,0.188479,0.132588,0.118172,0.232691,0.811191,0.059056,500,0
0.145007,0.151713,0.212016,0.014672,0.098039,0.834339,0.031048,10,0
0.110469,0.134248,0.112536,0.090718,0.115954,0.850241,0.024517,20,0
0.058948,0.065235,0.062446,0.014879,0.051427,0.933272,0.007816,50,0
0.192983,0.176902,0.134808,0.046043,0.067574,0.754098,0.024612,20,1
0.153884,0.120227,0.160707,0.005676,0.126686,0.84881,0.007264,500,0
0.153005,0.177188,0.142607,0.006341,0.11022,0.835125,0.023557,50,0
0.145389,0.14778,0.182547,0.08369,0.269973,0.79694,0.071959,200,1
0.169859,0.170901,0.095624,0.079398,0.05884,0.844122,0.016688,50,0
0.099553,0.137098,0.108947,0.007785,0.032943,0.845158,0.02162,100,0
0.15754,0.172036,0.160431,0.056201,0.131949,0.791899,0.014903,100,0
0.118585,0.14406,0.124046,0.066114,0.126904,0.866947,0.028886,500,0
0.142175,0.250062,0.182041,0.004944,0.168709,0.777328,0.001813,2000,0
0.180438,0.178599,0.160002,0.068531,0.120918,0.801518,0.016242,100,0
0.219555,0.190055,0.175788,0.032652,0.124022,0.810021,0.025846,10,0
0.190341,0.201371,0.148467,0.053993,0.189784,0.816205,0.02582,200,1
0.127549,0.1421,0.131584,0.131777,0.145276,0.856397,0.065419,10,1
0.155799,0.192096,0.16844,0.020272,0.082452,0.737648,0.007349,500,1
0.167645,0.161499,0.117135,0.039099,0.154296,0.821951,0.050518,20,0
0.252803,0.247671,0.042238,0.022998,0.087291,0.828451,0.011847,20,0
0.123365,0.13731,0.055972,0.015103,0.095085,0.896118,0.014113,100,0
0.106763,0.126968,0.064677,0.034627,0.099382,0.865258,0.015678,10,0
0.188771,0.25506,0.256955,0.015328,0.116248,0.74129,0.009259,20,0
0.172921,0.169723,0.099689,0.06549,0.13675,0.829477,0.038739,100,0
0.142143,0.135253,0.152807,0.034651,0.023341,0.846207,0.011519,500,1
0.15837,0.164947,0.226473,0.031942,0.131086,0.77183,0.029656,20,0
0.138852,0.12547,0.107442,0.220443,0.353931,0.853024,0.09101,10,0
0.129254,0.134994,0.208757,0.134826,0.183478,0.791289,0.054356,200,0
0.131823,0.134667,0.151037,0.08104,0.129811,0.785174,0.020237,10,0
0.178634,0.188558,0.333605,0.022923,0.204147,0.690943,0.030015,20,1
0.091899,0.096367,0.047254,0.037293,0.025223,0.919123,0.00847,20,0
0.160615,0.134763,0.085311,0.01306,0.073621,0.859617,0.029374,10,0
0.182116,0.197703,0.283378,0.099086,0.177985,0.698338,0.045043,500,0
0.229411,0.179333,0.173569,0.02107,0.196411,0.820558,0.021155,100,0
0.188191,0.152336,0.180634,0.035429,0.059578,0.822514,0.010287,500,0
0.209045,0.202188,0.258194,0.060192,0.223392,0.750078,0.044531,20,1
0.158244,0.208807,0.301026,0.04981,0.141075,0.749806,0.040119,100,1
0.144909,0.185794,0.148861,0.101691,0.111102,0.847211,0.051872,200,1
0.083149,0.110757,0.069849,0.023727,0.048444,0.85614,0.00482,500,1
0.118724,0.117937,0.120269,0.050092,0.035327,0.847872,0.005378,50,1
0.21691,0.175899,0.051365,0.02382,0.095825,0.808495,0.00918,10,0
0.189815,0.17234,0.138811,0.019557,0.073177,0.838508,0.006308,500,1
0.123457,0.126257,0.065405,0.056668,0.088161,0.897423,0.01619,100,0
0.116779,0.14108,0.091404,0.029607,0.057917,0.882848,0.002337,20,0
0.179303,0.274157,0.20951,0.06071,0.12834,0.757413,0.033555,500,0
0.215845,0.190463,0.022985,0.022833,0.06707,0.843737,0.012236,50,0
0.153104,0.12975,0.160884,0.047632,0.149496,0.836985,0.02736,10,0
0.147407,0.182435,0.094727,0.022492,0.042783,0.804025,0.032756,200,1
0.116819,0.085618,0.120623,0.015116,0.087521,0.872499,0.011463,50,0
0.128506,0.164582,0.116508,0.081496,0.156495,0.855906,0.018857,20,0
0.11098,0.263138,0.183627,0.117073,0.183535,0.747395,0.049803,200,0
0.158522,0.165207,0.143959,0.00597,0.078416,0.831335,0.021889,20,0
0.221737,0.188678,0.13817,0.174281,0.304084,0.801549,0.095064,20,0
0.158545,0.159466,0.122498,0.087326,0.124733,0.812206,0.04123,500,0
0.135199,0.193815,0.125686,0.02862,0.100698,0.786004,0.05592,20,0
0.159875,0.203841,0.161527,0.028962,0.126389,0.813802,0.026777,500,0
0.138599,0.187945,0.177439,0.010937,0.106842,0.815694,0.013827,2000,0
0.149657,0.17555,0.229564,0.127047,0.229908,0.7968,0.05768,50,1
0.122518,0.148996,0.099387,0.020738,0.024421,0.843824,0.007555,50,0
0.227614,0.273071,0.294177,0.083476,0.157719,0.712941,0.015996,500,1
0.099506,0.119719,0.088212,0.069129,0.067067,0.88112,0.019837,200,1
0.14314,0.146206,0.111457,0.062549,0.103235,0.764463,0.01926,500,0
0.17618,0.186212,0.147932,0.057069,0.174794,0.829959,0.02391,200,1
0.164733,0.225386,0.168284,0.131811,0.261298,0.779292,0.052662,100,0
0.179599,0.207913,0.142034,0.068619,0.146715,0.80633,0.030416,50,0
0.128569,0.115343,0.019696,0.024321,0.078939,0.862991,0.01124,20,0
0.090336,0.250939,0.177919,0.03163,0.083309,0.731652,0.021689,500,0
0.203015,0.181817,0.103789,0.052717,0.087251,0.796939,0.009693,500,0
0.126789,0.200581,0.207498,0.054661,0.07278,0.796626,0.024684,500,1
0.117156,0.149287,0.139822,0.058961,0.136147,0.851786,0.033349,200,0
0.097069,0.09371,0.115606,0.024665,0.02457,0.893715,0.010469,50,0
0.14911,0.254226,0.16475,0.036702,0.120102,0.778228,0.009662,20,0
0.175794,0.227723,0.174154,0.008672,0.025348,0.79268,0.014826,2000,0
0.131089,0.214392,0.18462,0.09422,0.1568,0.762129,0.03335,100,0
0.137863,0.136619,0.28814,0.044961,0.080518,0.684512,0.016898,20,1
0.081968,0.122784,0.117827,0.065702,0.089746,0.860753,0.027863,20,0
0.124216,0.128694,0.039974,0.009054,0.052777,0.8626,0.018036,20,0
0.107998,0.121851,0.101157,0.015598,0.056975,0.879818,0.01612,200,0
0.095609,0.291834,0.104045,0.030663,0.066649,0.771401,0.015268,500,1
0.112172,0.160168,0.12015,0.031007,0.100492,0.838669,0.003469,10,0
0.128413,0.145933,0.273231,0.080996,0.106116,0.78464,0.049331,100,1
0.135086,0.091611,0.088726,0.02035,0.102799,0.885361,0.008947,20,0
0.076824,0.048719,0.161717,0.061309,0.053859,0.860131,0.007817,100,0
0.171231,0.181396,0.165361,0.184204,0.323656,0.833248,0.081975,200,1
0.245911,0.186627,0.253758,0.043667,0.134632,0.785101,0.030458,10,0
0.183002,0.161354,0.131342,0.06945,0.101138,0.700935,0.036407,50,1
0.187368,0.186362,0.208363,0.020862,0.111603,0.802835,0.026663,10,0
0.095537,0.151587,0.156551,0.016784,0.026647,0.827155,0.003568,10,0
0.174666,0.177243,0.168895,0.058857,0.134286,0.790931,0.033724,200,1
0.080942,0.116679,0.093072,0.025257,0.053649,0.865017,0.007834,100,0
0.12823,0.185329,0.164905,0.061631,0.103946,0.769865,0.024774,20,0
0.171953,0.135591,0.152529,0.044912,0.075216,0.833692,0.018867,10,0
0.082871,0.073919,0.115084,0.055992,0.066786,0.908301,0.01678,10,0
0.094984,0.064278,0.093551,0.010657,0.061572,0.905892,0.004225,50,0
0.143817,0.181552,0.150153,0.058703,0.064956,0.807208,0.009143,200,1
0.221378,0.241519,0.185178,0.053349,0.035929,0.755145,0.013033,100,0
0.164857,0.204606,0.222373,0.043672,0.155676,0.787457,0.010231,200,0
0.214609,0.273274,0.15066,0.014346,0.083465,0.814559,0.006714,200,0
0.133939,0.125096,0.128922,0.050533,0.092205,0.871385,0.004286,20,0
0.114237,0.175348,0.090898,0.031155,0.027675,0.773949,0.009392,10,0
0.10948,0.087018,0.186506,0.099199,0.161695,0.814481,0.036945,50,0
0.159832,0.152837,0.174173,0.077614,0.129886,0.822493,0.028495,50,0
0.110679,0.214134,0.240964,0.10495,0.144664,0.771286,0.026044,200,0
0.07396,0.074522,0.035913,0.039832,0.013992,0.937794,0.005436,50,0
0.120384,0.102537,0.071461,0.004109,0.032995,0.886685,0.002029,20,0
0.104832,0.159333,0.238207,0.070499,0.09851,0.81391,0.021084,50,0
0.099807,0.134546,0.115876,0.026991,0.066327,0.865445,0.009207,100,0
0.111607,0.133056,0.102358,0.074621,0.141274,0.864709,0.050089,2000,0
0.153607,0.137985,0.052228,0.007285,0.130916,0.851716,0.020898,2000,0
0.153665,0.126353,0.135617,0.077255,0.119994,0.838579,0.040174,10,0
0.105274,0.098682,0.080582,0.0591,0.119467,0.866613,0.045688,100,0
0.175206,0.178584,0.157387,0.160703,0.285168,0.82534,0.070948,500,1
0.153453,0.165983,0.133751,0.070576,0.128151,0.82375,0.041066,500,0
0.191133,0.220803,0.184246,0.06732,0.132023,0.808228,0.028476,500,1
0.102771,0.072312,0.150015,0.036586,0.043058,0.889265,0.002056,20,0
0.253057,0.08236,0.053683,0.066544,0.113869,0.797855,0.036215,50,0
0.193716,0.279306,0.203388,0.05823,0.279854,0.715568,0.064654,2000,0
0.135344,0.102533,0.137314,0.04753,0.113476,0.867424,0.035727,200,0
0.258569,0.115305,0.0,0.010037,0.018406,0.741071,0.010135,50,0
0.126607,0.170903,0.070263,0.062799,0.128168,0.861691,0.041254,500,0
0.154899,0.152599,0.177567,0.052576,0.13433,0.768194,0.03308,100,0
0.050049,0.0671,0.090855,0.057413,0.072359,0.902193,0.010504,20,0
0.118811,0.104629,0.025007,0.055811,0.075978,0.894026,0.003387,200,0
0.182053,0.20165,0.184288,0.126145,0.141176,0.808434,0.059789,500,1
0.135993,0.104838,0.043424,0.007184,0.083265,0.874416,0.014643,100,0
0.142972,0.148606,0.239722,0.032604,0.071604,0.766961,0.017352,20,1
0.048312,0.218415,0.044286,0.019935,0.018216,0.786843,0.00372,20,0
0.085356,0.188252,0.132084,0.038575,0.043172,0.814675,0.011209,10,0
0.165953,0.137526,0.101519,0.03881,0.035144,0.760666,0.010827,500,1
0.098418,0.085186,0.36752,0.047339,0.043028,0.777337,0.024153,50,1
0.120582,0.148646,0.093778,0.044134,0.068713,0.84781,0.014003,50,0
0.163899,0.163423,0.135074,0.006678,0.144345,0.845174,0.015658,500,0
0.126577,0.138827,0.103571,0.038117,0.107921,0.857906,0.032142,100,0
0.149173,0.127073,0.159899,0.014805,0.085711,0.830489,0.013018,50,0
0.123846,0.156443,0.103491,0.045345,0.058173,0.766803,0.013061,20,0
0.067251,0.068439,0.063343,0.005606,0.008353,0.932549,0.004292,500,0
0.174641,0.147765,0.084718,0.025067,0.09083,0.832116,0.011437,200,0
0.211233,0.18018,0.086857,0.090656,0.120968,0.794386,0.039752,10,0
0.049251,0.050079,0.041872,0.014209,0.01474,0.941471,0.008586,20,0
0.099787,0.106994,0.052834,0.019225,0.088755,0.91993,0.016834,10,0
0.106018,0.10359,0.094271,0.083728,0.124037,0.902595,0.03157,10,0
0.121471,0.1013,0.083402,0.036926,0.111495,0.904022,0.013257,50,0
0.162124,0.162471,0.137047,0.111272,0.209269,0.817787,0.053555,500,1
0.217749,0.24013,0.196901,0.037478,0.073995,0.765172,0.021296,50,0
0.20291,0.143995,0.162094,0.023025,0.086004,0.798208,0.025507,500,0
0.183698,0.192222,0.141701,0.110587,0.249413,0.828378,0.082885,20,1
0.079186,0.089051,0.157821,0.072326,0.038099,0.837027,0.017347,50,0
0.208121,0.201491,0.191572,0.05753,0.120253,0.77879,0.039141,50,0
0.153797,0.165787,0.15745,0.066935,0.121832,0.835116,0.021437,500,1
0.099981,0.096222,0.036785,0.020418,0.095872,0.899657,0.021994,200,0
0.147779,0.229048,0.186607,0.121523,0.133856,0.776142,0.059171,500,1
0.219347,0.257983,0.14587,0.065022,0.127241,0.738253,0.024398,200,0
0.208428,0.225058,0.196068,0.010192,0.09448,0.780279,0.010797,500,1
0.099229,0.100942,0.121376,0.004095,0.092627,0.879855,0.024181,100,0
0.157673,0.17619,0.059132,0.071555,0.110153,0.861079,0.032072,50,0
0.076685,0.074533,0.061844,0.027591,0.061908,0.919173,0.010292,2000,0
0.148843,0.128949,0.192211,0.035322,0.099557,0.801349,0.02946,10,0
0.138574,0.193357,0.073325,0.024991,0.128371,0.798054,0.019998,500,0
0.185507,0.182338,0.308635,0.106465,0.226298,0.681883,0.039669,100,1
0.132567,0.103425,0.100371,0.092115,0.106134,0.860833,0.046544,10,1
0.202395,0.211598,0.1818,0.084026,0.225407,0.797514,0.03469,500,1
0.207902,0.226131,0.192864,0.039073,0.201812,0.808084,0.041727,500,0
0.181512,0.209715,0.225067,0.065831,0.167836,0.762052,0.029188,500,1
0.109366,0.094485,0.112005,0.02078,0.113582,0.890254,0.018151,20,0
0.044177,0.044889,0.11989,0.036673,0.044292,0.915942,0.014427,200,1
0.161999,0.183844,0.123393,0.063728,0.123941,0.823614,0.031617,20,0
0.095927,0.108284,0.116398,0.019623,0.050678,0.883024,0.018556,10,0
0.116447,0.148699,0.242231,0.028715,0.124047,0.785847,0.021379,50,1
0.135694,0.140323,0.163471,0.056934,0.104413,0.827935,0.032183,500,0
0.18773,0.187414,0.162859,0.176359,0.313678,0.811519,0.08771,100,0
0.082048,0.072536,0.058513,0.022659,0.068303,0.912608,0.018463,20,0
0.0188,0.1709,0.205792,0.015089,0.007296,0.807312,0.003317,2000,0
0.256005,0.273317,0.0,0.030576,0.099742,0.749438,0.020517,100,0
0.234615,0.291518,0.139805,0.079346,0.113159,0.773505,0.013066,500,0
0.254135,0.228836,0.109608,0.044799,0.083686,0.804734,0.004039,20,0
0.121777,0.249745,0.239742,0.052799,0.122421,0.733766,0.015969,10,0
0.12935,0.176622,0.126186,0.036244,0.069193,0.835191,0.011839,10,0
0.213769,0.2265,0.136924,0.020439,0.111685,0.76844,0.036902,200,0
0.200758,0.208522,0.171498,0.083545,0.223531,0.800444,0.035517,500,1
0.203684,0.328501,0.157856,0.020964,0.070162,0.805508,0.012006,10,0
0.10213,0.235757,0.162336,0.056912,0.104052,0.77396,0.022701,50,0
0.259794,0.256414,0.218182,0.088369,0.123395,0.775798,0.023985,10,0
0.159854,0.173736,0.230693,0.033918,0.184586,0.792832,0.037404,50,0
0.135164,0.143052,0.152441,0.073676,0.116712,0.822683,0.039662,2000,1
0.127796,0.125473,0.038436,0.021138,0.009505,0.820025,0.010809,2000,0
0.210191,0.210844,0.155253,0.13169,0.25371,0.783997,0.064799,500,0
0.118536,0.154115,0.224659,0.026013,0.055317,0.818325,0.014017,500,1
0.115721,0.111704,0.154676,0.009258,0.031846,0.855819,0.013189,500,1
0.138188,0.144482,0.219447,0.005024,0.101561,0.743132,0.019539,500,1
0.185477,0.125257,0.12554,0.041528,0.113764,0.777727,0.015864,50,0
0.088943,0.082177,0.030845,0.051159,0.06501,0.898908,0.018356,10,0
0.187826,0.288479,0.212731,0.015438,0.136166,0.736846,0.011502,20,0
0.168055,0.225783,0.025567,0.053914,0.096129,0.836137,0.019221,50,0
0.157584,0.109526,0.131049,0.049677,0.085884,0.841062,0.034447,10,1
0.125484,0.121358,0.130826,0.098336,0.119772,0.843054,0.052583,100,1
0.181633,0.136846,0.154839,0.033438,0.090884,0.823703,0.025939,10,0
0.159168,0.149899,0.142998,0.101434,0.13211,0.845371,0.060294,50,1
0.158565,0.195122,0.284201,0.0566,0.159725,0.750498,0.026712,500,1
0.13473,0.12984,0.148408,0.126096,0.218919,0.842819,0.073692,200,0
0.139037,0.084739,0.07139,0.049412,0.072462,0.895813,0.021053,10,0
0.156502,0.156587,0.15027,0.116196,0.175829,0.846057,0.046392,20,0
0.068295,0.095091,0.093144,0.044855,0.064526,0.873963,0.016289,50,0
0.131277,0.134758,0.130954,0.134194,0.154501,0.858516,0.065685,10,1
0.131802,0.157088,0.134702,0.089958,0.162894,0.836015,0.034514,500,1
0.161166,0.158879,0.193929,0.101513,0.147334,0.713841,0.03297,100,1
0.15563,0.172979,0.183374,0.070587,0.150209,0.826056,0.028464,100,1
0.14328,0.164668,0.153549,0.052207,0.109822,0.775945,0.031128,10,1
0.103459,0.101778,0.097803,0.056082,0.089132,0.867056,0.043976,100,0
0.139517,0.142833,0.139243,0.042282,0.11142,0.841266,0.024091,100,1
0.161679,0.177758,0.23906,0.070966,0.213816,0.742064,0.047775,10,1
0.176455,0.18006,0.150055,0.066042,0.189098,0.824786,0.030322,500,1
0.144087,0.144567,0.094944,0.021283,0.083568,0.867572,0.017286,10,0
0.177862,0.226222,0.001495,0.019969,0.013164,0.829692,0.006633,2000,0
0.227732,0.231318,0.025414,0.035178,0.107149,0.755069,0.017363,20,0
0.229059,0.279614,0.070576,0.030742,0.040871,0.729198,0.004091,100,0
0.135756,0.114075,0.11652,0.020065,0.0521,0.808161,0.027291,50,1
0.206946,0.230263,0.195372,0.014595,0.04083,0.745261,0.018194,2000,0
0.195438,0.195685,0.115424,0.157423,0.225344,0.835048,0.034264,20,0
0.170022,0.185755,0.155349,0.096308,0.264568,0.801964,0.067322,10,1
0.201601,0.248122,0.272875,0.032632,0.113822,0.727781,0.015951,500,0
0.086688,0.093448,0.020221,0.007297,0.087297,0.876221,0.032836,200,0
0.096404,0.16637,0.135108,0.014901,0.088528,0.845153,0.024703,10,0
0.141891,0.114096,0.041996,0.072224,0.080551,0.836594,0.016639,500,0
0.136447,0.085855,0.122392,0.017479,0.057688,0.848102,0.017627,10,0
0.119377,0.075432,0.017462,0.007093,0.076404,0.871647,0.015501,20,0
0.174987,0.146077,0.141544,0.137446,0.150743,0.811136,0.066588,500,1
0.131332,0.238635,0.219349,0.018839,0.08845,0.744801,0.019042,10,0
0.106043,0.071364,0.125597,0.014696,0.072835,0.867499,0.034199,10,0
0.088277,0.088168,0.121822,0.044334,0.073463,0.844702,0.021185,10,0
0.201181,0.253326,0.196403,0.013867,0.104833,0.716669,0.037041,50,0
0.120035,0.162394,0.162411,0.036339,0.070914,0.822366,0.018393,100,0
0.116315,0.115676,0.169711,0.06774,0.155088,0.858458,0.032977,200,0
0.109924,0.132925,0.101466,0.068081,0.093089,0.857821,0.023664,2000,0
0.119663,0.133854,0.115384,0.084557,0.103595,0.839068,0.022121,2000,0
0.12769,0.172185,0.151707,0.109081,0.159637,0.821247,0.035243,100,0
0.110683,0.082665,0.057169,0.016981,0.063985,0.906013,0.011908,500,1
0.178284,0.197363,0.183356,0.182513,0.25325,0.773688,0.085359,500,0
0.04374,0.03992,0.023647,0.016674,0.017263,0.938246,0.009606,10,0
0.200095,0.170299,0.216983,0.019777,0.121008,0.790438,0.030121,500,0
0.293743,0.284063,0.309224,0.109081,0.205789,0.688471,0.063977,2000,1
0.229914,0.23019,0.065881,0.058625,0.078029,0.751128,0.007359,100,0
0.134541,0.137751,0.113646,0.006234,0.138369,0.872377,0.037662,100,0
0.186091,0.165378,0.080981,0.03683,0.139619,0.771304,0.046336,20,0
0.133916,0.131408,0.059499,0.122687,0.264373,0.835167,0.066864,500,0
0.060458,0.068897,0.024044,0.013467,0.012595,0.909913,0.005858,10,0
0.060327,0.166102,0.028478,0.012683,0.006382,0.845397,0.004132,500,0
0.12154,0.18081,0.200411,0.040402,0.10227,0.8393,0.0391,10,0
0.127206,0.165124,0.120049,0.029857,0.020731,0.82856,0.007705,100,0
0.126073,0.18382,0.282012,0.074879,0.156979,0.754953,0.035976,2000,1
0.152657,0.224137,0.162716,0.023043,0.064138,0.767655,0.017391,2000,0
0.108285,0.17909,0.144486,0.06039,0.110231,0.799282,0.012339,500,0
0.153684,0.164446,0.144091,0.053057,0.150849,0.842425,0.027107,200,1
0.183162,0.269778,0.165321,0.063464,0.107959,0.756824,0.027536,50,0
0.141183,0.100985,0.006117,0.028643,0.123411,0.853904,0.018699,20,0
0.099189,0.175691,0.18344,0.032527,0.083554,0.816005,0.021969,10,0
0.120505,0.112225,0.106279,0.083863,0.201505,0.872025,0.040812,500,1
0.119349,0.163074,0.101645,0.03823,0.069599,0.859273,0.027576,200,1
0.104529,0.123905,0.115146,0.059716,0.121061,0.874718,0.034046,50,0
0.159897,0.143172,0.127068,0.106467,0.200775,0.835802,0.045993,200,0
0.195758,0.169619,0.018437,0.020055,0.09397,0.823665,0.013598,10,0
0.143744,0.103144,0.121858,0.046919,0.106688,0.849644,0.036365,10,0
0.161726,0.186693,0.125406,0.038347,0.093082,0.849303,0.020234,10,0
0.154921,0.191142,0.05888,0.007876,0.091842,0.84946,0.015536,100,0
0.155222,0.120332,0.167204,0.034556,0.126152,0.842136,0.048389,10,0
0.166539,0.233872,0.119009,0.053004,0.142175,0.819444,0.026267,100,0
0.190005,0.194147,0.15589,0.024958,0.109117,0.834062,0.016857,200,0
0.165495,0.157113,0.156326,0.114994,0.121772,0.838749,0.050819,500,1
0.097193,0.113587,0.111226,0.066627,0.123354,0.88067,0.03143,20,0
0.17733,0.162175,0.112124,0.014964,0.129162,0.763723,0.028259,500,0
0.215863,0.253053,0.341181,0.069999,0.233916,0.697864,0.051365,100,1
0.150226,0.178715,0.188113,0.04488,0.152301,0.778624,0.035464,10,0
0.179192,0.247614,0.201262,0.048011,0.198573,0.716947,0.022649,500,1
0.153914,0.155904,0.132284,0.087441,0.131938,0.830735,0.049056,20,1
0.180465,0.201884,0.17983,0.053439,0.045643,0.800938,0.021966,100,1
0.107143,0.123885,0.214475,0.124051,0.243872,0.798613,0.066183,10,1
0.136823,0.147033,0.128421,0.071085,0.094692,0.83366,0.034843,2000,0
0.149018,0.196457,0.147224,0.007482,0.126831,0.833525,0.002362,500,1
0.148614,0.174495,0.151588,0.010928,0.085686,0.821247,0.035035,20,0
0.097192,0.097473,0.056698,0.036839,0.076516,0.905441,0.032315,20,0
0.101493,0.086392,0.048794,0.005959,0.031788,0.901434,0.00928,20,0
0.120169,0.125917,0.115144,0.17224,0.301326,0.867141,0.076944,50,1
0.113655,0.167155,0.129557,0.010959,0.090531,0.831722,0.024395,10,0
0.137201,0.168496,0.143462,0.015304,0.079899,0.824245,0.006137,100,0
0.150766,0.161918,0.103768,0.032529,0.052295,0.85361,0.010989,200,1
0.146717,0.206936,0.100934,0.048342,0.125132,0.804787,0.006233,200,0
0.137733,0.148915,0.137421,0.083985,0.095947,0.851727,0.041351,500,1
0.129551,0.18463,0.082273,0.064464,0.124711,0.786935,0.027387,500,0
0.117849,0.122966,0.112874,0.085761,0.13311,0.86403,0.012077,100,0
0.092315,0.058892,0.092888,0.040084,0.05454,0.920375,0.003753,20,0
0.105518,0.184952,0.242792,0.040174,0.105611,0.754876,0.026662,10,0
0.20656,0.216215,0.177502,0.089332,0.233004,0.794371,0.036451,500,1
0.125472,0.092314,0.148731,0.113484,0.121013,0.872881,0.055314,500,1
0.078003,0.053946,0.06439,0.0428,0.060854,0.928086,0.024954,20,0
0.115589,0.083664,0.178879,0.044831,0.074264,0.843402,0.022399,20,0
0.164603,0.214969,0.230023,0.01022,0.065074,0.794533,0.008242,20,0
0.154934,0.132616,0.164373,0.063032,0.141821,0.853191,0.005038,500,0
0.160387,0.202765,0.075009,0.048439,0.075044,0.823477,0.007355,20,0
0.161983,0.17461,0.12441,0.127466,0.222085,0.822528,0.065513,500,1
0.147549,0.218774,0.1792,0.04526,0.132444,0.714827,0.013249,50,0
0.123032,0.104014,0.113754,0.043271,0.049107,0.876127,0.025203,50,0
0.146693,0.122026,0.174276,0.076089,0.128085,0.831462,0.04171,2000,1
0.140925,0.161456,0.127364,0.034621,0.144723,0.808148,0.026717,50,0
0.130256,0.131618,0.146233,0.064875,0.069124,0.857251,0.021585,10,1
0.121153,0.12059,0.013471,0.044517,0.092253,0.841584,0.020918,200,0
0.227015,0.092591,0.088608,0.0,0.020274,0.723958,0.009682,200,0
0.154996,0.131135,0.142149,0.029842,0.179741,0.823685,0.012162,100,0
0.075456,0.196953,0.093905,0.056439,0.128886,0.793424,0.020103,2000,1
0.243061,0.27623,0.26847,0.048308,0.166375,0.688686,0.020669,500,0
0.124532,0.145901,0.039781,0.057193,0.074417,0.836689,0.003254,20,0
0.127424,0.125814,0.09047,0.032353,0.079914,0.847173,0.018617,20,0
0.073175,0.048941,0.093627,0.018987,0.036191,0.879618,0.01696,10,0
0.115865,0.096732,0.138583,0.013779,0.025704,0.886775,0.011192,10,0
0.117644,0.139755,0.097338,0.069832,0.096356,0.82499,0.035993,50,0
0.135254,0.175618,0.172266,0.12927,0.204341,0.817151,0.051844,2000,1
0.158189,0.161188,0.108908,0.039521,0.0797,0.857614,0.010896,100,0
0.052144,0.066822,0.112387,0.041136,0.04422,0.913476,0.011438,10,0
0.179339,0.143054,0.147648,0.132625,0.149259,0.82502,0.06399,20,1
0.060996,0.220928,0.18097,0.017631,0.062495,0.799593,0.008775,20,0
0.156149,0.204141,0.196165,0.122743,0.241635,0.80795,0.062455,100,1
0.115875,0.154431,0.118332,0.024622,0.089703,0.856231,0.024046,10,0
0.118159,0.132759,0.059804,0.022623,0.06794,0.870828,0.010987,100,0
0.215709,0.199208,0.20742,0.069975,0.085976,0.790822,0.011696,10,0
0.100076,0.13239,0.175206,0.046961,0.080522,0.845356,0.026415,10,0
0.068139,0.116129,0.139215,0.032727,0.098627,0.87008,0.027555,50,0
0.09118,0.079861,0.237864,0.020181,0.021633,0.839933,0.007366,20,0
0.151206,0.157254,0.19321,0.024792,0.120639,0.786186,0.034846,100,0
0.104036,0.182316,0.163543,0.019085,0.110561,0.821865,0.015747,50,0
0.084778,0.088526,0.212176,0.051188,0.09171,0.824908,0.017609,20,0
0.16866,0.1426,0.0,0.064949,0.119481,0.788496,0.016035,50,0
0.138165,0.138233,0.130298,0.027094,0.047249,0.836166,0.009911,50,0
0.222897,0.199292,0.197243,0.01221,0.154509,0.814276,0.048993,500,0
0.118347,0.168978,0.149701,0.076878,0.13697,0.855063,0.026086,50,0
0.153311,0.179828,0.289124,0.068541,0.1162,0.751678,0.026943,500,0
0.148842,0.14807,0.112536,0.054505,0.170763,0.847747,0.065618,20,0
0.22948,0.281597,0.214115,0.028727,0.099284,0.774513,0.010087,500,0
0.18283,0.216654,0.162467,0.027401,0.057534,0.802701,0.034722,20,1
0.129506,0.177617,0.129603,0.06707,0.12287,0.838724,0.029714,20,0
0.2578,0.236075,0.420092,0.000313,0.205995,0.581767,0.046582,500,0
0.069557,0.130528,0.196639,0.023717,0.105965,0.828846,0.028367,10,0
0.096391,0.104084,0.127247,0.008808,0.109322,0.887283,0.003133,200,0
0.118627,0.125154,0.160133,0.0635,0.144473,0.859153,0.026144,50,1
0.098328,0.251193,0.116922,0.05265,0.085481,0.794306,0.021102,500,1
0.107459,0.10225,0.36286,0.017721,0.031066,0.758474,0.013908,10,0
0.119955,0.196087,0.179715,0.010517,0.091233,0.799528,0.007785,10,0
0.116143,0.143483,0.168436,0.05426,0.103938,0.859565,0.030261,200,0
0.222312,0.23943,0.234991,0.059698,0.088365,0.752434,0.019091,20,0
0.132952,0.179722,0.104796,0.027615,0.108971,0.814136,0.033708,100,0
0.186313,0.151995,0.268151,0.095167,0.189629,0.706832,0.02495,200,1
0.133889,0.152229,0.101937,0.012801,0.131361,0.861847,0.027765,500,0
0.097912,0.115076,0.132297,0.101285,0.172475,0.832818,0.053032,2000,0
0.136817,0.216801,0.150906,0.014891,0.131904,0.78044,0.011186,500,0
0.111086,0.185184,0.107483,0.047027,0.115173,0.853434,0.005457,100,0
0.197075,0.181954,0.176469,0.050826,0.155263,0.803012,0.035401,500,1
0.168068,0.164934,0.091744,0.065985,0.112666,0.799529,0.026865,10,0
0.156352,0.182029,0.209214,0.068897,0.141032,0.816977,0.028234,100,1
0.172895,0.104338,0.168592,0.052765,0.121625,0.744205,0.012996,50,0
0.075686,0.059145,0.089109,0.023887,0.04957,0.893251,0.015785,10,0
0.162449,0.173855,0.255387,0.066096,0.153172,0.755738,0.026865,20,1
0.088167,0.09143,0.09403,0.046095,0.09749,0.850959,0.025952,2000,1
0.168865,0.227392,0.06989,0.077986,0.166082,0.812477,0.012233,20,0
0.196584,0.244054,0.02884,0.015395,0.082217,0.855952,0.005041,20,0
0.086376,0.090776,0.029463,0.008276,0.007483,0.92873,0.002823,2000,0
0.093261,0.12192,0.076087,0.025982,0.058276,0.867409,0.018126,20,0
0.119377,0.075432,0.017462,0.007093,0.076404,0.871647,0.015501,20,0
0.130316,0.116108,0.17994,0.037927,0.15564,0.860146,0.016992,200,0
0.092335,0.236328,0.272785,0.021253,0.0868,0.747442,0.017141,50,0
0.102534,0.227346,0.195198,0.07644,0.135012,0.772804,0.036982,500,0
0.102782,0.076835,0.157732,0.00614,0.018082,0.879174,0.008721,10,0
0.175623,0.17037,0.189756,0.015802,0.113252,0.76713,0.028931,200,0
0.157218,0.174421,0.30666,0.023579,0.13261,0.708622,0.032457,100,1
0.111924,0.12502,0.086345,0.059284,0.101263,0.875408,0.023778,20,0
0.142091,0.195289,0.058389,0.027275,0.081111,0.853195,0.019829,10,0
0.247642,0.223421,0.141995,0.03731,0.059789,0.793755,0.004001,20,0
0.16259,0.19134,0.201978,0.022734,0.077815,0.73767,0.004817,500,1
0.078805,0.088643,0.07335,0.03324,0.060175,0.893023,0.019187,10,0
0.089866,0.183309,0.252802,0.01896,0.05828,0.758477,0.018539,500,1
0.170892,0.181263,0.175511,0.172316,0.304739,0.822642,0.078318,500,1
0.131289,0.09087,0.130938,0.030971,0.1137,0.866309,0.053284,20,0
0.109492,0.153984,0.127722,0.027984,0.075147,0.846747,0.01792,10,0
0.139554,0.151173,0.020421,0.009579,0.074529,0.85393,0.013739,50,0
0.058132,0.062377,0.059317,0.027338,0.025664,0.916207,0.009986,10,0
0.155069,0.140424,0.149637,0.121516,0.295253,0.763263,0.0789,50,1
0.12217,0.122172,0.1407,0.03549,0.142289,0.850681,0.047255,20,0
0.131627,0.156888,0.146012,0.089517,0.164294,0.830382,0.037177,500,1
0.148586,0.092489,0.06822,0.068506,0.109547,0.857752,0.003016,20,0
0.31699,0.284683,0.07582,0.06696,0.070992,0.728706,0.010367,2000,0
0.074655,0.066274,0.209584,0.049381,0.024914,0.852856,0.016584,100,0
0.023855,0.031872,0.021855,0.007373,0.019961,0.93263,0.004884,20,0
0.183772,0.232906,0.172809,0.057667,0.133783,0.756201,0.0241,20,0
0.217371,0.190323,0.262121,0.051919,0.059505,0.750317,0.030899,500,0
0.149835,0.167904,0.113765,0.012358,0.048322,0.874435,0.007562,200,0
0.114609,0.114186,0.271294,0.009408,0.212306,0.735949,0.024073,100,1
0.127572,0.136298,0.154414,0.132567,0.262935,0.850203,0.069105,500,1
0.137792,0.135522,0.094252,0.073661,0.063674,0.871951,0.033122,50,1
0.097542,0.062986,0.084919,0.025046,0.073053,0.890224,0.020652,10,0
0.112981,0.127728,0.211299,0.071542,0.14394,0.840664,0.054102,100,0
0.169096,0.21197,0.237572,0.115578,0.276568,0.762815,0.071341,500,1
0.122477,0.143446,0.25774,0.012618,0.150382,0.735543,0.023077,50,1
0.168656,0.145107,0.184282,0.061192,0.087077,0.811498,0.021021,20,1
0.131406,0.225586,0.181836,0.016617,0.111213,0.773375,0.006023,200,0
0.104619,0.145572,0.100627,0.060444,0.124762,0.862063,0.014274,200,0
0.198958,0.225274,0.227901,0.026239,0.094993,0.786103,0.012674,20,0
0.098988,0.218767,0.220792,0.015183,0.008547,0.789399,0.007306,2000,0
0.173457,0.181436,0.244622,0.054004,0.162419,0.775084,0.033681,20,1
0.16966,0.140914,0.174995,0.081202,0.199744,0.846013,0.048197,50,0
0.160852,0.173663,0.148337,0.147368,0.22751,0.811415,0.058577,500,0
0.08153,0.085144,0.095572,0.08356,0.098089,0.888183,0.044675,50,1
0.19034,0.22057,0.132978,0.183978,0.280683,0.796173,0.081769,500,0
0.143025,0.18039,0.149284,0.04299,0.092499,0.788065,0.027071,10,0
0.095481,0.142336,0.112939,0.019912,0.113212,0.877539,0.027812,100,0
0.317909,0.150483,0.0,0.010051,0.042211,0.68126,0.006584,200,0
0.154372,0.150254,0.143726,0.041283,0.105018,0.800607,0.023066,500,0
0.134545,0.170272,0.190198,0.017391,0.126847,0.811116,0.017326,500,1
0.135378,0.125056,0.152394,0.018994,0.077766,0.856114,0.024065,200,0
0.103791,0.139696,0.062112,0.016073,0.122089,0.868299,0.030384,200,0
0.161298,0.143363,0.154893,0.146907,0.162457,0.831285,0.0695,100,1
0.178933,0.148794,0.21989,0.093571,0.129036,0.814961,0.036799,10,0
0.17426,0.201863,0.188748,0.099324,0.176159,0.809545,0.030172,100,1
0.125812,0.115243,0.112646,0.025228,0.075891,0.885138,0.004966,500,1
0.11124,0.127667,0.099432,0.006201,0.090047,0.849944,0.027329,50,0
0.195291,0.20218,0.153772,0.038415,0.200547,0.734614,0.064449,20,1
0.149843,0.156101,0.086227,0.013271,0.065872,0.84433,0.007936,500,1
0.086395,0.129384,0.123033,0.053289,0.099496,0.841024,0.026706,50,0
0.142936,0.164902,0.101363,0.02197,0.097909,0.84362,0.014953,100,0
0.178473,0.256035,0.179595,0.0515,0.145888,0.752276,0.020783,20,0
0.158617,0.189668,0.010167,0.005764,0.091596,0.74708,0.007286,500,1
0.173805,0.193556,0.212735,0.059143,0.10474,0.804679,0.024733,500,1
0.168881,0.192109,0.080298,0.042653,0.136884,0.820926,0.018398,100,0
0.162986,0.22099,0.022354,0.01122,0.111321,0.847097,0.015944,20,0
0.159902,0.137907,0.150785,0.04918,0.055961,0.840627,0.021276,200,1
0.171371,0.185534,0.183704,0.075219,0.235828,0.741879,0.072717,500,1
0.212207,0.202667,0.156268,0.062647,0.116272,0.788965,0.018853,50,0
0.245533,0.281491,0.30081,0.04281,0.142194,0.699564,0.036528,500,1
0.131046,0.136864,0.190252,0.064615,0.101862,0.78794,0.016603,10,1
0.085954,0.161346,0.097214,0.075447,0.175041,0.826217,0.073254,20,0
0.14836,0.17508,0.193239,0.024338,0.143115,0.771638,0.043554,10,0
0.135912,0.137329,0.223747,0.095191,0.317219,0.745532,0.074105,100,1
0.129212,0.131354,0.155428,0.017347,0.098546,0.862618,0.025361,10,0
0.139334,0.190006,0.194519,0.116329,0.127711,0.834216,0.049612,500,1
0.192023,0.154034,0.229844,0.050852,0.084697,0.815364,0.011554,200,1
0.113999,0.160481,0.187378,0.060097,0.108163,0.795038,0.026667,50,0
0.117585,0.068565,0.053441,0.032381,0.026476,0.897103,0.013953,50,1
0.20188,0.129486,0.098235,0.050579,0.096432,0.806315,0.026993,500,0
0.10672,0.073537,0.028476,0.025311,0.055341,0.870928,0.013382,50,0
0.136841,0.137246,0.021255,0.040913,0.053902,0.888931,0.021379,50,1
0.239988,0.284833,0.07755,0.05985,0.112442,0.769056,0.02474,100,0
0.137304,0.117929,0.10642,0.05553,0.116959,0.851676,0.026051,10,0
0.090695,0.131687,0.121355,0.03146,0.087267,0.854822,0.029221,10,0
0.243989,0.246383,0.141713,0.080837,0.163912,0.764133,0.043547,200,0
0.118221,0.083148,0.043766,0.026105,0.083842,0.901023,0.011284,20,0
0.158715,0.166715,0.167416,0.050518,0.172664,0.834842,0.036261,500,0
0.151956,0.172914,0.144913,0.072457,0.180714,0.840692,0.027581,20,0
0.114998,0.119583,0.076552,0.038588,0.123778,0.898021,0.022678,500,0
0.131488,0.107046,0.12671,0.101348,0.215739,0.856347,0.049347,10,0
0.136016,0.121206,0.064211,0.023841,0.094121,0.833042,0.038835,10,0
0.135085,0.140664,0.186754,0.137951,0.245504,0.807135,0.060255,10,1
0.186649,0.174233,0.216176,0.159991,0.298183,0.762098,0.072601,20,1
0.133807,0.146007,0.108072,0.058462,0.121032,0.839704,0.006633,20,0
0.114822,0.180603,0.185128,0.018382,0.060172,0.787651,0.009517,500,1
0.136885,0.103402,0.055981,0.095052,0.127895,0.90459,0.033622,10,0
0.148495,0.134747,0.184218,0.091839,0.168584,0.809352,0.030417,20,0
0.138429,0.150447,0.110226,0.095154,0.115941,0.853359,0.049107,10,1
0.208906,0.191695,0.08552,0.028631,0.083486,0.802483,0.011138,200,0
0.123954,0.164657,0.264148,0.044046,0.112415,0.772139,0.026735,500,1
0.079857,0.140742,0.210889,0.016742,0.04939,0.820424,0.007781,500,1
0.153192,0.223447,0.158514,0.06334,0.198055,0.785979,0.040065,200,0
0.205879,0.264717,0.078355,0.056431,0.133606,0.73528,0.022254,200,0
0.138558,0.182242,0.218706,0.025777,0.063692,0.79884,0.013526,500,1
0.137201,0.168496,0.143462,0.015304,0.079899,0.824245,0.006137,100,0
0.194077,0.184477,0.223826,0.012482,0.202636,0.7742,0.034905,20,1
0.167338,0.187255,0.049693,0.04844,0.037521,0.821873,0.023811,2000,0
0.216756,0.223619,0.189901,0.02566,0.156333,0.739316,0.014478,50,0
0.114175,0.132289,0.136567,0.06006,0.098842,0.83066,0.026152,10,0
0.182618,0.086952,0.188781,0.027727,0.064293,0.842822,0.018637,200,1
0.105864,0.09481,0.148978,0.024756,0.067412,0.852567,0.019714,20,0
0.135071,0.105659,0.098168,0.011114,0.133858,0.881654,0.029375,50,0
0.099005,0.11305,0.165845,0.016217,0.081972,0.784584,0.015888,20,0
0.212487,0.196578,0.207169,0.017119,0.094634,0.739055,0.033354,2000,0
0.136081,0.175931,0.148047,0.069617,0.125205,0.839941,0.040038,500,0
0.136965,0.14618,0.110397,0.101159,0.112391,0.857413,0.053681,10,1
0.138386,0.15293,0.164161,0.155463,0.269909,0.845873,0.072072,500,1
0.129947,0.112979,0.109183,0.092246,0.135092,0.883821,0.036634,10,0
0.09067,0.199694,0.134385,0.02968,0.118916,0.820825,0.013534,100,0
0.140425,0.136866,0.111123,0.008624,0.113205,0.861261,0.010705,20,0
0.22555,0.276824,0.129547,0.037581,0.054039,0.722424,0.005621,20,1
0.1448,0.189734,0.035298,0.018524,0.074277,0.872092,0.010624,50,0
0.11304,0.182613,0.12611,0.079517,0.130723,0.820157,0.020655,100,0
0.165086,0.168767,0.164527,0.049757,0.13107,0.812358,0.028238,100,1
0.101485,0.136676,0.105036,0.008687,0.095988,0.883465,0.005077,20,0
0.260343,0.324781,0.225707,0.031721,0.108798,0.722641,0.014002,100,0
0.223054,0.263495,0.239951,0.006314,0.061272,0.757716,0.003971,2000,0
0.156761,0.126461,0.123242,0.013719,0.140441,0.850628,0.028593,500,0
0.149036,0.175164,0.19291,0.021566,0.151236,0.771652,0.041379,10,0
0.126415,0.140785,0.130607,0.137334,0.254431,0.860297,0.067053,500,1
0.073195,0.13866,0.103407,0.033121,0.062814,0.869895,0.003657,20,0
0.1357,0.131419,0.12012,0.110667,0.180434,0.829413,0.039779,50,0
0.142925,0.138271,0.167003,0.066328,0.144085,0.837697,0.042629,100,0
0.087387,0.093327,0.084373,0.063913,0.154985,0.893981,0.042238,20,0
0.166967,0.214261,0.13443,0.069263,0.140072,0.800679,0.026752,20,0
0.124532,0.145901,0.039781,0.057193,0.074417,0.836689,0.003254,20,0
0.124867,0.168597,0.144608,0.01163,0.084924,0.854205,0.018677,50,0
0.132866,0.148583,0.082636,0.013332,0.072394,0.865307,0.00471,20,0
0.159746,0.173356,0.054168,0.065289,0.118599,0.836268,0.03114,50,0
0.170412,0.144597,0.13295,0.1122,0.160769,0.83892,0.036196,200,0
0.065957,0.064066,0.071818,0.015663,0.011918,0.918888,0.008593,20,0
0.104309,0.146726,0.181128,0.031365,0.09997,0.795969,0.029221,10,0
0.150668,0.126658,0.25436,0.041347,0.115203,0.824809,0.026709,50,0
0.140553,0.152806,0.114328,0.096245,0.147392,0.818631,0.03208,100,0
0.158778,0.175518,0.204737,0.060648,0.104158,0.817889,0.02494,100,1
0.205545,0.208067,0.031146,0.050071,0.189507,0.819476,0.053239,50,0
0.120357,0.131138,0.179303,0.062597,0.147961,0.851859,0.026036,500,1
0.160936,0.174986,0.208301,0.069864,0.150113,0.736219,0.040165,200,1
0.085932,0.120829,0.071014,0.051569,0.109068,0.83972,0.017595,200,0
0.168535,0.165547,0.113298,0.119377,0.275666,0.76237,0.080155,500,1
0.152098,0.156713,0.28192,0.008233,0.182979,0.71439,0.026593,500,1
0.168892,0.138881,0.116349,0.006981,0.091651,0.846098,0.015639,100,0
0.12495,0.124991,0.07068,0.028918,0.041284,0.869893,0.01444,10,0
0.127088,0.133817,0.305535,0.107399,0.27906,0.71995,0.067094,50,1
0.220745,0.204643,0.087654,0.024135,0.055467,0.762498,0.019755,100,1
0.118457,0.167602,0.294942,0.032671,0.079202,0.741163,0.017557,50,1
0.153468,0.211333,0.155409,0.033899,0.098179,0.801289,0.028229,100,0
0.195404,0.186822,0.185247,0.030182,0.081152,0.816927,0.013283,100,0
0.104846,0.192554,0.215366,0.039367,0.104157,0.783197,0.021258,200,0
0.125138,0.114792,0.174704,0.040919,0.127441,0.824574,0.028001,500,0
0.18735,0.234002,0.039903,0.01458,0.081685,0.818349,0.010854,50,0
0.158749,0.155716,0.126016,0.078392,0.195323,0.842177,0.055865,2000,0
0.192863,0.16313,0.238437,0.009326,0.089511,0.677518,0.016766,2000,0
0.179229,0.220672,0.092902,0.0421,0.080456,0.811958,0.016422,100,0
0.148745,0.174878,0.305601,0.064539,0.04627,0.786402,0.030952,200,1
0.104081,0.098318,0.100596,0.041845,0.059057,0.881719,0.018618,500,0
0.229176,0.277415,0.129757,0.007722,0.060635,0.773719,0.012114,50,0
0.057468,0.120816,0.080878,0.039674,0.013765,0.863139,0.008882,50,0
0.174516,0.175479,0.089506,0.017795,0.013844,0.853611,0.010058,10,0
0.204933,0.271873,0.244607,0.171062,0.249309,0.688467,0.035873,500,0
0.164025,0.200451,0.171385,0.062194,0.143386,0.809295,0.039002,200,1
0.091057,0.13883,0.173408,0.063812,0.137879,0.801458,0.038207,100,0
0.145452,0.156279,0.167412,0.145709,0.268655,0.829992,0.067696,50,1
0.188824,0.170609,0.167097,0.134002,0.293542,0.785026,0.072807,100,0
0.195481,0.206386,0.178497,0.087642,0.173109,0.825593,0.075428,10,0
0.155113,0.098677,0.110533,0.041464,0.047364,0.865503,0.018455,20,1
0.118627,0.125154,0.160133,0.0635,0.144473,0.859153,0.026144,50,1
0.109437,0.14831,0.055668,0.026957,0.099017,0.887024,0.020366,50,0
0.183262,0.187251,0.17322,0.121511,0.198073,0.773218,0.050405,20,0
0.141225,0.14735,0.102006,0.006594,0.086857,0.860279,0.014347,20,0
0.132011,0.194045,0.090135,0.035985,0.073066,0.822805,0.016712,20,0
0.165086,0.168767,0.164527,0.049757,0.13107,0.812358,0.028238,100,1
0.164102,0.162818,0.1459,0.050155,0.043212,0.832981,0.028986,200,1
0.199364,0.170939,0.095001,0.006287,0.070645,0.804344,0.031308,500,1
0.125771,0.127581,0.270683,0.011506,0.188166,0.721481,0.028504,50,1
0.110252,0.093118,0.134968,0.058953,0.109502,0.84472,0.020819,100,0
0.107822,0.128956,0.210343,0.153114,0.274198,0.82778,0.071201,100,1
0.18313,0.187354,0.027176,0.015551,0.141947,0.772071,0.023549,2000,0
0.142194,0.162329,0.1369,0.07028,0.18194,0.834069,0.042541,200,0
0.137784,0.147532,0.290524,0.015567,0.102121,0.770013,0.022525,50,0
0.142143,0.14896,0.046194,0.029093,0.074869,0.862825,0.022612,500,0
0.172719,0.153588,0.064538,0.010401,0.081361,0.863088,0.005625,500,1
0.095282,0.130403,0.115134,0.013803,0.025667,0.856791,0.003709,20,0
0.136757,0.136304,0.132942,0.173122,0.305259,0.851028,0.076522,20,1
0.148868,0.212343,0.090467,0.066431,0.139512,0.831742,0.027457,20,0
0.112235,0.124917,0.132567,0.069045,0.141091,0.821425,0.046166,200,0
0.079442,0.146682,0.128408,0.049943,0.129853,0.822435,0.031447,20,0
0.148183,0.164105,0.108465,0.039127,0.051903,0.860065,0.020855,500,1
0.123932,0.127471,0.131318,0.138137,0.239179,0.850531,0.062771,10,1
0.135356,0.14309,0.082583,0.028244,0.029973,0.862482,0.012313,100,0
0.136332,0.134146,0.174741,0.178006,0.301247,0.825922,0.077549,10,1
0.10443,0.092887,0.134752,0.016516,0.01461,0.875634,0.007776,20,0
0.142192,0.112186,0.120071,0.010266,0.112277,0.860417,0.008727,10,0
0.154813,0.133598,0.06548,0.019109,0.016677,0.86092,0.004844,500,0
0.145496,0.162011,0.18969,0.04841,0.143829,0.813212,0.043478,10,0
0.085563,0.150517,0.14211,0.076005,0.090483,0.83615,0.020627,10,0
0.204317,0.118203,0.227541,0.100533,0.131405,0.750926,0.024788,10,0
0.160767,0.159415,0.164979,0.124954,0.132192,0.835992,0.052234,100,1
0.158797,0.244261,0.159413,0.050461,0.07292,0.795071,0.031644,200,1
0.131802,0.157088,0.134702,0.089958,0.162894,0.836015,0.034514,500,1
0.141589,0.165262,0.116558,0.07381,0.128886,0.847404,0.018804,100,0
0.168301,0.253594,0.259335,0.057476,0.147304,0.750832,0.016969,200,0
0.191512,0.171975,0.117802,0.016853,0.103014,0.817319,0.02153,50,0
0.116298,0.142949,0.113372,0.092035,0.169555,0.848465,0.037889,2000,1
0.120687,0.128157,0.116221,0.006156,0.085611,0.87392,0.031016,50,0
0.158288,0.033126,0.014428,0.108822,0.125119,0.8394,0.013932,100,0
0.114043,0.156885,0.100426,0.011285,0.102602,0.802725,0.020433,100,0
0.120181,0.094281,0.116036,0.041058,0.046908,0.86204,0.01712,20,0
0.137353,0.145201,0.134712,0.1318,0.150027,0.859455,0.066553,100,1
0.220512,0.22338,0.149369,0.044405,0.153695,0.781277,0.060649,50,0
0.157592,0.17895,0.132203,0.129473,0.221179,0.800349,0.049907,100,0
0.10969,0.11327,0.093997,0.033234,0.076122,0.888385,0.024155,20,0
0.121948,0.204173,0.197908,0.033607,0.131212,0.824695,0.039381,500,0
0.197787,0.209533,0.201952,0.066673,0.232147,0.796232,0.035985,20,1
0.200334,0.204782,0.152202,0.060646,0.208966,0.808382,0.059697,20,1
0.174617,0.180534,0.130912,0.065717,0.150886,0.830144,0.018563,50,0
0.152755,0.127113,0.134262,0.09533,0.100124,0.834717,0.041649,20,1
0.122636,0.126261,0.120066,0.050508,0.116936,0.868313,0.049675,100,1
0.036727,0.086902,0.063251,0.041556,0.041037,0.86617,0.021989,200,1
0.103346,0.192692,0.136753,0.022455,0.052112,0.818775,0.007438,100,0
0.073674,0.072892,0.018169,0.016141,0.019666,0.882351,0.009293,50,0
0.125534,0.233233,0.188355,0.012825,0.120091,0.777867,0.016663,500,0
0.191531,0.313659,0.29234,0.031704,0.122353,0.698286,0.006566,50,0
0.177524,0.203557,0.264751,0.066094,0.145816,0.768731,0.02488,2000,0
0.164861,0.181398,0.150615,0.127172,0.212394,0.805233,0.066059,100,0
0.117231,0.138814,0.124196,0.04513,0.102028,0.847712,0.011603,10,0
0.119753,0.170784,0.150323,0.098519,0.1572,0.780695,0.03047,100,0
0.213712,0.148506,0.213525,0.051201,0.067472,0.808612,0.00199,2000,0
0.113126,0.135132,0.086278,0.023913,0.02159,0.871777,0.008821,10,0
0.132776,0.13384,0.084172,0.020113,0.057891,0.882196,0.015161,500,0
0.110299,0.262099,0.173967,0.042945,0.119536,0.760414,0.00842,20,0
0.162103,0.147991,0.079901,0.118727,0.168575,0.833942,0.037879,100,0
0.112441,0.117079,0.099888,0.036557,0.116596,0.887834,0.014546,100,0
0.139709,0.077833,0.029104,0.046771,0.056827,0.87824,0.009166,10,1
0.229998,0.23204,0.134717,0.049146,0.109938,0.79448,0.029457,100,0
0.179826,0.198787,0.096619,0.005965,0.088183,0.836263,0.035907,100,0
0.174073,0.187906,0.239487,0.093132,0.143745,0.781492,0.030903,500,1
0.150825,0.19697,0.186401,0.023532,0.083194,0.792136,0.017648,100,0
0.152061,0.166474,0.224568,0.047171,0.094538,0.814986,0.028123,10,0
0.15041,0.161975,0.207358,0.145861,0.310052,0.798184,0.07953,100,1
0.158308,0.144352,0.079488,0.060965,0.111887,0.865139,0.023447,10,0
0.117303,0.12154,0.084867,0.028481,0.080064,0.88317,0.015826,500,0
0.165584,0.132471,0.152369,0.015309,0.127568,0.719652,0.025989,20,1
0.22783,0.183145,0.182254,0.032476,0.110667,0.745547,0.009437,500,1
0.208815,0.158482,0.052984,0.0659,0.101173,0.791199,0.020142,10,0
0.10324,0.100612,0.03563,0.018519,0.053646,0.895296,0.00267,20,0
0.153312,0.087104,0.015831,0.020509,0.035199,0.837454,0.005944,10,0
0.213076,0.145789,0.213979,0.022096,0.099933,0.771743,0.019093,500,0
0.164181,0.202875,0.139601,0.037507,0.163304,0.809711,0.04422,500,0
0.124405,0.154374,0.31652,0.016821,0.132826,0.699173,0.018621,50,1
0.149331,0.189453,0.115523,0.067583,0.138306,0.756093,0.027269,500,1
0.124482,0.161271,0.093054,0.005345,0.091161,0.863116,0.021678,200,0
0.139889,0.134129,0.094874,0.150592,0.249188,0.819537,0.068353,100,1
0.156879,0.123019,0.108883,0.03484,0.105734,0.862482,0.034008,200,0
0.055282,0.058494,0.033972,0.023881,0.016191,0.927569,0.007825,10,0
0.11895,0.096062,0.097719,0.027641,0.103662,0.893586,0.012421,50,0
0.246256,0.208191,0.206916,0.011071,0.060175,0.699533,0.011068,500,0
0.119216,0.213672,0.096123,0.024134,0.139232,0.767977,0.034716,200,0
0.097364,0.13614,0.245503,0.030849,0.10078,0.798459,0.030085,50,0
0.107355,0.126087,0.16652,0.063331,0.152081,0.84687,0.028723,50,1
0.26953,0.314684,0.219646,0.010843,0.078774,0.721093,0.020734,2000,0
0.146803,0.170097,0.017886,0.088689,0.1128,0.871656,0.003097,20,0
0.075551,0.131331,0.112954,0.012541,0.091169,0.874661,0.022295,10,0
0.112443,0.267003,0.085476,0.048932,0.068532,0.743752,0.009772,10,0
0.149459,0.149363,0.194086,0.127852,0.265931,0.764675,0.078213,20,1
0.094338,0.134939,0.147376,0.068947,0.118697,0.846016,0.032355,20,0
0.166333,0.199934,0.126029,0.111313,0.118378,0.754636,0.017965,50,0
0.198488,0.258126,0.212885,0.034157,0.122588,0.730082,0.011425,50,0
0.161349,0.166448,0.06809,0.046061,0.088691,0.86878,0.024522,50,0
0.134107,0.18553,0.223883,0.073356,0.147801,0.777975,0.050877,500,0
0.108011,0.123101,0.066808,0.043616,0.089178,0.892675,0.016043,100,0
0.197679,0.176959,0.044471,0.019893,0.121501,0.793525,0.021097,10,0
0.150319,0.143778,0.161438,0.023527,0.119366,0.787187,0.032899,2000,0
0.123382,0.150899,0.197223,0.044486,0.131038,0.81078,0.043255,50,0
0.152083,0.069717,0.07726,0.031322,0.07339,0.84186,0.01783,100,0
0.144623,0.227966,0.246632,0.031395,0.071208,0.741737,0.007759,20,0
0.155337,0.162189,0.139088,0.082884,0.16891,0.854951,0.036151,20,0
0.109053,0.192685,0.132589,0.023118,0.078574,0.822427,0.015218,20,0
0.099865,0.119664,0.097203,0.036552,0.099606,0.886035,0.022049,10,0
0.142264,0.179292,0.018987,0.04735,0.11685,0.839683,0.024142,20,0
0.107281,0.231504,0.275361,0.062303,0.098956,0.712807,0.03217,500,1
0.096916,0.096458,0.095632,0.076253,0.107293,0.87901,0.032953,10,0
0.223105,0.223622,0.146597,0.031742,0.06985,0.794561,0.013185,500,0
0.128796,0.130515,0.139998,0.110048,0.145171,0.866178,0.065397,50,1
0.211992,0.158694,0.092648,0.047502,0.102377,0.773936,0.024196,50,0
0.131006,0.127158,0.065459,0.020964,0.105197,0.888843,0.018368,20,0
0.107794,0.193273,0.110424,0.031002,0.079197,0.805299,0.039784,20,0
0.122245,0.178834,0.143126,0.103344,0.185761,0.797978,0.041976,2000,1
0.108649,0.070612,0.070452,0.018678,0.118392,0.917738,0.021537,20,0
0.104229,0.112803,0.017173,0.04451,0.037153,0.881306,0.023086,10,0
0.148961,0.161183,0.161147,0.092532,0.121406,0.837571,0.064219,20,1
0.22227,0.233632,0.107604,0.02653,0.076301,0.800088,0.0151,500,0
0.162047,0.205296,0.141724,0.066496,0.124821,0.811056,0.027072,20,0
0.11987,0.070515,0.19608,0.101543,0.113146,0.849578,0.050633,500,1
0.146977,0.183396,0.01898,0.006933,0.093005,0.851144,0.005269,20,0
0.046404,0.118018,0.108959,0.02105,0.054732,0.860684,0.013157,50,0
0.182625,0.16773,0.036563,0.008967,0.01179,0.803963,0.005612,500,0
0.126926,0.149363,0.170153,0.0081,0.066032,0.792646,0.011601,500,1
0.109785,0.125579,0.127797,0.031543,0.102553,0.853814,0.017039,10,0
0.07801,0.121475,0.13354,0.049063,0.047841,0.874478,0.009148,100,0
0.135229,0.24553,0.210893,0.03523,0.163371,0.731,0.010402,200,0
0.141198,0.13214,0.092525,0.041798,0.05268,0.864333,0.027768,500,1
0.117825,0.025148,0.063542,0.01098,0.010168,0.844159,0.007242,20,0
0.158442,0.086791,0.11045,0.040663,0.110216,0.87894,0.032019,10,0
0.316464,0.274318,0.324692,0.103159,0.252167,0.690756,0.048334,2000,0
0.080718,0.223338,0.040164,0.04071,0.038294,0.799427,0.005889,50,1
0.108432,0.108324,0.072114,0.01026,0.031523,0.882766,0.008288,200,0
0.160671,0.17039,0.010033,0.024232,0.092741,0.833004,0.014473,20,0
0.316464,0.274318,0.324692,0.103159,0.252167,0.690756,0.048334,2000,0
0.129433,0.15331,0.193862,0.040674,0.125285,0.778404,0.032966,500,0
0.151121,0.180875,0.186222,0.038645,0.115088,0.814865,0.015578,2000,0
0.140659,0.151872,0.168749,0.093923,0.285783,0.769585,0.07857,10,1
0.167338,0.187255,0.049693,0.04844,0.037521,0.821873,0.023811,2000,0
0.173789,0.235947,0.281816,0.052344,0.066214,0.703715,0.014227,500,1
0.169551,0.147934,0.194843,0.042781,0.121578,0.824966,0.031809,10,0
0.155627,0.194331,0.181831,0.020667,0.084648,0.827901,0.005206,100,0
0.189734,0.206093,0.090507,0.016562,0.096048,0.781078,0.012364,100,0
0.248516,0.171308,0.0,0.083133,0.119968,0.732522,0.042298,100,0
0.128504,0.090001,0.0,0.016164,0.016252,0.882637,0.006158,100,0
0.289729,0.296454,0.167474,0.044708,0.091298,0.774478,0.015633,2000,0
0.131012,0.15905,0.112321,0.065567,0.117904,0.849404,0.025347,20,0
0.103289,0.133353,0.104977,0.029572,0.117894,0.885057,0.025862,200,0
0.166047,0.187933,0.340198,0.065475,0.049309,0.769971,0.034199,500,1
0.155813,0.169062,0.183457,0.041729,0.106239,0.824744,0.035689,10,0
0.171032,0.080414,0.092157,0.028299,0.029621,0.788825,0.005813,50,0
0.089636,0.109296,0.030274,0.02129,0.042128,0.884308,0.00624,500,1
0.134272,0.141439,0.133828,0.029898,0.06887,0.842172,0.01466,20,1
0.142011,0.158393,0.142,0.177734,0.327385,0.841344,0.09301,10,1
0.161125,0.145903,0.157156,0.129842,0.146424,0.842535,0.06334,50,1
0.067779,0.03969,0.064245,0.038796,0.044663,0.928134,0.012405,10,0
0.139033,0.120701,0.116942,0.060904,0.095896,0.854631,0.045907,100,1
0.107254,0.084318,0.0814,0.02631,0.082424,0.889145,0.025592,10,0
0.143107,0.143018,0.242704,0.15875,0.28872,0.742844,0.070396,200,1
0.170412,0.144597,0.13295,0.1122,0.160769,0.83892,0.036196,200,0
0.155028,0.228302,0.235978,0.031091,0.140494,0.726754,0.021012,20,0
0.125822,0.210025,0.159285,0.03199,0.117237,0.792024,0.01805,10,0
0.145246,0.089743,0.132102,0.042987,0.125089,0.814796,0.029634,50,0
0.114351,0.184681,0.123732,0.024959,0.065246,0.78321,0.020229,500,1
0.18346,0.159024,0.230963,0.106198,0.180331,0.811806,0.037036,50,0
0.160649,0.138862,0.117737,0.015228,0.073068,0.855719,0.006182,20,0
0.121915,0.249848,0.032129,0.028676,0.082768,0.688213,0.017772,50,0
0.078586,0.137428,0.110491,0.030421,0.081884,0.863126,0.012152,20,0
0.144973,0.225106,0.19654,0.027184,0.118352,0.777921,0.024781,500,0
0.173692,0.177491,0.184505,0.066907,0.137752,0.820686,0.004413,10,0
0.122719,0.137882,0.083754,0.02393,0.064797,0.883115,0.016334,200,0
0.133129,0.171835,0.180229,0.038231,0.139468,0.81603,0.02006,2000,0
0.142965,0.128876,0.125067,0.102689,0.206246,0.844676,0.052841,200,0
0.18036,0.256224,0.212459,0.02033,0.115804,0.749351,0.029152,500,0
0.072945,0.076767,0.042234,0.036291,0.070171,0.925684,0.009809,50,0
0.188033,0.104971,0.068161,0.070537,0.122988,0.851325,0.022629,10,0
0.121466,0.126129,0.078274,0.037993,0.079747,0.816597,0.011889,20,0
0.177139,0.184945,0.135934,0.015546,0.087043,0.84176,0.016865,200,0
0.146557,0.166988,0.245647,0.101916,0.186171,0.739905,0.029277,500,1
0.145158,0.151082,0.193913,0.073714,0.142903,0.784156,0.028549,20,1
0.113072,0.228054,0.24139,0.043132,0.09921,0.754668,0.014842,20,0
0.188275,0.102955,0.204622,0.184328,0.255637,0.817804,0.095041,20,0
0.147279,0.112843,0.149675,0.005922,0.116991,0.862951,0.01426,20,0
0.129162,0.145294,0.056795,0.007562,0.08011,0.875272,0.019398,50,0
0.177761,0.229013,0.245092,0.03888,0.098667,0.77504,0.02612,20,0
0.01175,0.076376,0.117165,0.0104,0.008428,0.902519,0.005632,2000,0
0.144377,0.171933,0.154822,0.120028,0.152669,0.829379,0.071491,200,1
0.069973,0.118177,0.068657,0.028543,0.074594,0.895694,0.002978,20,0
0.181197,0.22065,0.108691,0.049274,0.131393,0.797613,0.021367,100,0
0.104019,0.10308,0.167185,0.055079,0.106132,0.853626,0.032712,500,0
0.17458,0.236508,0.43825,0.077091,0.129524,0.678886,0.013002,500,1
0.164882,0.217236,0.125116,0.006067,0.168,0.768718,0.026899,500,0
0.178012,0.234172,0.09622,0.068177,0.160981,0.801554,0.018978,200,0
0.113831,0.134018,0.091832,0.058717,0.139195,0.848233,0.027777,100,0
0.113722,0.116664,0.108391,0.011667,0.035067,0.87213,0.021695,50,1
0.115543,0.108182,0.192831,0.057869,0.074962,0.848687,0.021489,50,0
0.18259,0.193076,0.208532,0.050707,0.13276,0.754488,0.034732,200,1
0.080281,0.104985,0.080265,0.007026,0.015426,0.846937,0.007188,100,0
0.090245,0.088576,0.094502,0.054623,0.111535,0.888711,0.037918,200,0
0.1398,0.147829,0.110793,0.009132,0.055326,0.873739,0.015775,200,0
0.110452,0.175501,0.143723,0.060667,0.098811,0.844405,0.025757,20,0
0.164011,0.19861,0.260772,0.031608,0.172282,0.753172,0.042212,2000,0
0.144936,0.149813,0.045431,0.054312,0.090307,0.861616,0.032315,50,0
0.072958,0.073947,0.028547,0.022143,0.033932,0.940583,0.00686,20,0
0.139447,0.15526,0.140569,0.129812,0.226434,0.857092,0.054121,200,1
0.141476,0.115118,0.105816,0.012749,0.089905,0.876226,0.024735,200,0
0.135233,0.169556,0.263879,0.036758,0.163215,0.73083,0.029524,200,0
0.160633,0.140707,0.03725,0.089512,0.12684,0.851254,0.022322,20,0
0.065931,0.087443,0.081629,0.025097,0.033557,0.92097,0.017431,50,0
0.1093,0.141204,0.152218,0.006845,0.044211,0.851599,0.012787,50,0
0.243783,0.124419,0.183064,0.015437,0.102782,0.730533,0.032432,50,0
0.147279,0.112843,0.149675,0.005922,0.116991,0.862951,0.01426,20,0
0.100173,0.087861,0.193857,0.018131,0.096452,0.875058,0.011432,50,0
0.152505,0.027305,0.183681,0.024053,0.061118,0.756521,0.020107,2000,0
0.241398,0.250895,0.225245,0.023121,0.108639,0.751847,0.042238,200,0
0.150065,0.137926,0.235137,0.082466,0.223476,0.724064,0.056697,200,1
0.120107,0.148926,0.164572,0.056225,0.085847,0.835728,0.004234,10,0
0.128043,0.177642,0.100793,0.018188,0.069755,0.852879,0.013685,100,0
0.155686,0.161191,0.048147,0.030786,0.079264,0.835516,0.00687,500,1
0.133334,0.117741,0.113279,0.10783,0.125607,0.865004,0.056704,10,1
0.181814,0.019081,0.188898,0.04854,0.062522,0.740686,0.01453,2000,0
0.080276,0.252219,0.100921,0.026917,0.063772,0.71651,0.014567,500,1
0.142457,0.15608,0.183309,0.159966,0.270128,0.833869,0.067986,50,1
0.192417,0.205798,0.111999,0.063279,0.142351,0.81124,0.046461,100,0
0.148277,0.164287,0.154361,0.066642,0.209973,0.821408,0.046475,200,0
0.090156,0.120423,0.178182,0.069372,0.1062,0.845187,0.021652,50,0
0.155329,0.189966,0.121502,0.07244,0.140953,0.850567,0.057021,20,0
0.040393,0.052198,0.113729,0.004444,0.008588,0.910796,0.006492,2000,0
0.145912,0.153827,0.143783,0.083304,0.157178,0.822337,0.033093,10,1
0.120893,0.115845,0.07136,0.127396,0.223724,0.883556,0.058922,50,1
0.171037,0.187965,0.141753,0.005693,0.120941,0.829218,0.046525,100,0
0.209327,0.25006,0.140331,0.027445,0.115388,0.784322,0.010444,50,0
0.232495,0.194507,0.080401,0.027298,0.079271,0.795466,0.019301,10,0
0.104532,0.16114,0.191314,0.072414,0.113183,0.821149,0.030102,100,0
0.148896,0.127273,0.124049,0.063895,0.155249,0.847505,0.022419,2000,0
0.115237,0.113461,0.105825,0.027452,0.094039,0.87461,0.004345,200,0
0.120324,0.139865,0.226409,0.079673,0.148353,0.739481,0.022115,50,1
0.13971,0.199204,0.129533,0.027539,0.084955,0.79415,0.004815,100,0
0.231276,0.263675,0.028345,0.040935,0.11892,0.750936,0.017283,20,0
0.260015,0.244169,0.154606,0.062643,0.164773,0.787369,0.04279,2000,0
0.1649,0.149801,0.134835,0.024771,0.109948,0.861893,0.007387,100,0
0.166757,0.159973,0.076335,0.018568,0.103816,0.817018,0.020759,10,0
0.24086,0.286067,0.061513,0.04208,0.1225,0.792165,0.023251,10,0
0.108399,0.140328,0.104531,0.059557,0.116139,0.829139,0.057273,200,0
0.105554,0.1622,0.192895,0.035097,0.101215,0.796259,0.028234,10,0
0.103345,0.087165,0.083266,0.017767,0.022762,0.899837,0.002288,20,0
0.175248,0.160336,0.04546,0.054966,0.140849,0.792408,0.022746,500,0
0.132393,0.194476,0.302897,0.106788,0.185108,0.749268,0.03502,10,1
0.188726,0.235861,0.077972,0.009321,0.091236,0.66976,0.013638,2000,0
0.171455,0.183237,0.19658,0.074444,0.155377,0.811971,0.004832,20,0
0.172669,0.148854,0.174304,0.021662,0.066054,0.813109,0.01272,50,0
0.239396,0.262968,0.286995,0.045857,0.117462,0.732275,0.021308,500,0
0.155205,0.118265,0.161899,0.1148,0.135262,0.851435,0.057169,20,1
0.141782,0.129094,0.03112,0.009982,0.018147,0.88272,0.003456,2000,0
0.105216,0.196091,0.24236,0.092485,0.174169,0.762234,0.044305,500,0
0.060348,0.102469,0.031382,0.009423,0.006342,0.900609,0.00279,500,0
0.135178,0.195991,0.147243,0.007606,0.083182,0.805974,0.02514,100,0
0.165641,0.183375,0.149187,0.161202,0.262128,0.831275,0.061136,100,0
0.162952,0.163331,0.118207,0.059706,0.12206,0.826671,0.02394,50,1
0.116079,0.215356,0.214785,0.025153,0.105131,0.769524,0.028699,10,0
0.137757,0.14097,0.042787,0.007068,0.087314,0.88063,0.02242,50,0
0.118133,0.066114,0.226556,0.079731,0.082181,0.806323,0.041404,50,0
0.101425,0.113256,0.146841,0.119127,0.148238,0.823492,0.044135,50,0
0.233859,0.207045,0.080235,0.051064,0.083668,0.771401,0.026734,10,0
0.12392,0.107713,0.155358,0.024334,0.108194,0.86844,0.023941,10,0
0.105518,0.137802,0.083743,0.009705,0.068429,0.876382,0.015621,20,0
0.127028,0.111762,0.152145,0.041133,0.078176,0.88481,0.028726,10,0
0.154009,0.164516,0.159295,0.038759,0.114811,0.823094,0.020458,10,0
0.145919,0.110572,0.205614,0.023057,0.096475,0.807227,0.023823,50,0
0.119644,0.185512,0.361485,0.054628,0.081791,0.707668,0.021112,50,1
0.039105,0.06924,0.060935,0.041492,0.047725,0.926878,0.024802,200,0
0.17328,0.199604,0.169335,0.030335,0.060589,0.814919,0.042941,20,1
0.091119,0.147004,0.125017,0.017031,0.058785,0.821282,0.013625,20,0
0.108765,0.168751,0.112433,0.008888,0.078972,0.851871,0.012563,20,0
0.084546,0.100697,0.080899,0.020866,0.034599,0.899283,0.020703,10,1
0.174067,0.206225,0.308722,0.048256,0.133255,0.731818,0.02623,20,1
0.074621,0.099202,0.116288,0.062937,0.090245,0.857068,0.027494,20,0
0.119337,0.119328,0.103343,0.014072,0.058731,0.888386,0.003987,500,1
0.075643,0.040329,0.118291,0.026627,0.018756,0.889056,0.010408,500,0
0.072932,0.05347,0.049828,0.055938,0.030522,0.895918,0.016091,10,0
0.212623,0.228177,0.183796,0.036109,0.081072,0.764198,0.028522,10,0
0.189527,0.148532,0.155332,0.055676,0.099849,0.788084,0.027991,10,0
0.114691,0.156885,0.219456,0.031467,0.094245,0.791077,0.036378,20,0
0.150851,0.157164,0.162538,0.067129,0.142089,0.794147,0.032831,200,1
0.167303,0.154947,0.132984,0.040969,0.12141,0.861852,0.003674,100,0
0.159735,0.139394,0.144563,0.087283,0.139336,0.837163,0.039227,500,0
0.146745,0.130621,0.111329,0.014903,0.100364,0.824552,0.015907,100,0
0.169249,0.182172,0.229972,0.077392,0.135733,0.766023,0.022789,500,1
0.15225,0.162015,0.175871,0.025396,0.106,0.838667,0.031906,50,0
0.135224,0.229665,0.17907,0.074861,0.145351,0.777892,0.031136,100,0
0.117272,0.086513,0.10404,0.031327,0.098182,0.879584,0.045991,20,0
0.15012,0.116048,0.161776,0.073587,0.101484,0.839196,0.049881,100,1
0.137282,0.124822,0.145164,0.0303,0.058962,0.846623,0.023095,50,1
0.094397,0.109175,0.12947,0.106314,0.089512,0.795828,0.022609,50,0
0.171344,0.24524,0.213847,0.064845,0.128221,0.777105,0.022131,100,0
0.137325,0.223507,0.173368,0.081271,0.139838,0.782136,0.032742,50,0
0.166831,0.213984,0.14173,0.008164,0.117284,0.836606,0.015326,2000,0
0.145437,0.142989,0.163752,0.155732,0.210593,0.823435,0.03715,100,0
0.108394,0.112622,0.130739,0.007218,0.124652,0.876771,0.022302,200,0
0.238239,0.293836,0.252922,0.008908,0.115823,0.743757,0.020936,20,0
0.156806,0.140611,0.090985,0.008422,0.170168,0.851733,0.021263,100,0
0.132557,0.158483,0.143442,0.023173,0.169127,0.84854,0.043277,20,0
0.118425,0.121851,0.123932,0.125873,0.141366,0.856703,0.063265,20,1
0.127665,0.141034,0.120553,0.043163,0.124089,0.79166,0.037088,500,0
0.074353,0.144131,0.123486,0.073983,0.162286,0.844684,0.032274,2000,1
0.155037,0.222785,0.14735,0.035419,0.164816,0.7597,0.015629,100,0
0.09433,0.137046,0.070383,0.016478,0.083905,0.866712,0.014114,50,0
0.176608,0.182157,0.144671,0.055794,0.178724,0.830823,0.051615,20,1
0.185263,0.167099,0.326817,0.006348,0.21985,0.669439,0.021313,20,1
0.143413,0.143265,0.294719,0.070742,0.16653,0.737772,0.027715,200,1
0.140671,0.167207,0.151267,0.023154,0.074842,0.822191,0.015961,10,0
0.125692,0.150316,0.156619,0.05734,0.130693,0.797751,0.025915,500,0
0.103393,0.099751,0.062284,0.028071,0.09078,0.901855,0.026986,100,0
0.134984,0.14621,0.03981,0.04734,0.118057,0.879281,0.031851,500,0
0.112119,0.1047,0.074678,0.045146,0.072795,0.851775,0.018454,50,0
0.124299,0.065738,0.088342,0.007306,0.086814,0.883909,0.011486,10,0
0.112067,0.166909,0.162243,0.028414,0.10974,0.798334,0.019537,500,0
0.150697,0.143987,0.116138,0.14526,0.282283,0.851561,0.081164,20,1
0.188904,0.163244,0.176477,0.118011,0.22767,0.830247,0.010625,2000,0
0.114071,0.11914,0.141516,0.070921,0.12905,0.832621,0.028831,200,0
0.168135,0.132103,0.173083,0.035185,0.127122,0.840668,0.050768,10,0
0.160481,0.158299,0.1582,0.044129,0.153769,0.837362,0.039164,500,0
0.116792,0.202971,0.14296,0.033258,0.069493,0.758832,0.012965,500,1
0.068138,0.200328,0.163871,0.037997,0.094981,0.78996,0.023297,2000,1
0.186366,0.189022,0.318567,0.073216,0.217446,0.687085,0.02567,20,1
0.123101,0.173661,0.213907,0.029115,0.119578,0.801732,0.039505,10,0
0.042954,0.059858,0.087649,0.038748,0.064693,0.921464,0.013121,50,0
0.111868,0.186602,0.282215,0.027811,0.061928,0.787044,0.029567,50,0
0.148448,0.094548,0.083257,0.02735,0.052447,0.869567,0.020223,10,0
0.163695,0.181251,0.232217,0.138685,0.307889,0.784073,0.076244,50,1
0.124964,0.131683,0.096082,0.018988,0.105433,0.874776,0.016925,50,0
0.100672,0.101356,0.060955,0.026348,0.072809,0.894394,0.012549,100,0
0.208697,0.171547,0.096286,0.023578,0.068462,0.820633,0.010617,10,0
0.096763,0.153496,0.071248,0.059911,0.085295,0.86295,0.027866,50,0
0.153381,0.141093,0.101735,0.040943,0.100199,0.83196,0.019684,100,0
0.181566,0.228377,0.324116,0.063453,0.137085,0.667198,0.024263,500,1
0.121706,0.101983,0.094207,0.085898,0.132472,0.884686,0.043787,20,0
0.136174,0.145242,0.138582,0.005793,0.078105,0.885047,0.016056,50,0
0.097861,0.130198,0.105428,0.00635,0.014092,0.868403,0.00483,500,0
0.207442,0.222671,0.365316,0.160065,0.213072,0.724859,0.04974,50,0
0.088598,0.207742,0.250569,0.117335,0.163615,0.78429,0.04428,100,0
0.15378,0.204068,0.075258,0.015444,0.029244,0.833555,0.012253,50,0
0.122323,0.160296,0.134582,0.033229,0.063635,0.810085,0.016782,500,1
0.116673,0.126997,0.187182,0.087436,0.118377,0.768075,0.017047,200,0
0.141639,0.222412,0.120487,0.087735,0.142646,0.800653,0.029699,2000,0
0.180874,0.200549,0.212438,0.064776,0.157225,0.811664,0.039499,2000,0
0.141396,0.141218,0.216217,0.073841,0.113921,0.757454,0.021224,20,1
0.142833,0.188861,0.187241,0.120373,0.166639,0.784884,0.044159,500,0
0.099657,0.095473,0.136818,0.01225,0.039787,0.802973,0.012743,500,1
0.19181,0.213061,0.043483,0.026184,0.04671,0.867385,0.009612,20,0
0.110817,0.165752,0.200815,0.045504,0.129843,0.789793,0.036047,20,0
0.192675,0.204,0.008308,0.010344,0.029848,0.832288,0.003551,20,0
0.159668,0.14506,0.035804,0.051972,0.078851,0.834054,0.019081,100,0
0.179648,0.187886,0.158766,0.024748,0.083293,0.760205,0.022471,500,0
0.166861,0.168667,0.064997,0.040059,0.096995,0.859905,0.023902,10,0
0.13593,0.148622,0.191181,0.018002,0.093171,0.843293,0.011914,500,0
0.107112,0.139017,0.042311,0.011154,0.10547,0.883485,0.01259,10,0
0.115094,0.164008,0.173883,0.025824,0.106414,0.825903,0.027202,2000,0
0.204325,0.224081,0.243199,0.039735,0.190006,0.753059,0.03254,2000,0
0.155203,0.170287,0.144516,0.055307,0.072527,0.845029,0.003896,100,0
0.08888,0.095986,0.081961,0.033543,0.08709,0.873033,0.031513,20,0
0.117715,0.127802,0.121968,0.013769,0.01455,0.881775,0.010533,500,0
0.139001,0.145768,0.168595,0.14559,0.302833,0.756627,0.087486,10,1
0.162939,0.140366,0.146275,0.037689,0.09142,0.829861,0.017919,10,0
0.166254,0.151168,0.156088,0.121571,0.125058,0.835791,0.051477,200,1
0.18159,0.203319,0.192706,0.02664,0.179355,0.71541,0.032589,50,1
0.154009,0.256698,0.070011,0.04773,0.08957,0.676156,0.011854,500,1
0.131176,0.191042,0.136202,0.028071,0.115284,0.828759,0.003357,50,0
0.129969,0.139892,0.181324,0.155321,0.288068,0.821576,0.075795,200,1
0.076543,0.08837,0.073295,0.055763,0.071221,0.900601,0.007159,50,1
0.062943,0.20141,0.157813,0.022734,0.018091,0.803486,0.005599,100,1
0.134639,0.126877,0.131491,0.089068,0.14956,0.861637,0.039376,20,0
0.13998,0.195642,0.208273,0.058555,0.1234,0.774293,0.029613,500,0
0.120884,0.18934,0.188389,0.028038,0.077723,0.834132,0.018994,10,0
0.157852,0.148748,0.188742,0.023602,0.047148,0.77818,0.01327,100,1
0.093577,0.218408,0.103016,0.014025,0.05994,0.767419,0.00747,500,1
0.181031,0.246952,0.155745,0.110935,0.174695,0.761887,0.037931,2000,1
0.126213,0.179681,0.247666,0.046497,0.077539,0.761134,0.018885,10,1
0.076692,0.124454,0.087827,0.017116,0.079824,0.857858,0.031665,20,0
0.083938,0.079819,0.07237,0.041691,0.077703,0.889898,0.018733,10,0
0.14463,0.159113,0.030915,0.036212,0.120205,0.836091,0.018708,200,0
0.13482,0.145759,0.111923,0.080546,0.206408,0.828455,0.06327,100,0
0.17987,0.2023,0.194617,0.072193,0.144709,0.791002,0.021519,50,0
0.077219,0.118218,0.022889,0.010084,0.022243,0.899123,0.011462,20,0
0.220559,0.261761,0.260004,0.069372,0.123273,0.751905,0.01592,50,0
0.126253,0.187037,0.134153,0.008983,0.052782,0.86994,0.010564,200,0
0.065796,0.133716,0.102289,0.034185,0.015667,0.829049,0.006943,10,1
0.161096,0.217312,0.319963,0.055095,0.097901,0.728457,0.02109,500,1
0.131461,0.101782,0.10877,0.015959,0.139605,0.875091,0.026459,500,0
0.308039,0.316879,0.225162,0.016658,0.057871,0.715977,0.009847,2000,0
0.171552,0.171225,0.226822,0.026569,0.123078,0.774679,0.024917,500,1
0.101935,0.103218,0.120208,0.029852,0.116808,0.870006,0.01794,200,0
0.12769,0.172185,0.151707,0.109081,0.159637,0.821247,0.035243,100,0
0.106292,0.213048,0.181007,0.051797,0.128753,0.779718,0.021583,200,0
0.121638,0.147799,0.142133,0.046994,0.112823,0.873985,0.005988,20,0
0.15701,0.206387,0.286601,0.066497,0.133465,0.736798,0.034631,100,1
0.133562,0.148946,0.138904,0.028857,0.064284,0.840529,0.011246,10,0
0.163257,0.146339,0.149702,0.080453,0.109902,0.812483,0.027391,10,0
0.096936,0.105944,0.110722,0.038952,0.095911,0.891408,0.037013,10,0
0.146771,0.242937,0.093807,0.012219,0.012796,0.786221,0.004303,2000,0
0.170724,0.135558,0.154324,0.134889,0.134075,0.83513,0.0586,200,1
0.10926,0.249085,0.234188,0.062642,0.10261,0.748014,0.018056,100,0
0.117367,0.175216,0.098614,0.03929,0.057508,0.827684,0.0,50,0
0.147704,0.165793,0.199722,0.13561,0.267183,0.798509,0.070623,10,1
0.189514,0.203868,0.165002,0.114362,0.229475,0.782647,0.060339,500,0
0.184122,0.214122,0.209255,0.057541,0.043551,0.770485,0.012153,20,0
0.189322,0.224702,0.104436,0.000772,0.027914,0.801478,0.008078,10,0
0.111251,0.203712,0.190083,0.06701,0.066101,0.791163,0.011439,100,0
0.151459,0.152916,0.147309,0.049938,0.119742,0.81811,0.036198,10,0
0.088241,0.103623,0.07681,0.008247,0.040272,0.885866,0.014348,10,0
0.034541,0.076724,0.105067,0.014386,0.011102,0.904498,0.00991,20,1
0.20078,0.131648,0.113179,0.052422,0.097587,0.793644,0.032034,50,0
0.145156,0.209139,0.221506,0.056888,0.131678,0.743163,0.018998,200,0
0.13918,0.179918,0.137945,0.017617,0.128369,0.829436,0.02611,20,0
0.15264,0.174581,0.186717,0.081948,0.146899,0.798005,0.02749,500,1
0.151225,0.222862,0.174709,0.074101,0.138491,0.796992,0.027981,10,0
0.147488,0.132144,0.248734,0.091676,0.155034,0.744901,0.02201,10,1
0.104561,0.060867,0.111216,0.070011,0.081566,0.885686,0.003396,200,0
0.122008,0.13112,0.089243,0.108824,0.109194,0.874793,0.046457,50,1
0.235267,0.280415,0.058362,0.060724,0.101859,0.777897,0.013932,500,0
0.066563,0.24642,0.192301,0.046811,0.094615,0.734453,0.031182,500,1
0.14266,0.121152,0.168663,0.018116,0.120626,0.866901,0.00274,20,0
0.11823,0.118708,0.143784,0.01323,0.078287,0.861747,0.036455,10,0
0.091328,0.091208,0.10619,0.016546,0.077565,0.88395,0.026571,10,0
0.255533,0.273664,0.106493,0.025727,0.101306,0.771892,0.017337,200,0
0.199377,0.217163,0.177164,0.141858,0.198043,0.765501,0.054129,500,0
0.122755,0.123279,0.188414,0.070171,0.147885,0.819518,0.028109,50,1
0.205192,0.273203,0.268338,0.068776,0.254072,0.739091,0.089136,10,0
0.141721,0.164989,0.181712,0.114351,0.150863,0.806125,0.036536,500,0
0.138331,0.156531,0.101003,0.004714,0.101747,0.875277,0.03599,50,0
0.129637,0.156597,0.118532,0.013612,0.075545,0.827292,0.022352,50,0
0.188796,0.184648,0.153145,0.106388,0.219841,0.826548,0.039292,10,0
0.202043,0.221607,0.071089,0.034798,0.098268,0.787738,0.014734,500,0
0.185083,0.174964,0.285179,0.016845,0.085093,0.76642,0.032447,200,0
0.168991,0.172812,0.006386,0.021963,0.082626,0.858257,0.004455,20,0
0.099969,0.142815,0.124873,0.05313,0.096198,0.845908,0.02038,10,0
0.123192,0.150628,0.124938,0.116628,0.13086,0.851542,0.051186,10,1
0.19166,0.164172,0.083725,0.067881,0.111496,0.795675,0.041872,50,0
0.183355,0.157629,0.196017,0.015871,0.111383,0.820995,0.02497,200,0
0.144666,0.205473,0.181585,0.105224,0.273682,0.79055,0.027993,100,0
0.20157,0.145772,0.033198,0.085455,0.107543,0.799791,0.023289,100,0
0.183391,0.183153,0.24584,0.03797,0.191704,0.729077,0.025041,50,1
0.202062,0.233345,0.174585,0.075284,0.139778,0.775068,0.029553,10,0
0.14581,0.154109,0.030269,0.017522,0.026655,0.880259,0.015541,500,1
0.171694,0.184116,0.178778,0.15023,0.271453,0.797626,0.06549,2000,1
0.145076,0.115291,0.110948,0.098862,0.149437,0.809671,0.021254,100,0
0.227205,0.180896,0.146661,0.030271,0.087364,0.724782,0.016745,10,0
0.137668,0.148661,0.119499,0.054123,0.11055,0.839908,0.033499,20,0
0.142244,0.150419,0.155004,0.150747,0.287505,0.841296,0.075609,100,1
0.133992,0.188988,0.03376,0.03142,0.131807,0.795428,0.031911,100,0
0.148254,0.13628,0.110124,0.052303,0.12295,0.854223,0.054678,20,0
0.192336,0.208084,0.08056,0.040266,0.088887,0.784138,0.01596,50,0
0.157091,0.139901,0.105181,0.045876,0.111552,0.842981,0.026195,20,1
0.176313,0.175299,0.195802,0.031613,0.084058,0.822568,0.042317,200,1
0.128511,0.129804,0.089479,0.058377,0.124695,0.852631,0.030645,10,0
0.190937,0.2085,0.131488,0.002736,0.131822,0.826393,0.024596,10,0
0.073606,0.088333,0.055459,0.011045,0.061653,0.863005,0.008194,100,0
0.1512,0.204115,0.190824,0.01941,0.17654,0.79138,0.024135,500,1
0.181634,0.274294,0.149401,0.028425,0.12133,0.754362,0.02712,200,0
0.149671,0.183956,0.200302,0.00622,0.119479,0.745663,0.019926,500,1
0.26071,0.262089,0.216507,0.027331,0.10004,0.76504,0.030019,200,0
0.098624,0.09734,0.085096,0.021089,0.054461,0.896515,0.020775,10,0
0.114081,0.10719,0.132317,0.040938,0.063623,0.885312,0.030797,10,0
0.129028,0.183529,0.088386,0.046141,0.089601,0.770444,0.02519,500,0
0.170879,0.188976,0.154629,0.087776,0.187859,0.801241,0.043567,10,1
0.14656,0.16627,0.131654,0.048435,0.050388,0.847554,0.009918,10,0
0.174237,0.095821,0.147179,0.033641,0.098384,0.833314,0.008005,20,0
0.169943,0.114072,0.233761,0.057628,0.105787,0.769499,0.032326,10,0
0.182012,0.191926,0.289146,0.062581,0.196095,0.701465,0.024221,50,1
0.138931,0.167111,0.158282,0.08186,0.206282,0.825857,0.020941,100,0
0.041557,0.043484,0.025103,0.006269,0.009549,0.911475,0.006326,10,1
0.110586,0.101782,0.096718,0.042963,0.066621,0.798613,0.015754,200,0
0.090768,0.185906,0.164362,0.00801,0.055217,0.796749,0.015524,500,1
0.16506,0.191009,0.246253,0.079007,0.201002,0.779228,0.064913,500,0
0.114144,0.101985,0.074177,0.041977,0.0341,0.894228,0.013019,20,0
0.133609,0.149475,0.16546,0.04993,0.126688,0.833692,0.019874,50,1
0.164349,0.134932,0.144646,0.034529,0.041092,0.847183,0.017898,500,1
0.156317,0.211711,0.046328,0.050237,0.090358,0.796022,0.012608,10,0
0.174183,0.219342,0.17726,0.090134,0.113733,0.806104,0.053783,200,1
0.209305,0.180177,0.078266,0.025059,0.065582,0.826944,0.011337,2000,0
0.18471,0.174439,0.156188,0.062063,0.198335,0.841315,0.059928,10,0
0.144712,0.136209,0.369226,0.005741,0.152611,0.664264,0.024605,20,1
0.163882,0.231953,0.179996,0.041039,0.150822,0.80222,0.031078,50,0
0.204823,0.198903,0.161238,0.018975,0.172956,0.825731,0.035558,2000,0
0.115139,0.120677,0.070904,0.041893,0.100032,0.899464,0.02237,100,0
0.147885,0.129896,0.125076,0.01239,0.144822,0.855906,0.004906,200,0
0.181862,0.196327,0.210364,0.170009,0.305879,0.802523,0.074066,500,1
0.289948,0.106416,0.188405,0.023307,0.094261,0.757223,0.030858,50,0
0.14923,0.128695,0.23558,0.003513,0.142315,0.778437,0.019941,20,1
0.163077,0.218121,0.052007,0.019875,0.088898,0.835198,0.016933,10,0
0.164727,0.158014,0.162094,0.061094,0.126733,0.784712,0.04428,2000,1
0.227565,0.250076,0.118309,0.047078,0.099875,0.772224,0.022144,200,0
0.231897,0.220834,0.215304,0.164963,0.29254,0.774107,0.111995,20,0
0.155716,0.31443,0.026857,0.054827,0.10167,0.674158,0.01417,50,0
0.142118,0.214778,0.067728,0.033852,0.120166,0.772138,0.020746,200,0
0.120835,0.138968,0.143761,0.042628,0.076998,0.840866,0.015403,500,1
0.092211,0.117715,0.118009,0.00758,0.044128,0.879343,0.015538,10,0
0.141959,0.117872,0.148495,0.175873,0.23295,0.831682,0.051035,2000,0
0.13888,0.138981,0.221594,0.058529,0.114352,0.771792,0.029452,500,0
0.10593,0.106324,0.118165,0.006739,0.080189,0.901512,0.007362,200,0
0.104074,0.131089,0.060701,0.013401,0.033435,0.866726,0.012282,10,0
0.150771,0.149218,0.144616,0.070461,0.16385,0.815783,0.028185,500,0
0.099443,0.094486,0.10074,0.046216,0.054726,0.898352,0.002879,20,0
0.14173,0.112889,0.07334,0.035001,0.081989,0.840187,0.019902,100,0
0.133951,0.103107,0.1093,0.022078,0.10224,0.869356,0.029624,20,0
0.141038,0.192922,0.320438,0.046645,0.073823,0.700239,0.015775,200,1
0.129587,0.136747,0.208237,0.145428,0.329219,0.784256,0.081084,50,1
0.136822,0.186588,0.144588,0.044273,0.134703,0.765602,0.032855,200,0
0.105239,0.143181,0.129186,0.044787,0.062194,0.849223,0.022787,2000,1
0.112665,0.057208,0.077736,0.076066,0.088586,0.886515,0.04164,500,1
0.135046,0.17121,0.21508,0.047106,0.093964,0.767285,0.015609,20,1
0.164796,0.184673,0.149397,0.020709,0.141693,0.819766,0.006478,20,0
0.143894,0.169191,0.129763,0.019696,0.08389,0.830351,0.02219,50,0
0.041035,0.042959,0.095143,0.017581,0.026651,0.920935,0.006743,2000,0
0.171063,0.203871,0.194194,0.105979,0.195274,0.787959,0.053223,2000,1
0.129013,0.158146,0.111408,0.008459,0.036109,0.850581,0.016341,500,1
0.193717,0.160807,0.234205,0.015395,0.112324,0.817424,0.010535,200,0
0.102692,0.134142,0.099351,0.023472,0.104488,0.884361,0.018713,200,0
0.133285,0.094463,0.12495,0.081842,0.058769,0.815866,0.017963,200,1
0.122092,0.249084,0.263731,0.046569,0.099068,0.728155,0.010385,50,0
0.105114,0.097315,0.125812,0.0156,0.069065,0.87654,0.018044,20,0
0.186751,0.127961,0.205854,0.050868,0.116954,0.815894,0.042141,500,0
0.163453,0.147115,0.165375,0.083782,0.114427,0.740133,0.051156,100,1
0.151045,0.086839,0.102995,0.048843,0.10541,0.851731,0.022218,500,0
0.110663,0.106428,0.086607,0.051371,0.06008,0.885125,0.024384,20,0
0.155697,0.132644,0.215112,0.138512,0.252933,0.751562,0.059149,20,1
0.157123,0.174771,0.310479,0.081427,0.17794,0.73611,0.032041,200,1
0.09976,0.11369,0.070787,0.029148,0.045361,0.899487,0.021914,20,0
0.198699,0.229478,0.128794,0.020325,0.138897,0.758819,0.02535,200,0
0.14319,0.200417,0.195328,0.02193,0.088425,0.777404,0.021768,200,0
0.122823,0.179338,0.190709,0.052504,0.14163,0.819013,0.036275,2000,0
0.17546,0.188132,0.163355,0.044905,0.046654,0.798636,0.021154,500,1
0.108068,0.085442,0.203601,0.05621,0.038965,0.849797,0.00993,500,1
0.101481,0.105938,0.07029,0.02864,0.072844,0.903966,0.010022,200,0
0.151815,0.115883,0.028969,0.035646,0.125366,0.749828,0.023026,200,0
0.225592,0.150574,0.017568,0.011094,0.10612,0.806941,0.016242,10,0
0.147487,0.178218,0.226353,0.161808,0.306501,0.795381,0.086394,100,1
0.123957,0.135726,0.142871,0.142793,0.252243,0.862303,0.064063,20,1
0.137509,0.127037,0.136107,0.028946,0.070051,0.880304,0.002846,200,0
0.1131,0.133318,0.080656,0.010036,0.009503,0.868205,0.012847,20,0
0.14753,0.150453,0.076652,0.060618,0.045053,0.847217,0.029441,10,0
0.123856,0.107113,0.188068,0.024703,0.012614,0.876294,0.004609,50,0
0.158817,0.20637,0.263342,0.125323,0.26547,0.745733,0.065164,200,1
0.132447,0.131153,0.117242,0.046594,0.098547,0.871963,0.016066,2000,0
0.089946,0.146103,0.170594,0.072935,0.152281,0.802888,0.070115,20,0
0.158161,0.157159,0.163192,0.011331,0.103085,0.816418,0.015063,50,0
0.126845,0.118317,0.011256,0.060118,0.058189,0.854137,0.020249,20,0
0.134983,0.132545,0.162295,0.061696,0.083205,0.829813,0.012495,50,0
0.17701,0.105247,0.031997,0.047245,0.06809,0.796236,0.012863,500,0
0.193403,0.166809,0.232679,0.079263,0.111908,0.736956,0.01925,10,0
0.157873,0.190415,0.213646,0.012633,0.103278,0.806531,0.008624,20,0
0.143928,0.145284,0.148172,0.13509,0.24988,0.829833,0.063419,10,1
0.149359,0.113578,0.149485,0.016771,0.060354,0.849081,0.014327,50,1
0.112264,0.096327,0.172935,0.017762,0.087098,0.830185,0.013356,500,0
0.113247,0.13324,0.112999,0.114568,0.135244,0.881047,0.061251,10,1
0.181176,0.20144,0.203946,0.08765,0.188496,0.789151,0.042703,500,1
0.150316,0.165073,0.118232,0.023183,0.088239,0.857097,0.014166,50,0
0.112146,0.138875,0.085992,0.04744,0.107151,0.873179,0.021515,2000,0
0.097659,0.081843,0.108065,0.008104,0.06398,0.908041,0.003479,50,0
0.218213,0.230928,0.015138,0.03252,0.110772,0.676473,0.021939,10,0
0.101968,0.107896,0.100051,0.026989,0.020851,0.894522,0.012874,20,0
0.09389,0.084368,0.070833,0.02344,0.075661,0.919709,0.019356,100,0
0.139611,0.144499,0.272463,0.082494,0.148481,0.758199,0.052484,2000,1
0.262984,0.327498,0.05528,0.02149,0.008943,0.715235,0.010028,500,0
0.148105,0.129198,0.136805,0.041364,0.115348,0.84485,0.015987,500,0
0.106848,0.157767,0.099009,0.0372,0.043751,0.823208,0.013536,100,0
0.168066,0.171666,0.232073,0.050029,0.19711,0.7835,0.029488,20,1
0.183286,0.172793,0.189301,0.015477,0.083418,0.832999,0.007069,20,0
0.139705,0.133349,0.124679,0.04468,0.08376,0.837934,0.007988,10,0
0.174124,0.184155,0.112584,0.08226,0.117401,0.830937,0.031757,200,0
0.131032,0.160156,0.198259,0.03193,0.106014,0.805093,0.029389,20,0
0.083463,0.145734,0.107414,0.064889,0.101089,0.869385,0.028988,10,0
0.131454,0.192367,0.191394,0.043107,0.105877,0.785878,0.033675,20,0
0.117962,0.161039,0.137772,0.016058,0.115516,0.79518,0.020717,20,0
0.126936,0.137948,0.129224,0.010741,0.13241,0.846463,0.042379,500,0
0.141466,0.157229,0.15087,0.159635,0.310866,0.804707,0.089309,10,1
0.140363,0.141834,0.095887,0.046692,0.101227,0.854204,0.030387,10,0
0.178941,0.186146,0.171993,0.148759,0.286279,0.7919,0.079031,200,1
0.068914,0.060297,0.067973,0.029857,0.052384,0.933859,0.025911,20,0
0.10335,0.111545,0.10575,0.019058,0.096574,0.884186,0.008773,50,0
0.141607,0.117744,0.123804,0.004957,0.103132,0.866848,0.021864,100,0
